id_comanda,data_comanda,oras,id_restaurant,produse,nr_produse,valoare_produse,cost_livrare,timp_livrare_min,metoda_plata,rating_client,client_nou,luna,zi_saptamana,ora,valoare_totala,nume_restaurant,tip_bucatarie,rating_restaurant,categorie_comanda,zi_saptamana_nume,categorie_livrare
100001,2025-01-01 15:25:00,București,18,['shaorma medie'],1,24.0,9.99,30.0,Card,5.0,True,1,2,15,33.99,Kebab Istanbul,Fast-food,4.1,Mica,Miercuri,Rapida (≤30 min)
100002,2025-01-01 19:41:00,Brașov,18,"['shaorma mare', 'falafel wrap', 'cartofi prăjiți', 'ayran']",4,73.0,12.99,22.0,Card,4.2676493405740885,False,1,2,19,85.99,Kebab Istanbul,Fast-food,4.1,Medie,Miercuri,Rapida (≤30 min)
100003,2025-01-01 20:19:00,București,7,"['pad thai', 'supă miso', 'noodles cu pui']",3,92.0,7.99,47.0,Cash,4.2676493405740885,False,1,2,20,99.99,Sushi Zen,Asiatic,4.5,Medie,Miercuri,Lenta (>45 min)
100004,2025-01-02 10:25:00,București,18,"['shaorma medie', 'shaorma mare', 'falafel wrap']",3,78.0,9.99,29.0,Card,4.0,True,1,3,10,87.99,Kebab Istanbul,Fast-food,4.1,Medie,Joi,Rapida (≤30 min)
100005,2025-01-02 13:56:00,Timișoara,18,"['shaorma medie', 'shaorma mare', 'ayran']",3,60.0,9.99,29.0,Card,5.0,False,1,3,13,69.99,Kebab Istanbul,Fast-food,4.1,Medie,Joi,Rapida (≤30 min)
100006,2025-01-02 16:19:00,București,4,['cola'],1,8.0,7.99,42.0,Card,3.0,False,1,3,16,15.99,Burger Point,Burgeri,4.4,Mica,Joi,Normala (31–45 min)
100007,2025-01-02 21:36:00,București,18,"['cartofi prăjiți', 'shaorma medie']",2,36.0,7.99,38.0,Card,4.0,True,1,3,21,43.99,Kebab Istanbul,Fast-food,4.1,Mica,Joi,Normala (31–45 min)
100008,2025-01-02 21:44:00,Cluj-Napoca,6,"['burger clasic', 'cola']",2,42.0,7.99,26.0,Card,4.2676493405740885,False,1,3,21,49.99,Grill House,Burgeri,4.0,Mica,Joi,Rapida (≤30 min)
100009,2025-01-03 11:00:00,București,9,"['noodles cu pui', 'sushi mix 16 buc']",2,101.0,0.0,27.0,Cash,5.0,True,1,4,11,101.0,Bangkok Street,Asiatic,4.2,Mare,Vineri,Rapida (≤30 min)
100010,2025-01-03 13:05:00,București,3,['pizza quattro formaggi'],1,42.0,9.99,38.0,Card,5.0,True,1,4,13,51.99,Pizzeria Vesuvio,Pizza,4.1,Mica,Vineri,Normala (31–45 min)
100011,2025-01-03 14:41:00,Cluj-Napoca,9,"['supă miso', 'pad thai', 'california roll']",3,94.0,9.99,26.0,Card,5.0,False,1,4,14,103.99,Bangkok Street,Asiatic,4.2,Medie,Vineri,Rapida (≤30 min)
100012,2025-01-03 14:44:00,București,1,['focaccia'],1,18.0,9.99,28.0,Card,5.0,False,1,4,14,27.990000000000002,Pizza Napoli,Pizza,4.6,Mica,Vineri,Rapida (≤30 min)
100013,2025-01-03 15:24:00,Timișoara,12,"['șnițel cu piure', 'limonadă', 'sarmale cu mămăligă', 'ciorbă de burtă']",4,108.0,0.0,32.0,Card,4.0,True,1,4,15,108.0,Hanul Bunicii,Tradițional,4.3,Mare,Vineri,Normala (31–45 min)
100014,2025-01-03 19:31:00,București,2,"['tiramisu', 'pizza quattro formaggi', 'pizza margherita', 'pizza capricciosa']",4,134.0,0.0,42.0,Card,4.2676493405740885,True,1,4,19,134.0,Forno Rustico,Pizza,4.3,Mare,Vineri,Normala (31–45 min)
100015,2025-01-04 10:32:00,București,9,"['noodles cu pui', 'sushi mix 16 buc', 'supă miso', 'california roll']",4,154.0,0.0,20.0,Cash,5.0,True,1,5,10,154.0,Bangkok Street,Asiatic,4.2,Mare,Sambata,Rapida (≤30 min)
100016,2025-01-04 19:07:00,Cluj-Napoca,18,['kebab la farfurie'],1,35.0,12.99,16.0,Card,5.0,True,1,5,19,47.99,Kebab Istanbul,Fast-food,4.1,Mica,Sambata,Rapida (≤30 min)
100017,2025-01-04 20:03:00,Cluj-Napoca,10,"['sarmale cu mămăligă', 'papanași', 'șnițel cu piure']",3,98.0,12.99,32.0,Card,4.0,False,1,5,20,110.99,La Mama Acasă,Tradițional,4.8,Medie,Sambata,Normala (31–45 min)
100018,2025-01-04 21:16:00,București,2,"['pizza margherita', 'tiramisu', 'pizza quattro formaggi']",3,93.0,12.99,49.0,Card,3.0,False,1,5,21,105.99,Forno Rustico,Pizza,4.3,Medie,Sambata,Lenta (>45 min)
100019,2025-01-04 22:49:00,București,4,"['cheeseburger', 'burger bbq', 'burger clasic']",3,113.0,0.0,38.0,Card,3.0,False,1,5,22,113.0,Burger Point,Burgeri,4.4,Mare,Sambata,Normala (31–45 min)
100020,2025-01-04 23:57:00,București,3,"['pizza diavola', 'cola']",2,47.0,7.99,21.0,Cash,5.0,True,1,5,23,54.99,Pizzeria Vesuvio,Pizza,4.1,Mica,Sambata,Rapida (≤30 min)
100021,2025-01-05 16:04:00,București,10,"['sarmale cu mămăligă', 'șnițel cu piure']",2,74.0,9.99,43.0,Card,4.0,False,1,6,16,83.99,La Mama Acasă,Tradițional,4.8,Medie,Duminica,Normala (31–45 min)
100023,2025-01-05 18:55:00,București,2,"['pizza quattro formaggi', 'pizza margherita']",2,74.0,9.99,30.0,Card,5.0,False,1,6,18,83.99,Forno Rustico,Pizza,4.3,Medie,Duminica,Rapida (≤30 min)
100024,2025-01-05 18:59:00,București,18,"['cartofi prăjiți', 'ayran', 'kebab la farfurie', 'shaorma medie']",4,78.0,9.99,20.0,Cash,4.0,False,1,6,18,87.99,Kebab Istanbul,Fast-food,4.1,Medie,Duminica,Rapida (≤30 min)
100025,2025-01-05 19:18:00,București,12,['șnițel cu piure'],1,38.0,7.99,36.0,Card,5.0,False,1,6,19,45.99,Hanul Bunicii,Tradițional,4.3,Mica,Duminica,Normala (31–45 min)
100026,2025-01-05 23:50:00,București,17,"['falafel wrap', 'cartofi prăjiți']",2,37.0,7.99,46.0,Card,2.0,False,1,6,23,44.99,Shaorma King,Fast-food,3.9,Mica,Duminica,Lenta (>45 min)
100027,2025-01-06 14:31:00,Cluj-Napoca,1,"['pizza capricciosa', 'tiramisu']",2,60.0,9.99,18.0,Card,4.0,False,1,0,14,69.99,Pizza Napoli,Pizza,4.6,Medie,Luni,Rapida (≤30 min)
100028,2025-01-06 19:38:00,București,18,"['kebab la farfurie', 'cartofi prăjiți']",2,47.0,12.99,38.0,Card,4.2676493405740885,False,1,0,19,59.99,Kebab Istanbul,Fast-food,4.1,Mica,Luni,Normala (31–45 min)
100029,2025-01-06 19:57:00,Cluj-Napoca,9,['sushi mix 16 buc'],1,65.0,9.99,35.0,Cash,4.2676493405740885,False,1,0,19,74.99,Bangkok Street,Asiatic,4.2,Medie,Luni,Normala (31–45 min)
100030,2025-01-06 21:07:00,Timișoara,2,"['focaccia', 'pizza diavola', 'pizza margherita']",3,89.0,12.99,33.0,Cash,4.0,True,1,0,21,101.99,Forno Rustico,Pizza,4.3,Medie,Luni,Normala (31–45 min)
100031,2025-01-06 21:57:00,Brașov,16,"['papanași', 'clătite cu ciocolată']",2,45.0,9.99,27.0,Card,5.0,True,1,0,21,54.99,Waffle Time,Desert,4.2,Mica,Luni,Rapida (≤30 min)
100032,2025-01-06 22:45:00,Brașov,1,['pizza margherita'],1,32.0,7.99,14.0,Card,4.2676493405740885,False,1,0,22,39.99,Pizza Napoli,Pizza,4.6,Mica,Luni,Rapida (≤30 min)
100033,2025-01-07 12:08:00,București,6,"['cola', 'onion rings', 'milkshake', 'cheeseburger']",4,76.0,12.99,38.0,Card,4.2676493405740885,False,1,1,12,88.99,Grill House,Burgeri,4.0,Medie,Marti,Normala (31–45 min)
100034,2025-01-07 14:23:00,București,18,['ayran'],1,7.0,9.99,31.0,Card,4.2676493405740885,False,1,1,14,16.990000000000002,Kebab Istanbul,Fast-food,4.1,Mica,Marti,Normala (31–45 min)
100035,2025-01-07 19:45:00,Iași,16,"['cheesecake', 'clătite cu ciocolată', 'înghețată']",3,59.0,7.99,34.0,Card,4.2676493405740885,True,1,1,19,66.99,Waffle Time,Desert,4.2,Medie,Marti,Normala (31–45 min)
100036,2025-01-08 13:17:00,București,6,['milkshake'],1,17.0,9.99,43.0,Card,4.0,False,1,2,13,26.990000000000002,Grill House,Burgeri,4.0,Mica,Miercuri,Normala (31–45 min)
100037,2025-01-08 19:51:00,București,5,"['cola', 'burger clasic']",2,42.0,9.99,44.0,Card,4.2676493405740885,False,1,2,19,51.99,Smash Bros Burgers,Burgeri,4.7,Mica,Miercuri,Normala (31–45 min)
100038,2025-01-08 20:25:00,Iași,17,"['shaorma mare', 'kebab la farfurie', 'ayran']",3,71.0,9.99,40.0,Card,4.2676493405740885,False,1,2,20,80.99,Shaorma King,Fast-food,3.9,Medie,Miercuri,Normala (31–45 min)
100039,2025-01-08 20:37:00,Cluj-Napoca,10,"['ciorbă de burtă', 'sarmale cu mămăligă', 'mici cu muștar (5 buc)', 'șnițel cu piure']",4,126.0,0.0,35.0,Card,5.0,False,1,2,20,126.0,La Mama Acasă,Tradițional,4.8,Mare,Miercuri,Normala (31–45 min)
100040,2025-01-08 23:11:00,Iași,11,['mici cu muștar (5 buc)'],1,30.0,9.99,20.0,Card,5.0,False,1,2,23,39.99,Ciorbe și Plăcinte,Tradițional,4.4,Mica,Miercuri,Rapida (≤30 min)
100041,2025-01-09 14:51:00,Cluj-Napoca,10,"['mici cu muștar (5 buc)', 'papanași', 'șnițel cu piure']",3,92.0,7.99,24.0,Card,4.0,False,1,3,14,99.99,La Mama Acasă,Tradițional,4.8,Medie,Joi,Rapida (≤30 min)
100042,2025-01-09 18:32:00,București,12,"['ciorbă de burtă', 'limonadă', 'mici cu muștar (5 buc)']",3,64.0,9.99,28.0,Card,4.0,False,1,3,18,73.99,Hanul Bunicii,Tradițional,4.3,Medie,Joi,Rapida (≤30 min)
100043,2025-01-09 18:46:00,București,16,"['înghețată', 'papanași']",2,39.0,7.99,26.0,Card,5.0,False,1,3,18,46.99,Waffle Time,Desert,4.2,Mica,Joi,Rapida (≤30 min)
100044,2025-01-09 19:26:00,Cluj-Napoca,13,"['wrap cu pui', 'bowl cu somon', 'salată caesar', 'apă plată']",4,119.0,0.0,26.0,Cash,4.2676493405740885,False,1,3,19,119.0,Green Bowl,Healthy,4.5,Mare,Joi,Rapida (≤30 min)
100045,2025-01-10 12:41:00,Timișoara,16,"['clătite cu ciocolată', 'cheesecake', 'waffle cu fructe']",3,70.0,7.99,26.0,Card,4.2676493405740885,False,1,4,12,77.99,Waffle Time,Desert,4.2,Medie,Vineri,Rapida (≤30 min)
100046,2025-01-10 14:51:00,Iași,9,"['supă miso', 'sushi mix 16 buc']",2,80.0,9.99,20.0,Cash,4.0,True,1,4,14,89.99,Bangkok Street,Asiatic,4.2,Medie,Vineri,Rapida (≤30 min)
100047,2025-01-10 15:04:00,București,15,"['clătite cu ciocolată', 'cheesecake']",2,44.0,12.99,27.0,Card,5.0,True,1,4,15,56.99,Dulce Cofetărie,Desert,4.6,Mica,Vineri,Rapida (≤30 min)
100048,2025-01-10 16:38:00,Cluj-Napoca,8,['supă miso'],1,15.0,7.99,33.0,Card,4.0,True,1,4,16,22.990000000000002,Wok Express,Asiatic,4.0,Mica,Vineri,Normala (31–45 min)
100049,2025-01-10 19:54:00,Cluj-Napoca,1,"['pizza quattro formaggi', 'focaccia']",2,60.0,9.99,34.0,Card,4.2676493405740885,False,1,4,19,69.99,Pizza Napoli,Pizza,4.6,Medie,Vineri,Normala (31–45 min)
100050,2025-01-10 19:57:00,Cluj-Napoca,18,"['cartofi prăjiți', 'kebab la farfurie']",2,47.0,12.99,41.0,Card,4.0,False,1,4,19,59.99,Kebab Istanbul,Fast-food,4.1,Mica,Vineri,Normala (31–45 min)
100051,2025-01-10 21:13:00,Cluj-Napoca,3,"['pizza capricciosa', 'tiramisu']",2,60.0,7.99,41.0,Cash,4.0,True,1,4,21,67.99,Pizzeria Vesuvio,Pizza,4.1,Medie,Vineri,Normala (31–45 min)
100052,2025-01-11 13:41:00,București,3,"['pizza margherita', 'pizza capricciosa', 'focaccia']",3,91.0,9.99,37.0,Cash,4.2676493405740885,False,1,5,13,100.99,Pizzeria Vesuvio,Pizza,4.1,Medie,Sambata,Normala (31–45 min)
100053,2025-01-11 17:52:00,Iași,2,['pizza capricciosa'],1,41.0,9.99,17.0,Card,4.0,False,1,5,17,50.99,Forno Rustico,Pizza,4.3,Mica,Sambata,Rapida (≤30 min)
100054,2025-01-11 19:11:00,Iași,6,['cola'],1,8.0,7.99,33.0,Card,5.0,False,1,5,19,15.99,Grill House,Burgeri,4.0,Mica,Sambata,Normala (31–45 min)
100055,2025-01-11 21:18:00,București,9,"['ceai verde', 'noodles cu pui']",2,45.0,7.99,45.0,Card,4.2676493405740885,False,1,5,21,52.99,Bangkok Street,Asiatic,4.2,Mica,Sambata,Normala (31–45 min)
100056,2025-01-11 23:30:00,București,2,['tiramisu'],1,19.0,12.99,30.0,Card,4.0,False,1,5,23,31.990000000000002,Forno Rustico,Pizza,4.3,Mica,Sambata,Rapida (≤30 min)
100057,2025-01-11 23:56:00,București,9,"['california roll', 'supă miso', 'ceai verde']",3,62.0,7.99,34.0,Cash,4.0,False,1,5,23,69.99,Bangkok Street,Asiatic,4.2,Medie,Sambata,Normala (31–45 min)
100058,2025-01-12 12:27:00,Iași,18,['kebab la farfurie'],1,35.0,9.99,34.0,Card,4.2676493405740885,False,1,6,12,44.99,Kebab Istanbul,Fast-food,4.1,Mica,Duminica,Normala (31–45 min)
100059,2025-01-12 14:42:00,Cluj-Napoca,5,"['burger bbq', 'onion rings']",2,56.0,9.99,32.0,Card,4.0,False,1,6,14,65.99,Smash Bros Burgers,Burgeri,4.7,Medie,Duminica,Normala (31–45 min)
100060,2025-01-12 14:46:00,Cluj-Napoca,10,"['papanași', 'mici cu muștar (5 buc)']",2,54.0,12.99,21.0,Card,4.0,False,1,6,14,66.99,La Mama Acasă,Tradițional,4.8,Medie,Duminica,Rapida (≤30 min)
100061,2025-01-12 17:18:00,Iași,2,['pizza quattro formaggi'],1,42.0,12.99,18.0,Card,4.2676493405740885,False,1,6,17,54.99,Forno Rustico,Pizza,4.3,Mica,Duminica,Rapida (≤30 min)
100062,2025-01-13 10:04:00,București,10,"['ciorbă de burtă', 'șnițel cu piure']",2,60.0,12.99,57.0,Card,4.2676493405740885,False,1,0,10,72.99,La Mama Acasă,Tradițional,4.8,Medie,Luni,Lenta (>45 min)
100063,2025-01-13 12:06:00,Cluj-Napoca,4,"['burger clasic', 'cola', 'burger bbq']",3,84.0,7.99,19.0,Card,5.0,False,1,0,12,91.99,Burger Point,Burgeri,4.4,Medie,Luni,Rapida (≤30 min)
100064,2025-01-13 14:57:00,Timișoara,8,"['noodles cu pui', 'supă miso']",2,51.0,9.99,26.0,Card,4.2676493405740885,True,1,0,14,60.99,Wok Express,Asiatic,4.0,Medie,Luni,Rapida (≤30 min)
100065,2025-01-13 18:02:00,București,10,"['sarmale cu mămăligă', 'ciorbă de burtă']",2,58.0,12.99,31.518537859007832,Card,3.0,False,1,0,18,70.99,La Mama Acasă,Tradițional,4.8,Medie,Luni,Normala (31–45 min)
100066,2025-01-13 19:18:00,Cluj-Napoca,9,['ceai verde'],1,9.0,9.99,32.0,Card,5.0,True,1,0,19,18.990000000000002,Bangkok Street,Asiatic,4.2,Mica,Luni,Normala (31–45 min)
100067,2025-01-13 19:42:00,Cluj-Napoca,8,"['sushi mix 16 buc', 'ceai verde', 'california roll']",3,112.0,0.0,35.0,Card,4.2676493405740885,False,1,0,19,112.0,Wok Express,Asiatic,4.0,Mare,Luni,Normala (31–45 min)
100068,2025-01-13 20:04:00,București,9,"['noodles cu pui', 'sushi mix 16 buc', 'ceai verde']",3,110.0,0.0,44.0,Card,3.0,False,1,0,20,110.0,Bangkok Street,Asiatic,4.2,Mare,Luni,Normala (31–45 min)
100069,2025-01-13 20:12:00,București,2,"['pizza capricciosa', 'pizza quattro formaggi', 'pizza diavola']",3,122.0,0.0,42.0,Card,4.2676493405740885,False,1,0,20,122.0,Forno Rustico,Pizza,4.3,Mare,Luni,Normala (31–45 min)
100070,2025-01-13 20:23:00,Timișoara,3,['pizza margherita'],1,32.0,9.99,23.0,Card,4.2676493405740885,False,1,0,20,41.99,Pizzeria Vesuvio,Pizza,4.1,Mica,Luni,Rapida (≤30 min)
100071,2025-01-13 22:59:00,București,8,['california roll'],1,38.0,7.99,28.0,Card,4.2676493405740885,False,1,0,22,45.99,Wok Express,Asiatic,4.0,Mica,Luni,Rapida (≤30 min)
100072,2025-01-14 15:32:00,Brașov,4,['onion rings'],1,14.0,7.99,23.0,Card,4.0,False,1,1,15,21.990000000000002,Burger Point,Burgeri,4.4,Mica,Marti,Rapida (≤30 min)
100073,2025-01-14 16:39:00,Iași,17,"['shaorma mare', 'cartofi prăjiți']",2,41.0,7.99,28.0,Cash,4.0,True,1,1,16,48.99,Shaorma King,Fast-food,3.9,Mica,Marti,Rapida (≤30 min)
100074,2025-01-14 22:25:00,Iași,6,"['burger clasic', 'milkshake', 'burger bbq']",3,93.0,9.99,12.0,Card,4.2676493405740885,False,1,1,22,102.99,Grill House,Burgeri,4.0,Medie,Marti,Rapida (≤30 min)
100075,2025-01-14 23:06:00,Timișoara,3,['pizza capricciosa'],1,41.0,12.99,12.0,Cash,4.0,False,1,1,23,53.99,Pizzeria Vesuvio,Pizza,4.1,Mica,Marti,Rapida (≤30 min)
100076,2025-01-15 19:58:00,Brașov,4,"['burger clasic', 'milkshake', 'onion rings']",3,65.0,9.99,36.0,Cash,5.0,False,1,2,19,74.99,Burger Point,Burgeri,4.4,Medie,Miercuri,Normala (31–45 min)
100077,2025-01-15 20:59:00,București,9,"['pad thai', 'noodles cu pui', 'supă miso', 'sushi mix 16 buc']",4,157.0,0.0,31.518537859007832,Card,4.2676493405740885,False,1,2,20,157.0,Bangkok Street,Asiatic,4.2,Mare,Miercuri,Normala (31–45 min)
100078,2025-01-16 12:29:00,Cluj-Napoca,1,['pizza diavola'],1,39.0,7.99,25.0,Card,5.0,False,1,3,12,46.99,Pizza Napoli,Pizza,4.6,Mica,Joi,Rapida (≤30 min)
100079,2025-01-16 18:57:00,Brașov,2,"['pizza margherita', 'cola']",2,40.0,12.99,23.0,Cash,4.0,False,1,3,18,52.99,Forno Rustico,Pizza,4.3,Mica,Joi,Rapida (≤30 min)
100080,2025-01-16 20:55:00,Cluj-Napoca,13,"['bowl vegan', 'wrap cu pui', 'salată caesar']",3,104.0,0.0,30.0,Card,4.2676493405740885,False,1,3,20,104.0,Green Bowl,Healthy,4.5,Mare,Joi,Rapida (≤30 min)
100081,2025-01-16 21:01:00,București,15,"['cafea', 'înghețată', 'waffle cu fructe']",3,51.0,9.99,39.0,Cash,4.2676493405740885,False,1,3,21,60.99,Dulce Cofetărie,Desert,4.6,Medie,Joi,Normala (31–45 min)
100082,2025-01-17 13:01:00,Timișoara,10,"['limonadă', 'sarmale cu mămăligă']",2,48.0,9.99,33.0,Cash,5.0,False,1,4,13,57.99,La Mama Acasă,Tradițional,4.8,Mica,Vineri,Normala (31–45 min)
100083,2025-01-17 19:27:00,Brașov,13,"['apă plată', 'wrap cu pui', 'bowl vegan']",3,76.0,9.99,34.0,Card,5.0,False,1,4,19,85.99,Green Bowl,Healthy,4.5,Medie,Vineri,Normala (31–45 min)
100084,2025-01-17 19:58:00,Brașov,2,"['pizza margherita', 'pizza capricciosa', 'cola']",3,81.0,9.99,34.0,Card,5.0,False,1,4,19,90.99,Forno Rustico,Pizza,4.3,Medie,Vineri,Normala (31–45 min)
100085,2025-01-17 20:02:00,Cluj-Napoca,11,['ciorbă de burtă'],1,22.0,9.99,31.518537859007832,Card,4.2676493405740885,False,1,4,20,31.990000000000002,Ciorbe și Plăcinte,Tradițional,4.4,Mica,Vineri,Normala (31–45 min)
100086,2025-01-17 20:03:00,București,4,"['cola', 'cheeseburger']",2,45.0,9.99,45.0,Card,4.0,False,1,4,20,54.99,Burger Point,Burgeri,4.4,Mica,Vineri,Normala (31–45 min)
100087,2025-01-17 20:07:00,Timișoara,14,"['smoothie', 'bowl cu somon']",2,66.0,12.99,40.0,Cash,4.0,False,1,4,20,78.99,Fresh & Fit,Healthy,4.1,Medie,Vineri,Normala (31–45 min)
100088,2025-01-17 20:22:00,Brașov,1,"['pizza quattro formaggi', 'tiramisu']",2,61.0,7.99,41.0,Card,4.2676493405740885,False,1,4,20,68.99,Pizza Napoli,Pizza,4.6,Medie,Vineri,Normala (31–45 min)
100089,2025-01-17 20:39:00,Iași,7,"['pad thai', 'california roll']",2,79.0,9.99,31.518537859007832,Cash,4.2676493405740885,False,1,4,20,88.99,Sushi Zen,Asiatic,4.5,Medie,Vineri,Normala (31–45 min)
100090,2025-01-17 21:01:00,Timișoara,12,"['mici cu muștar (5 buc)', 'șnițel cu piure', 'sarmale cu mămăligă', 'ciorbă de burtă']",4,126.0,0.0,25.0,Card,5.0,False,1,4,21,126.0,Hanul Bunicii,Tradițional,4.3,Mare,Vineri,Rapida (≤30 min)
100091,2025-01-17 21:19:00,Cluj-Napoca,18,"['falafel wrap', 'cartofi prăjiți']",2,37.0,9.99,25.0,Card,5.0,False,1,4,21,46.99,Kebab Istanbul,Fast-food,4.1,Mica,Vineri,Rapida (≤30 min)
100092,2025-01-18 12:55:00,București,5,"['cartofi prăjiți', 'burger bbq']",2,54.0,9.99,36.0,Card,5.0,False,1,5,12,63.99,Smash Bros Burgers,Burgeri,4.7,Medie,Sambata,Normala (31–45 min)
100093,2025-01-18 13:43:00,București,10,"['șnițel cu piure', 'sarmale cu mămăligă']",2,74.0,9.99,54.0,Card,4.2676493405740885,False,1,5,13,83.99,La Mama Acasă,Tradițional,4.8,Medie,Sambata,Lenta (>45 min)
100094,2025-01-18 14:35:00,Timișoara,9,"['sushi mix 16 buc', 'noodles cu pui']",2,101.0,0.0,35.0,Card,4.0,False,1,5,14,101.0,Bangkok Street,Asiatic,4.2,Mare,Sambata,Normala (31–45 min)
100095,2025-01-18 16:44:00,Cluj-Napoca,4,"['burger bbq', 'cheeseburger', 'onion rings']",3,93.0,9.99,17.0,Card,5.0,True,1,5,16,102.99,Burger Point,Burgeri,4.4,Medie,Sambata,Rapida (≤30 min)
100096,2025-01-18 20:07:00,Cluj-Napoca,6,"['cartofi prăjiți', 'onion rings']",2,26.0,9.99,26.0,Card,5.0,False,1,5,20,35.99,Grill House,Burgeri,4.0,Mica,Sambata,Rapida (≤30 min)
100097,2025-01-18 20:16:00,București,1,"['tiramisu', 'pizza margherita']",2,51.0,7.99,53.0,Cash,3.0,True,1,5,20,58.99,Pizza Napoli,Pizza,4.6,Medie,Sambata,Lenta (>45 min)
100098,2025-01-18 21:16:00,Iași,1,"['focaccia', 'pizza quattro formaggi', 'tiramisu']",3,79.0,9.99,44.0,Cash,4.0,False,1,5,21,88.99,Pizza Napoli,Pizza,4.6,Medie,Sambata,Normala (31–45 min)
100099,2025-01-19 12:39:00,Timișoara,15,"['waffle cu fructe', 'înghețată', 'cafea']",3,51.0,9.99,36.0,Card,4.2676493405740885,False,1,6,12,60.99,Dulce Cofetărie,Desert,4.6,Medie,Duminica,Normala (31–45 min)
100100,2025-01-19 12:49:00,Iași,7,"['ceai verde', 'supă miso', 'sushi mix 16 buc']",3,89.0,7.99,20.0,Card,5.0,True,1,6,12,96.99,Sushi Zen,Asiatic,4.5,Medie,Duminica,Rapida (≤30 min)
100101,2025-01-19 13:31:00,București,18,"['falafel wrap', 'kebab la farfurie', 'shaorma mare', 'cartofi prăjiți']",4,101.0,0.0,28.0,Card,4.0,False,1,6,13,101.0,Kebab Istanbul,Fast-food,4.1,Mare,Duminica,Rapida (≤30 min)
100102,2025-01-19 16:50:00,Timișoara,10,"['șnițel cu piure', 'mici cu muștar (5 buc)']",2,68.0,7.99,21.0,Card,5.0,False,1,6,16,75.99,La Mama Acasă,Tradițional,4.8,Medie,Duminica,Rapida (≤30 min)
100103,2025-01-19 17:27:00,Cluj-Napoca,4,"['burger bbq', 'cheeseburger', 'cartofi prăjiți']",3,91.0,9.99,19.0,Card,5.0,False,1,6,17,100.99,Burger Point,Burgeri,4.4,Medie,Duminica,Rapida (≤30 min)
100104,2025-01-19 20:02:00,Cluj-Napoca,17,"['kebab la farfurie', 'shaorma medie']",2,59.0,9.99,38.0,Card,4.0,False,1,6,20,68.99,Shaorma King,Fast-food,3.9,Medie,Duminica,Normala (31–45 min)
100105,2025-01-19 20:40:00,București,13,"['wrap cu pui', 'bowl cu somon']",2,79.0,7.99,40.0,Card,3.0,True,1,6,20,86.99,Green Bowl,Healthy,4.5,Medie,Duminica,Normala (31–45 min)
100106,2025-01-19 21:29:00,Brașov,11,['limonadă'],1,12.0,7.99,40.0,Card,4.0,False,1,6,21,19.990000000000002,Ciorbe și Plăcinte,Tradițional,4.4,Mica,Duminica,Normala (31–45 min)
100107,2025-01-19 22:47:00,București,12,"['ciorbă de burtă', 'sarmale cu mămăligă']",2,58.0,7.99,28.0,Cash,4.0,False,1,6,22,65.99,Hanul Bunicii,Tradițional,4.3,Medie,Duminica,Rapida (≤30 min)
100108,2025-01-20 19:00:00,Cluj-Napoca,16,"['cafea', 'waffle cu fructe']",2,36.0,7.99,26.0,Card,5.0,False,1,0,19,43.99,Waffle Time,Desert,4.2,Mica,Luni,Rapida (≤30 min)
100109,2025-01-20 21:04:00,Iași,2,['cola'],1,8.0,9.99,27.0,Card,5.0,False,1,0,21,17.990000000000002,Forno Rustico,Pizza,4.3,Mica,Luni,Rapida (≤30 min)
100110,2025-01-20 21:54:00,București,9,"['supă miso', 'sushi mix 16 buc']",2,80.0,9.99,47.0,Card,5.0,True,1,0,21,89.99,Bangkok Street,Asiatic,4.2,Medie,Luni,Lenta (>45 min)
100111,2025-01-20 22:44:00,Cluj-Napoca,17,"['falafel wrap', 'shaorma mare']",2,54.0,7.99,17.0,Card,4.0,False,1,0,22,61.99,Shaorma King,Fast-food,3.9,Medie,Luni,Rapida (≤30 min)
100112,2025-01-21 13:04:00,București,4,"['burger clasic', 'cartofi prăjiți', 'cola']",3,54.0,9.99,39.0,Card,4.2676493405740885,False,1,1,13,63.99,Burger Point,Burgeri,4.4,Medie,Marti,Normala (31–45 min)
100113,2025-01-21 16:00:00,București,17,"['shaorma medie', 'cartofi prăjiți', 'kebab la farfurie']",3,71.0,12.99,16.0,Card,5.0,False,1,1,16,83.99,Shaorma King,Fast-food,3.9,Medie,Marti,Rapida (≤30 min)
100114,2025-01-21 23:43:00,Brașov,18,"['cartofi prăjiți', 'shaorma mare', 'falafel wrap']",3,66.0,12.99,23.0,Cash,5.0,False,1,1,23,78.99,Kebab Istanbul,Fast-food,4.1,Medie,Marti,Rapida (≤30 min)
100115,2025-01-22 17:32:00,Brașov,10,['ciorbă de burtă'],1,22.0,7.99,31.0,Card,4.0,False,1,2,17,29.990000000000002,La Mama Acasă,Tradițional,4.8,Mica,Miercuri,Normala (31–45 min)
100116,2025-01-22 18:40:00,București,1,"['pizza capricciosa', 'pizza margherita']",2,73.0,7.99,36.0,Cash,4.0,False,1,2,18,80.99,Pizza Napoli,Pizza,4.6,Medie,Miercuri,Normala (31–45 min)
100117,2025-01-22 18:59:00,Timișoara,15,"['papanași', 'cheesecake', 'clătite cu ciocolată']",3,68.0,9.99,18.0,Card,4.0,False,1,2,18,77.99,Dulce Cofetărie,Desert,4.6,Medie,Miercuri,Rapida (≤30 min)
100118,2025-01-23 13:09:00,Cluj-Napoca,4,"['cheeseburger', 'cartofi prăjiți']",2,49.0,12.99,23.0,Card,4.0,True,1,3,13,61.99,Burger Point,Burgeri,4.4,Mica,Joi,Rapida (≤30 min)
100119,2025-01-23 18:20:00,Brașov,8,"['pad thai', 'noodles cu pui']",2,77.0,7.99,27.0,Card,5.0,False,1,3,18,84.99,Wok Express,Asiatic,4.0,Medie,Joi,Rapida (≤30 min)
100120,2025-01-23 18:45:00,Timișoara,9,"['california roll', 'supă miso', 'pad thai']",3,94.0,9.99,12.0,Card,4.2676493405740885,False,1,3,18,103.99,Bangkok Street,Asiatic,4.2,Medie,Joi,Rapida (≤30 min)
100121,2025-01-23 19:00:00,Iași,1,"['tiramisu', 'pizza diavola', 'focaccia', 'pizza quattro formaggi']",4,118.0,0.0,16.0,Card,4.0,False,1,3,19,118.0,Pizza Napoli,Pizza,4.6,Mare,Joi,Rapida (≤30 min)
100122,2025-01-23 19:34:00,București,14,"['apă plată', 'wrap cu pui', 'salată caesar']",3,71.0,12.99,48.0,Card,4.2676493405740885,False,1,3,19,83.99,Fresh & Fit,Healthy,4.1,Medie,Joi,Lenta (>45 min)
100123,2025-01-23 21:55:00,Cluj-Napoca,12,"['papanași', 'șnițel cu piure', 'limonadă', 'ciorbă de burtă']",4,96.0,7.99,43.0,Card,4.0,False,1,3,21,103.99,Hanul Bunicii,Tradițional,4.3,Medie,Joi,Normala (31–45 min)
100124,2025-01-24 12:12:00,București,5,"['onion rings', 'cola', 'milkshake']",3,39.0,9.99,36.0,Card,4.2676493405740885,False,1,4,12,48.99,Smash Bros Burgers,Burgeri,4.7,Mica,Vineri,Normala (31–45 min)
100125,2025-01-24 12:24:00,Brașov,8,"['ceai verde', 'supă miso', 'california roll']",3,62.0,7.99,24.0,Cash,4.2676493405740885,True,1,4,12,69.99,Wok Express,Asiatic,4.0,Medie,Vineri,Rapida (≤30 min)
100126,2025-01-24 14:10:00,Timișoara,11,"['șnițel cu piure', 'ciorbă de burtă', 'sarmale cu mămăligă']",3,96.0,7.99,16.0,Card,5.0,True,1,4,14,103.99,Ciorbe și Plăcinte,Tradițional,4.4,Medie,Vineri,Rapida (≤30 min)
100127,2025-01-24 16:28:00,București,15,"['waffle cu fructe', 'cheesecake']",2,49.0,12.99,32.0,Cash,4.0,False,1,4,16,61.99,Dulce Cofetărie,Desert,4.6,Mica,Vineri,Normala (31–45 min)
100128,2025-01-24 17:54:00,București,1,"['focaccia', 'tiramisu']",2,37.0,7.99,31.518537859007832,Cash,4.2676493405740885,False,1,4,17,44.99,Pizza Napoli,Pizza,4.6,Mica,Vineri,Normala (31–45 min)
100129,2025-01-24 18:07:00,Timișoara,18,"['shaorma mare', 'ayran']",2,36.0,12.99,20.0,Cash,4.0,True,1,4,18,48.99,Kebab Istanbul,Fast-food,4.1,Mica,Vineri,Rapida (≤30 min)
100130,2025-01-24 19:22:00,București,7,"['noodles cu pui', 'ceai verde', 'california roll']",3,83.0,12.99,40.0,Card,4.2676493405740885,False,1,4,19,95.99,Sushi Zen,Asiatic,4.5,Medie,Vineri,Normala (31–45 min)
100131,2025-01-24 20:34:00,Timișoara,4,"['milkshake', 'cola']",2,25.0,7.99,29.0,Cash,5.0,True,1,4,20,32.99,Burger Point,Burgeri,4.4,Mica,Vineri,Rapida (≤30 min)
100132,2025-01-24 20:46:00,București,3,"['pizza quattro formaggi', 'pizza diavola', 'cola']",3,89.0,9.99,30.0,Card,4.2676493405740885,False,1,4,20,98.99,Pizzeria Vesuvio,Pizza,4.1,Medie,Vineri,Rapida (≤30 min)
100133,2025-01-24 21:42:00,Brașov,4,"['onion rings', 'burger bbq', 'milkshake']",3,73.0,7.99,38.0,Cash,4.2676493405740885,False,1,4,21,80.99,Burger Point,Burgeri,4.4,Medie,Vineri,Normala (31–45 min)
100134,2025-01-24 21:55:00,Cluj-Napoca,12,"['mici cu muștar (5 buc)', 'șnițel cu piure', 'ciorbă de burtă', 'papanași']",4,114.0,0.0,32.0,Card,4.0,False,1,4,21,114.0,Hanul Bunicii,Tradițional,4.3,Mare,Vineri,Normala (31–45 min)
100135,2025-01-24 22:17:00,București,18,['ayran'],1,7.0,7.99,43.0,Card,4.2676493405740885,False,1,4,22,14.99,Kebab Istanbul,Fast-food,4.1,Mica,Vineri,Normala (31–45 min)
100136,2025-01-24 22:55:00,Brașov,5,"['onion rings', 'burger clasic']",2,48.0,7.99,29.0,Card,4.2676493405740885,False,1,4,22,55.99,Smash Bros Burgers,Burgeri,4.7,Mica,Vineri,Rapida (≤30 min)
100137,2025-01-25 11:52:00,București,4,['cartofi prăjiți'],1,12.0,9.99,37.0,Cash,4.2676493405740885,False,1,5,11,21.990000000000002,Burger Point,Burgeri,4.4,Mica,Sambata,Normala (31–45 min)
100138,2025-01-25 12:11:00,București,11,"['limonadă', 'ciorbă de burtă']",2,34.0,9.99,44.0,Card,5.0,True,1,5,12,43.99,Ciorbe și Plăcinte,Tradițional,4.4,Mica,Sambata,Normala (31–45 min)
100140,2025-01-25 14:09:00,București,6,"['cheeseburger', 'burger clasic']",2,71.0,9.99,34.0,Cash,5.0,True,1,5,14,80.99,Grill House,Burgeri,4.0,Medie,Sambata,Normala (31–45 min)
100141,2025-01-25 19:42:00,Cluj-Napoca,4,"['onion rings', 'cheeseburger', 'burger bbq']",3,93.0,7.99,23.0,Card,5.0,False,1,5,19,100.99,Burger Point,Burgeri,4.4,Medie,Sambata,Rapida (≤30 min)
100142,2025-01-25 20:30:00,Timișoara,4,"['cartofi prăjiți', 'onion rings', 'burger bbq']",3,68.0,9.99,22.0,Card,3.0,True,1,5,20,77.99,Burger Point,Burgeri,4.4,Medie,Sambata,Rapida (≤30 min)
100143,2025-01-25 21:38:00,Cluj-Napoca,13,['apă plată'],1,6.0,9.99,24.0,Card,4.0,True,1,5,21,15.99,Green Bowl,Healthy,4.5,Mica,Sambata,Rapida (≤30 min)
100144,2025-01-26 11:09:00,București,18,['ayran'],1,7.0,9.99,35.0,Cash,5.0,False,1,6,11,16.990000000000002,Kebab Istanbul,Fast-food,4.1,Mica,Duminica,Normala (31–45 min)
100145,2025-01-26 12:29:00,Brașov,15,['cafea'],1,10.0,7.99,40.0,Card,5.0,False,1,6,12,17.990000000000002,Dulce Cofetărie,Desert,4.6,Mica,Duminica,Normala (31–45 min)
100146,2025-01-26 14:13:00,București,4,"['cola', 'cartofi prăjiți']",2,20.0,12.99,25.0,Card,5.0,False,1,6,14,32.99,Burger Point,Burgeri,4.4,Mica,Duminica,Rapida (≤30 min)
100147,2025-01-26 15:06:00,Brașov,13,['apă plată'],1,6.0,12.99,23.0,Card,5.0,False,1,6,15,18.990000000000002,Green Bowl,Healthy,4.5,Mica,Duminica,Rapida (≤30 min)
100148,2025-01-26 18:28:00,Cluj-Napoca,10,"['mici cu muștar (5 buc)', 'papanași']",2,54.0,9.99,32.0,Card,4.2676493405740885,True,1,6,18,63.99,La Mama Acasă,Tradițional,4.8,Medie,Duminica,Normala (31–45 min)
100149,2025-01-26 19:03:00,București,13,"['wrap cu pui', 'bowl cu somon']",2,79.0,7.99,33.0,Card,5.0,False,1,6,19,86.99,Green Bowl,Healthy,4.5,Medie,Duminica,Normala (31–45 min)
100150,2025-01-26 19:06:00,București,14,['salată caesar'],1,34.0,12.99,38.0,Card,3.0,False,1,6,19,46.99,Fresh & Fit,Healthy,4.1,Mica,Duminica,Normala (31–45 min)
100151,2025-01-26 19:41:00,Brașov,17,"['falafel wrap', 'shaorma medie']",2,49.0,7.99,24.0,Card,5.0,False,1,6,19,56.99,Shaorma King,Fast-food,3.9,Mica,Duminica,Rapida (≤30 min)
100152,2025-01-26 20:16:00,Timișoara,17,"['falafel wrap', 'ayran']",2,32.0,7.99,26.0,Card,4.2676493405740885,False,1,6,20,39.99,Shaorma King,Fast-food,3.9,Mica,Duminica,Rapida (≤30 min)
100153,2025-01-26 20:41:00,Timișoara,9,"['california roll', 'sushi mix 16 buc', 'pad thai', 'ceai verde']",4,153.0,0.0,41.0,Card,5.0,False,1,6,20,153.0,Bangkok Street,Asiatic,4.2,Mare,Duminica,Normala (31–45 min)
100154,2025-01-26 21:30:00,București,3,"['pizza diavola', 'pizza capricciosa', 'focaccia', 'pizza quattro formaggi']",4,140.0,0.0,32.0,Card,5.0,False,1,6,21,140.0,Pizzeria Vesuvio,Pizza,4.1,Mare,Duminica,Normala (31–45 min)
100155,2025-01-26 21:41:00,București,11,"['mici cu muștar (5 buc)', 'șnițel cu piure', 'ciorbă de burtă', 'papanași']",4,114.0,0.0,34.0,Card,4.2676493405740885,True,1,6,21,114.0,Ciorbe și Plăcinte,Tradițional,4.4,Mare,Duminica,Normala (31–45 min)
100156,2025-01-26 21:51:00,Iași,11,"['sarmale cu mămăligă', 'șnițel cu piure']",2,74.0,9.99,36.0,Card,5.0,True,1,6,21,83.99,Ciorbe și Plăcinte,Tradițional,4.4,Medie,Duminica,Normala (31–45 min)
100157,2025-01-27 12:01:00,Timișoara,6,['cola'],1,8.0,9.99,29.0,Card,4.2676493405740885,True,1,0,12,17.990000000000002,Grill House,Burgeri,4.0,Mica,Luni,Rapida (≤30 min)
100158,2025-01-27 16:46:00,București,3,['tiramisu'],1,19.0,9.99,41.0,Cash,4.0,False,1,0,16,28.990000000000002,Pizzeria Vesuvio,Pizza,4.1,Mica,Luni,Normala (31–45 min)
100159,2025-01-27 17:37:00,București,9,"['pad thai', 'supă miso']",2,56.0,7.99,33.0,Card,4.2676493405740885,False,1,0,17,63.99,Bangkok Street,Asiatic,4.2,Medie,Luni,Normala (31–45 min)
100160,2025-01-27 20:32:00,Brașov,2,"['pizza quattro formaggi', 'focaccia']",2,60.0,12.99,14.0,Cash,4.2676493405740885,True,1,0,20,72.99,Forno Rustico,Pizza,4.3,Medie,Luni,Rapida (≤30 min)
100161,2025-01-27 20:50:00,București,13,"['wrap cu pui', 'bowl vegan']",2,70.0,12.99,48.0,Cash,4.0,False,1,0,20,82.99,Green Bowl,Healthy,4.5,Medie,Luni,Lenta (>45 min)
100162,2025-01-28 12:08:00,București,10,"['mici cu muștar (5 buc)', 'sarmale cu mămăligă', 'papanași']",3,90.0,12.99,51.0,Cash,5.0,False,1,1,12,102.99,La Mama Acasă,Tradițional,4.8,Medie,Marti,Lenta (>45 min)
100163,2025-01-28 12:24:00,București,18,"['cartofi prăjiți', 'ayran']",2,19.0,9.99,42.0,Card,4.2676493405740885,True,1,1,12,28.990000000000002,Kebab Istanbul,Fast-food,4.1,Mica,Marti,Normala (31–45 min)
100164,2025-01-28 16:10:00,București,4,"['milkshake', 'burger clasic']",2,51.0,7.99,30.0,Card,4.0,False,1,1,16,58.99,Burger Point,Burgeri,4.4,Medie,Marti,Rapida (≤30 min)
100165,2025-01-28 16:41:00,Iași,17,"['kebab la farfurie', 'shaorma mare']",2,64.0,9.99,25.0,Card,5.0,True,1,1,16,73.99,Shaorma King,Fast-food,3.9,Medie,Marti,Rapida (≤30 min)
100166,2025-01-28 17:38:00,Cluj-Napoca,17,"['falafel wrap', 'cartofi prăjiți']",2,37.0,7.99,16.0,Cash,5.0,False,1,1,17,44.99,Shaorma King,Fast-food,3.9,Mica,Marti,Rapida (≤30 min)
100167,2025-01-28 18:59:00,București,7,"['sushi mix 16 buc', 'pad thai', 'california roll']",3,144.0,0.0,44.0,Cash,4.0,False,1,1,18,144.0,Sushi Zen,Asiatic,4.5,Mare,Marti,Normala (31–45 min)
100168,2025-01-28 20:01:00,Iași,15,['clătite cu ciocolată'],1,21.0,12.99,37.0,Cash,4.0,True,1,1,20,33.99,Dulce Cofetărie,Desert,4.6,Mica,Marti,Normala (31–45 min)
100169,2025-01-28 20:07:00,Iași,8,"['noodles cu pui', 'california roll', 'supă miso']",3,89.0,7.99,39.0,Cash,4.2676493405740885,False,1,1,20,96.99,Wok Express,Asiatic,4.0,Medie,Marti,Normala (31–45 min)
100170,2025-01-28 21:30:00,Timișoara,3,"['tiramisu', 'focaccia']",2,37.0,12.99,35.0,Card,4.2676493405740885,False,1,1,21,49.99,Pizzeria Vesuvio,Pizza,4.1,Mica,Marti,Normala (31–45 min)
100171,2025-01-29 15:53:00,București,1,['pizza diavola'],1,39.0,12.99,33.0,Card,5.0,True,1,2,15,51.99,Pizza Napoli,Pizza,4.6,Mica,Miercuri,Normala (31–45 min)
100172,2025-01-29 18:24:00,Cluj-Napoca,1,"['pizza capricciosa', 'focaccia']",2,59.0,12.99,28.0,Card,5.0,True,1,2,18,71.99,Pizza Napoli,Pizza,4.6,Medie,Miercuri,Rapida (≤30 min)
100173,2025-01-29 19:25:00,Brașov,1,"['pizza margherita', 'pizza quattro formaggi']",2,74.0,9.99,22.0,Cash,4.2676493405740885,False,1,2,19,83.99,Pizza Napoli,Pizza,4.6,Medie,Miercuri,Rapida (≤30 min)
100174,2025-01-29 19:31:00,Brașov,1,"['tiramisu', 'focaccia', 'cola', 'pizza quattro formaggi']",4,87.0,12.99,21.0,Card,4.0,False,1,2,19,99.99,Pizza Napoli,Pizza,4.6,Medie,Miercuri,Rapida (≤30 min)
100175,2025-01-29 21:21:00,Brașov,16,"['înghețată', 'cheesecake', 'waffle cu fructe', 'papanași']",4,88.0,9.99,29.0,Card,4.2676493405740885,False,1,2,21,97.99,Waffle Time,Desert,4.2,Medie,Miercuri,Rapida (≤30 min)
100176,2025-01-29 21:52:00,București,6,['milkshake'],1,17.0,9.99,28.0,Cash,4.0,False,1,2,21,26.990000000000002,Grill House,Burgeri,4.0,Mica,Miercuri,Rapida (≤30 min)
100177,2025-01-29 22:02:00,Cluj-Napoca,15,"['înghețată', 'cafea']",2,25.0,7.99,21.0,Card,5.0,False,1,2,22,32.99,Dulce Cofetărie,Desert,4.6,Mica,Miercuri,Rapida (≤30 min)
100178,2025-01-29 22:08:00,Cluj-Napoca,12,['papanași'],1,24.0,7.99,34.0,Cash,4.2676493405740885,True,1,2,22,31.990000000000002,Hanul Bunicii,Tradițional,4.3,Mica,Miercuri,Normala (31–45 min)
100179,2025-01-29 22:57:00,Iași,4,"['milkshake', 'burger bbq', 'cheeseburger', 'cartofi prăjiți']",4,108.0,0.0,27.0,Cash,4.2676493405740885,False,1,2,22,108.0,Burger Point,Burgeri,4.4,Mare,Miercuri,Rapida (≤30 min)
100180,2025-01-29 23:03:00,București,7,"['ceai verde', 'california roll']",2,47.0,12.99,39.0,Card,3.0,False,1,2,23,59.99,Sushi Zen,Asiatic,4.5,Mica,Miercuri,Normala (31–45 min)
100181,2025-01-30 18:19:00,București,17,['cartofi prăjiți'],1,12.0,7.99,24.0,Card,4.2676493405740885,False,1,3,18,19.990000000000002,Shaorma King,Fast-food,3.9,Mica,Joi,Rapida (≤30 min)
100182,2025-01-30 18:50:00,Brașov,2,"['pizza capricciosa', 'pizza diavola']",2,80.0,9.99,22.0,Card,4.0,False,1,3,18,89.99,Forno Rustico,Pizza,4.3,Medie,Joi,Rapida (≤30 min)
100183,2025-01-30 19:42:00,Iași,16,"['waffle cu fructe', 'cheesecake']",2,49.0,7.99,23.0,Card,3.0,False,1,3,19,56.99,Waffle Time,Desert,4.2,Mica,Joi,Rapida (≤30 min)
100184,2025-01-30 21:21:00,Cluj-Napoca,13,"['bowl cu somon', 'salată caesar']",2,82.0,9.99,33.0,Card,4.0,False,1,3,21,91.99,Green Bowl,Healthy,4.5,Medie,Joi,Normala (31–45 min)
100185,2025-01-31 12:24:00,Timișoara,15,['clătite cu ciocolată'],1,21.0,9.99,31.0,Cash,4.2676493405740885,False,1,4,12,30.990000000000002,Dulce Cofetărie,Desert,4.6,Mica,Vineri,Normala (31–45 min)
100186,2025-01-31 12:55:00,Timișoara,17,"['cartofi prăjiți', 'shaorma medie', 'shaorma mare', 'kebab la farfurie']",4,100.0,0.0,31.0,Card,4.2676493405740885,False,1,4,12,100.0,Shaorma King,Fast-food,3.9,Mare,Vineri,Normala (31–45 min)
100187,2025-01-31 12:58:00,Cluj-Napoca,1,"['pizza margherita', 'focaccia']",2,50.0,7.99,21.0,Card,4.2676493405740885,True,1,4,12,57.99,Pizza Napoli,Pizza,4.6,Medie,Vineri,Rapida (≤30 min)
100188,2025-01-31 16:41:00,Brașov,17,"['falafel wrap', 'kebab la farfurie', 'cartofi prăjiți', 'shaorma mare']",4,101.0,0.0,13.0,Card,4.0,False,1,4,16,101.0,Shaorma King,Fast-food,3.9,Mare,Vineri,Rapida (≤30 min)
100189,2025-01-31 18:18:00,București,4,"['milkshake', 'cola', 'cartofi prăjiți']",3,37.0,7.99,40.0,Cash,4.2676493405740885,False,1,4,18,44.99,Burger Point,Burgeri,4.4,Mica,Vineri,Normala (31–45 min)
100190,2025-01-31 19:12:00,Timișoara,18,['cartofi prăjiți'],1,12.0,7.99,34.0,Cash,4.0,False,1,4,19,19.990000000000002,Kebab Istanbul,Fast-food,4.1,Mica,Vineri,Normala (31–45 min)
100191,2025-01-31 21:56:00,Iași,4,"['cartofi prăjiți', 'milkshake']",2,29.0,9.99,33.0,Cash,4.0,True,1,4,21,38.99,Burger Point,Burgeri,4.4,Mica,Vineri,Normala (31–45 min)
100192,2025-02-01 12:15:00,București,4,"['cartofi prăjiți', 'milkshake']",2,29.0,12.99,36.0,Card,5.0,False,2,5,12,41.99,Burger Point,Burgeri,4.4,Mica,Sambata,Normala (31–45 min)
100193,2025-02-01 12:15:00,Iași,12,"['limonadă', 'șnițel cu piure', 'papanași']",3,74.0,7.99,35.0,Card,4.0,False,2,5,12,81.99,Hanul Bunicii,Tradițional,4.3,Medie,Sambata,Normala (31–45 min)
100194,2025-02-01 12:17:00,Brașov,4,['cartofi prăjiți'],1,12.0,9.99,16.0,Card,5.0,False,2,5,12,21.990000000000002,Burger Point,Burgeri,4.4,Mica,Sambata,Rapida (≤30 min)
100195,2025-02-01 12:22:00,Timișoara,2,"['pizza diavola', 'tiramisu']",2,58.0,12.99,38.0,Card,4.2676493405740885,False,2,5,12,70.99,Forno Rustico,Pizza,4.3,Medie,Sambata,Normala (31–45 min)
100196,2025-02-01 12:34:00,Brașov,2,"['pizza diavola', 'pizza quattro formaggi']",2,81.0,9.99,27.0,Card,4.0,False,2,5,12,90.99,Forno Rustico,Pizza,4.3,Medie,Sambata,Rapida (≤30 min)
100197,2025-02-01 13:30:00,București,12,"['sarmale cu mămăligă', 'șnițel cu piure']",2,74.0,7.99,50.0,Card,5.0,True,2,5,13,81.99,Hanul Bunicii,Tradițional,4.3,Medie,Sambata,Lenta (>45 min)
100198,2025-02-01 13:46:00,Timișoara,18,"['ayran', 'shaorma medie', 'kebab la farfurie']",3,66.0,7.99,25.0,Card,4.2676493405740885,True,2,5,13,73.99,Kebab Istanbul,Fast-food,4.1,Medie,Sambata,Rapida (≤30 min)
100199,2025-02-01 18:20:00,Iași,8,"['pad thai', 'california roll']",2,79.0,9.99,12.0,Card,4.0,False,2,5,18,88.99,Wok Express,Asiatic,4.0,Medie,Sambata,Rapida (≤30 min)
100200,2025-02-01 21:02:00,București,11,"['mici cu muștar (5 buc)', 'papanași']",2,54.0,9.99,44.0,Card,4.0,False,2,5,21,63.99,Ciorbe și Plăcinte,Tradițional,4.4,Medie,Sambata,Normala (31–45 min)
100201,2025-02-02 12:34:00,Cluj-Napoca,14,"['bowl vegan', 'wrap cu pui']",2,70.0,9.99,26.0,Cash,4.2676493405740885,False,2,6,12,79.99,Fresh & Fit,Healthy,4.1,Medie,Duminica,Rapida (≤30 min)
100202,2025-02-02 13:26:00,Iași,18,"['ayran', 'falafel wrap']",2,32.0,9.99,34.0,Cash,5.0,False,2,6,13,41.99,Kebab Istanbul,Fast-food,4.1,Mica,Duminica,Normala (31–45 min)
100203,2025-02-02 13:32:00,Cluj-Napoca,2,"['cola', 'focaccia', 'pizza capricciosa']",3,67.0,7.99,27.0,Card,5.0,True,2,6,13,74.99,Forno Rustico,Pizza,4.3,Medie,Duminica,Rapida (≤30 min)
100204,2025-02-02 13:54:00,Iași,17,"['ayran', 'shaorma medie', 'kebab la farfurie']",3,66.0,7.99,22.0,Cash,5.0,False,2,6,13,73.99,Shaorma King,Fast-food,3.9,Medie,Duminica,Rapida (≤30 min)
100205,2025-02-02 14:49:00,Timișoara,4,"['burger clasic', 'milkshake', 'onion rings']",3,65.0,7.99,23.0,Cash,5.0,False,2,6,14,72.99,Burger Point,Burgeri,4.4,Medie,Duminica,Rapida (≤30 min)
100206,2025-02-02 17:33:00,București,3,['focaccia'],1,18.0,7.99,23.0,Card,5.0,False,2,6,17,25.990000000000002,Pizzeria Vesuvio,Pizza,4.1,Mica,Duminica,Rapida (≤30 min)
100207,2025-02-02 19:31:00,Cluj-Napoca,17,"['cartofi prăjiți', 'kebab la farfurie', 'falafel wrap', 'shaorma medie']",4,96.0,9.99,23.0,Cash,4.2676493405740885,False,2,6,19,105.99,Shaorma King,Fast-food,3.9,Medie,Duminica,Rapida (≤30 min)
100208,2025-02-02 20:02:00,București,11,"['mici cu muștar (5 buc)', 'sarmale cu mămăligă', 'șnițel cu piure']",3,104.0,0.0,44.0,Card,3.0,True,2,6,20,104.0,Ciorbe și Plăcinte,Tradițional,4.4,Mare,Duminica,Normala (31–45 min)
100209,2025-02-02 21:43:00,Iași,2,"['focaccia', 'tiramisu', 'pizza margherita']",3,69.0,7.99,28.0,Cash,4.2676493405740885,False,2,6,21,76.99,Forno Rustico,Pizza,4.3,Medie,Duminica,Rapida (≤30 min)
100210,2025-02-02 21:53:00,București,14,"['salată caesar', 'apă plată']",2,40.0,7.99,40.0,Cash,4.0,False,2,6,21,47.99,Fresh & Fit,Healthy,4.1,Mica,Duminica,Normala (31–45 min)
100211,2025-02-02 22:07:00,Iași,6,"['cola', 'cheeseburger']",2,45.0,7.99,13.0,Card,5.0,True,2,6,22,52.99,Grill House,Burgeri,4.0,Mica,Duminica,Rapida (≤30 min)
100212,2025-02-02 22:37:00,București,18,"['falafel wrap', 'shaorma medie']",2,49.0,9.99,36.0,Cash,4.0,False,2,6,22,58.99,Kebab Istanbul,Fast-food,4.1,Mica,Duminica,Normala (31–45 min)
100213,2025-02-03 13:20:00,Timișoara,4,"['milkshake', 'onion rings', 'burger bbq']",3,73.0,12.99,34.0,Card,4.2676493405740885,False,2,0,13,85.99,Burger Point,Burgeri,4.4,Medie,Luni,Normala (31–45 min)
100214,2025-02-03 13:22:00,București,5,"['cartofi prăjiți', 'cheeseburger']",2,49.0,7.99,34.0,Cash,4.2676493405740885,False,2,0,13,56.99,Smash Bros Burgers,Burgeri,4.7,Mica,Luni,Normala (31–45 min)
100215,2025-02-03 15:46:00,Cluj-Napoca,6,"['cartofi prăjiți', 'cola']",2,20.0,9.99,22.0,Card,5.0,False,2,0,15,29.990000000000002,Grill House,Burgeri,4.0,Mica,Luni,Rapida (≤30 min)
100216,2025-02-03 19:12:00,București,18,"['cartofi prăjiți', 'ayran', 'shaorma mare', 'shaorma medie']",4,72.0,7.99,48.0,Cash,4.2676493405740885,False,2,0,19,79.99,Kebab Istanbul,Fast-food,4.1,Medie,Luni,Lenta (>45 min)
100217,2025-02-03 19:17:00,Cluj-Napoca,2,"['pizza capricciosa', 'pizza quattro formaggi', 'tiramisu']",3,102.0,0.0,23.0,Cash,4.2676493405740885,True,2,0,19,102.0,Forno Rustico,Pizza,4.3,Mare,Luni,Rapida (≤30 min)
100218,2025-02-03 23:06:00,București,1,"['cola', 'pizza capricciosa']",2,49.0,12.99,45.0,Card,4.0,True,2,0,23,61.99,Pizza Napoli,Pizza,4.6,Mica,Luni,Normala (31–45 min)
100219,2025-02-04 14:48:00,București,2,"['pizza diavola', 'pizza capricciosa', 'pizza margherita']",3,112.0,0.0,20.0,Card,4.2676493405740885,False,2,1,14,112.0,Forno Rustico,Pizza,4.3,Mare,Marti,Rapida (≤30 min)
100220,2025-02-04 17:20:00,Brașov,11,"['papanași', 'ciorbă de burtă', 'șnițel cu piure', 'limonadă']",4,96.0,7.99,20.0,Card,5.0,True,2,1,17,103.99,Ciorbe și Plăcinte,Tradițional,4.4,Medie,Marti,Rapida (≤30 min)
100221,2025-02-04 18:50:00,București,11,"['ciorbă de burtă', 'sarmale cu mămăligă', 'șnițel cu piure']",3,96.0,9.99,31.0,Card,4.0,False,2,1,18,105.99,Ciorbe și Plăcinte,Tradițional,4.4,Medie,Marti,Normala (31–45 min)
100222,2025-02-04 19:32:00,Timișoara,13,"['salată caesar', 'wrap cu pui']",2,65.0,7.99,30.0,Cash,5.0,False,2,1,19,72.99,Green Bowl,Healthy,4.5,Medie,Marti,Rapida (≤30 min)
100223,2025-02-04 19:57:00,București,12,"['mici cu muștar (5 buc)', 'limonadă', 'șnițel cu piure']",3,80.0,7.99,43.0,Card,4.0,True,2,1,19,87.99,Hanul Bunicii,Tradițional,4.3,Medie,Marti,Normala (31–45 min)
100224,2025-02-05 13:21:00,București,17,['ayran'],1,7.0,9.99,39.0,Cash,4.2676493405740885,False,2,2,13,16.990000000000002,Shaorma King,Fast-food,3.9,Mica,Miercuri,Normala (31–45 min)
100225,2025-02-05 16:40:00,București,1,"['pizza margherita', 'tiramisu', 'pizza quattro formaggi']",3,93.0,12.99,27.0,Card,5.0,False,2,2,16,105.99,Pizza Napoli,Pizza,4.6,Medie,Miercuri,Rapida (≤30 min)
100226,2025-02-05 18:18:00,Cluj-Napoca,16,"['waffle cu fructe', 'cheesecake', 'papanași']",3,73.0,12.99,26.0,Card,4.0,True,2,2,18,85.99,Waffle Time,Desert,4.2,Medie,Miercuri,Rapida (≤30 min)
100227,2025-02-05 18:21:00,Brașov,5,"['burger clasic', 'burger bbq']",2,76.0,7.99,20.0,Card,5.0,True,2,2,18,83.99,Smash Bros Burgers,Burgeri,4.7,Medie,Miercuri,Rapida (≤30 min)
100228,2025-02-05 18:23:00,Iași,7,"['noodles cu pui', 'sushi mix 16 buc', 'supă miso', 'ceai verde']",4,125.0,0.0,20.0,Cash,4.2676493405740885,False,2,2,18,125.0,Sushi Zen,Asiatic,4.5,Mare,Miercuri,Rapida (≤30 min)
100229,2025-02-05 18:50:00,Timișoara,7,['sushi mix 16 buc'],1,65.0,7.99,14.0,Card,4.2676493405740885,True,2,2,18,72.99,Sushi Zen,Asiatic,4.5,Medie,Miercuri,Rapida (≤30 min)
100230,2025-02-05 19:53:00,București,4,['burger clasic'],1,34.0,7.99,33.0,Card,4.2676493405740885,True,2,2,19,41.99,Burger Point,Burgeri,4.4,Mica,Miercuri,Normala (31–45 min)
100231,2025-02-05 20:23:00,București,3,['cola'],1,8.0,9.99,44.0,Card,4.2676493405740885,False,2,2,20,17.990000000000002,Pizzeria Vesuvio,Pizza,4.1,Mica,Miercuri,Normala (31–45 min)
100232,2025-02-05 20:28:00,Timișoara,17,['falafel wrap'],1,25.0,7.99,17.0,Cash,5.0,False,2,2,20,32.99,Shaorma King,Fast-food,3.9,Mica,Miercuri,Rapida (≤30 min)
100233,2025-02-05 20:32:00,București,14,"['bowl vegan', 'bowl cu somon', 'apă plată']",3,93.0,7.99,47.0,Card,4.2676493405740885,False,2,2,20,100.99,Fresh & Fit,Healthy,4.1,Medie,Miercuri,Lenta (>45 min)
100234,2025-02-05 23:23:00,București,6,"['burger bbq', 'onion rings']",2,56.0,9.99,37.0,Card,4.2676493405740885,True,2,2,23,65.99,Grill House,Burgeri,4.0,Medie,Miercuri,Normala (31–45 min)
100235,2025-02-06 14:05:00,Cluj-Napoca,8,"['supă miso', 'ceai verde', 'noodles cu pui']",3,60.0,12.99,25.0,Cash,5.0,False,2,3,14,72.99,Wok Express,Asiatic,4.0,Medie,Joi,Rapida (≤30 min)
100236,2025-02-06 21:23:00,Timișoara,15,"['clătite cu ciocolată', 'cafea', 'cheesecake']",3,54.0,7.99,29.0,Cash,5.0,False,2,3,21,61.99,Dulce Cofetărie,Desert,4.6,Medie,Joi,Rapida (≤30 min)
100237,2025-02-06 23:22:00,Iași,8,['noodles cu pui'],1,36.0,7.99,20.0,Cash,4.2676493405740885,False,2,3,23,43.99,Wok Express,Asiatic,4.0,Mica,Joi,Rapida (≤30 min)
100238,2025-02-07 13:06:00,București,1,"['pizza quattro formaggi', 'pizza capricciosa', 'tiramisu']",3,102.0,0.0,30.0,Cash,4.0,False,2,4,13,102.0,Pizza Napoli,Pizza,4.6,Mare,Vineri,Rapida (≤30 min)
100239,2025-02-07 14:31:00,Iași,15,"['înghețată', 'clătite cu ciocolată', 'cheesecake']",3,59.0,9.99,37.0,Card,4.2676493405740885,True,2,4,14,68.99,Dulce Cofetărie,Desert,4.6,Medie,Vineri,Normala (31–45 min)
100240,2025-02-07 14:46:00,București,17,"['kebab la farfurie', 'shaorma medie']",2,59.0,7.99,35.0,Card,4.0,True,2,4,14,66.99,Shaorma King,Fast-food,3.9,Medie,Vineri,Normala (31–45 min)
100241,2025-02-07 17:21:00,București,4,"['cartofi prăjiți', 'onion rings', 'milkshake']",3,43.0,9.99,27.0,Cash,4.2676493405740885,False,2,4,17,52.99,Burger Point,Burgeri,4.4,Mica,Vineri,Rapida (≤30 min)
100242,2025-02-07 19:10:00,Timișoara,1,"['pizza diavola', 'pizza margherita', 'pizza capricciosa']",3,112.0,0.0,22.0,Card,4.2676493405740885,True,2,4,19,112.0,Pizza Napoli,Pizza,4.6,Mare,Vineri,Rapida (≤30 min)
100243,2025-02-07 19:24:00,Cluj-Napoca,3,"['pizza diavola', 'pizza margherita']",2,71.0,9.99,30.0,Card,5.0,False,2,4,19,80.99,Pizzeria Vesuvio,Pizza,4.1,Medie,Vineri,Rapida (≤30 min)
100244,2025-02-07 20:26:00,Cluj-Napoca,3,"['pizza margherita', 'pizza diavola', 'tiramisu']",3,90.0,7.99,24.0,Cash,4.0,True,2,4,20,97.99,Pizzeria Vesuvio,Pizza,4.1,Medie,Vineri,Rapida (≤30 min)
100245,2025-02-07 20:53:00,Cluj-Napoca,2,['pizza margherita'],1,32.0,9.99,39.0,Cash,4.0,False,2,4,20,41.99,Forno Rustico,Pizza,4.3,Mica,Vineri,Normala (31–45 min)
100246,2025-02-08 14:41:00,Timișoara,10,"['șnițel cu piure', 'limonadă']",2,50.0,7.99,36.0,Card,4.0,False,2,5,14,57.99,La Mama Acasă,Tradițional,4.8,Medie,Sambata,Normala (31–45 min)
100247,2025-02-08 16:26:00,Timișoara,12,"['limonadă', 'papanași', 'sarmale cu mămăligă']",3,72.0,9.99,24.0,Card,4.0,True,2,5,16,81.99,Hanul Bunicii,Tradițional,4.3,Medie,Sambata,Rapida (≤30 min)
100248,2025-02-08 17:10:00,București,2,"['cola', 'pizza margherita', 'tiramisu']",3,59.0,7.99,32.0,Cash,4.0,False,2,5,17,66.99,Forno Rustico,Pizza,4.3,Medie,Sambata,Normala (31–45 min)
100249,2025-02-08 19:06:00,Cluj-Napoca,11,"['limonadă', 'șnițel cu piure', 'mici cu muștar (5 buc)']",3,80.0,7.99,38.0,Card,4.0,False,2,5,19,87.99,Ciorbe și Plăcinte,Tradițional,4.4,Medie,Sambata,Normala (31–45 min)
100250,2025-02-08 19:56:00,Brașov,1,"['pizza margherita', 'pizza quattro formaggi', 'focaccia']",3,92.0,9.99,30.0,Cash,4.2676493405740885,False,2,5,19,101.99,Pizza Napoli,Pizza,4.6,Medie,Sambata,Rapida (≤30 min)
100251,2025-02-08 20:55:00,București,5,['milkshake'],1,17.0,9.99,31.518537859007832,Card,4.0,False,2,5,20,26.990000000000002,Smash Bros Burgers,Burgeri,4.7,Mica,Sambata,Normala (31–45 min)
100252,2025-02-09 13:29:00,Timișoara,6,"['onion rings', 'cartofi prăjiți']",2,26.0,9.99,34.0,Card,4.0,False,2,6,13,35.99,Grill House,Burgeri,4.0,Mica,Duminica,Normala (31–45 min)
100253,2025-02-09 13:31:00,București,3,"['pizza quattro formaggi', 'focaccia', 'tiramisu']",3,79.0,9.99,36.0,Card,4.2676493405740885,False,2,6,13,88.99,Pizzeria Vesuvio,Pizza,4.1,Medie,Duminica,Normala (31–45 min)
100254,2025-02-09 19:07:00,Timișoara,14,"['wrap cu pui', 'bowl cu somon']",2,79.0,12.99,28.0,Card,5.0,False,2,6,19,91.99,Fresh & Fit,Healthy,4.1,Medie,Duminica,Rapida (≤30 min)
100255,2025-02-10 13:31:00,București,12,"['limonadă', 'mici cu muștar (5 buc)']",2,42.0,7.99,44.0,Card,4.0,False,2,0,13,49.99,Hanul Bunicii,Tradițional,4.3,Mica,Luni,Normala (31–45 min)
100256,2025-02-10 21:05:00,București,16,['papanași'],1,24.0,7.99,53.0,Card,4.0,False,2,0,21,31.990000000000002,Waffle Time,Desert,4.2,Mica,Luni,Lenta (>45 min)
100257,2025-02-10 22:26:00,București,17,['ayran'],1,7.0,12.99,37.0,Card,4.2676493405740885,False,2,0,22,19.990000000000002,Shaorma King,Fast-food,3.9,Mica,Luni,Normala (31–45 min)
100258,2025-02-11 11:46:00,Timișoara,10,"['limonadă', 'ciorbă de burtă']",2,34.0,7.99,22.0,Card,4.0,True,2,1,11,41.99,La Mama Acasă,Tradițional,4.8,Mica,Marti,Rapida (≤30 min)
100259,2025-02-11 16:00:00,București,5,"['onion rings', 'burger bbq', 'cartofi prăjiți']",3,68.0,7.99,37.0,Cash,4.2676493405740885,False,2,1,16,75.99,Smash Bros Burgers,Burgeri,4.7,Medie,Marti,Normala (31–45 min)
100260,2025-02-11 16:21:00,Cluj-Napoca,16,"['cafea', 'clătite cu ciocolată']",2,31.0,7.99,31.0,Card,3.0,False,2,1,16,38.99,Waffle Time,Desert,4.2,Mica,Marti,Normala (31–45 min)
100261,2025-02-11 16:46:00,Timișoara,18,"['shaorma medie', 'shaorma mare', 'ayran']",3,60.0,7.99,23.0,Cash,4.2676493405740885,False,2,1,16,67.99,Kebab Istanbul,Fast-food,4.1,Medie,Marti,Rapida (≤30 min)
100262,2025-02-11 20:04:00,Brașov,2,"['pizza quattro formaggi', 'pizza margherita']",2,74.0,9.99,35.0,Card,4.2676493405740885,False,2,1,20,83.99,Forno Rustico,Pizza,4.3,Medie,Marti,Normala (31–45 min)
100263,2025-02-11 20:46:00,Cluj-Napoca,7,['noodles cu pui'],1,36.0,9.99,35.0,Card,5.0,True,2,1,20,45.99,Sushi Zen,Asiatic,4.5,Mica,Marti,Normala (31–45 min)
100264,2025-02-11 23:35:00,Iași,5,"['cartofi prăjiți', 'cheeseburger']",2,49.0,7.99,13.0,Card,4.0,False,2,1,23,56.99,Smash Bros Burgers,Burgeri,4.7,Mica,Marti,Rapida (≤30 min)
100265,2025-02-12 10:48:00,Timișoara,11,"['ciorbă de burtă', 'sarmale cu mămăligă', 'șnițel cu piure']",3,96.0,7.99,17.0,Card,4.0,False,2,2,10,103.99,Ciorbe și Plăcinte,Tradițional,4.4,Medie,Miercuri,Rapida (≤30 min)
100266,2025-02-12 12:21:00,Timișoara,10,"['șnițel cu piure', 'papanași']",2,62.0,7.99,37.0,Card,5.0,False,2,2,12,69.99,La Mama Acasă,Tradițional,4.8,Medie,Miercuri,Normala (31–45 min)
100267,2025-02-12 12:44:00,Iași,3,"['pizza margherita', 'cola', 'pizza capricciosa']",3,81.0,7.99,33.0,Card,3.0,False,2,2,12,88.99,Pizzeria Vesuvio,Pizza,4.1,Medie,Miercuri,Normala (31–45 min)
100268,2025-02-12 13:53:00,București,14,"['salată caesar', 'wrap cu pui', 'apă plată', 'smoothie']",4,89.0,7.99,45.0,Card,4.2676493405740885,False,2,2,13,96.99,Fresh & Fit,Healthy,4.1,Medie,Miercuri,Normala (31–45 min)
100269,2025-02-12 15:25:00,Iași,4,"['cartofi prăjiți', 'cola', 'onion rings']",3,34.0,12.99,27.0,Card,4.2676493405740885,False,2,2,15,46.99,Burger Point,Burgeri,4.4,Mica,Miercuri,Rapida (≤30 min)
100270,2025-02-12 20:42:00,Timișoara,6,"['burger clasic', 'onion rings', 'cola']",3,56.0,9.99,34.0,Card,3.0,False,2,2,20,65.99,Grill House,Burgeri,4.0,Medie,Miercuri,Normala (31–45 min)
100271,2025-02-12 20:58:00,București,10,"['șnițel cu piure', 'mici cu muștar (5 buc)', 'ciorbă de burtă']",3,90.0,7.99,49.0,Cash,3.0,False,2,2,20,97.99,La Mama Acasă,Tradițional,4.8,Medie,Miercuri,Lenta (>45 min)
100272,2025-02-12 21:27:00,Timișoara,3,"['tiramisu', 'pizza margherita']",2,51.0,7.99,38.0,Card,4.0,False,2,2,21,58.99,Pizzeria Vesuvio,Pizza,4.1,Medie,Miercuri,Normala (31–45 min)
100273,2025-02-12 21:35:00,Cluj-Napoca,17,"['cartofi prăjiți', 'shaorma medie', 'falafel wrap']",3,61.0,7.99,15.0,Card,5.0,True,2,2,21,68.99,Shaorma King,Fast-food,3.9,Medie,Miercuri,Rapida (≤30 min)
100274,2025-02-12 23:01:00,București,18,"['shaorma medie', 'cartofi prăjiți']",2,36.0,7.99,27.0,Card,4.2676493405740885,False,2,2,23,43.99,Kebab Istanbul,Fast-food,4.1,Mica,Miercuri,Rapida (≤30 min)
100275,2025-02-13 13:44:00,București,12,"['sarmale cu mămăligă', 'limonadă']",2,48.0,12.99,53.0,Card,4.0,False,2,3,13,60.99,Hanul Bunicii,Tradițional,4.3,Mica,Joi,Lenta (>45 min)
100276,2025-02-13 19:16:00,București,15,"['înghețată', 'papanași', 'clătite cu ciocolată', 'cheesecake']",4,83.0,9.99,39.0,Cash,4.0,False,2,3,19,92.99,Dulce Cofetărie,Desert,4.6,Medie,Joi,Normala (31–45 min)
100277,2025-02-13 21:45:00,București,18,"['ayran', 'kebab la farfurie', 'falafel wrap']",3,67.0,7.99,59.0,Card,4.2676493405740885,True,2,3,21,74.99,Kebab Istanbul,Fast-food,4.1,Medie,Joi,Lenta (>45 min)
100278,2025-02-13 22:53:00,București,3,"['pizza capricciosa', 'pizza margherita', 'pizza quattro formaggi', 'focaccia']",4,133.0,0.0,28.0,Cash,5.0,False,2,3,22,133.0,Pizzeria Vesuvio,Pizza,4.1,Mare,Joi,Rapida (≤30 min)
100279,2025-02-14 13:24:00,București,1,['pizza margherita'],1,32.0,12.99,36.0,Card,3.0,False,2,4,13,44.99,Pizza Napoli,Pizza,4.6,Mica,Vineri,Normala (31–45 min)
100280,2025-02-14 14:31:00,București,3,['tiramisu'],1,19.0,7.99,24.0,Card,5.0,False,2,4,14,26.990000000000002,Pizzeria Vesuvio,Pizza,4.1,Mica,Vineri,Rapida (≤30 min)
100281,2025-02-14 17:10:00,Timișoara,13,"['wrap cu pui', 'smoothie']",2,49.0,12.99,28.0,Cash,5.0,False,2,4,17,61.99,Green Bowl,Healthy,4.5,Mica,Vineri,Rapida (≤30 min)
100282,2025-02-14 19:05:00,Cluj-Napoca,9,"['california roll', 'supă miso']",2,53.0,7.99,38.0,Card,3.0,False,2,4,19,60.99,Bangkok Street,Asiatic,4.2,Medie,Vineri,Normala (31–45 min)
100283,2025-02-14 20:36:00,Cluj-Napoca,16,['cafea'],1,10.0,9.99,27.0,Cash,4.2676493405740885,False,2,4,20,19.990000000000002,Waffle Time,Desert,4.2,Mica,Vineri,Rapida (≤30 min)
100284,2025-02-14 20:48:00,Cluj-Napoca,3,"['cola', 'pizza diavola', 'pizza capricciosa', 'pizza quattro formaggi']",4,130.0,0.0,37.0,Cash,5.0,False,2,4,20,130.0,Pizzeria Vesuvio,Pizza,4.1,Mare,Vineri,Normala (31–45 min)
100285,2025-02-14 21:28:00,Brașov,3,"['pizza margherita', 'pizza capricciosa']",2,73.0,9.99,27.0,Cash,4.2676493405740885,False,2,4,21,82.99,Pizzeria Vesuvio,Pizza,4.1,Medie,Vineri,Rapida (≤30 min)
100286,2025-02-15 13:16:00,București,2,['pizza diavola'],1,39.0,7.99,49.0,Card,3.0,False,2,5,13,46.99,Forno Rustico,Pizza,4.3,Mica,Sambata,Lenta (>45 min)
100287,2025-02-15 14:12:00,Iași,13,"['smoothie', 'wrap cu pui']",2,49.0,7.99,33.0,Card,4.0,False,2,5,14,56.99,Green Bowl,Healthy,4.5,Mica,Sambata,Normala (31–45 min)
100288,2025-02-15 16:58:00,Brașov,11,['mici cu muștar (5 buc)'],1,30.0,7.99,21.0,Card,5.0,True,2,5,16,37.99,Ciorbe și Plăcinte,Tradițional,4.4,Mica,Sambata,Rapida (≤30 min)
100289,2025-02-15 19:19:00,Cluj-Napoca,17,"['cartofi prăjiți', 'falafel wrap']",2,37.0,9.99,36.0,Cash,4.2676493405740885,False,2,5,19,46.99,Shaorma King,Fast-food,3.9,Mica,Sambata,Normala (31–45 min)
100290,2025-02-15 22:02:00,Cluj-Napoca,18,"['shaorma mare', 'shaorma medie', 'kebab la farfurie']",3,88.0,7.99,13.0,Cash,4.0,False,2,5,22,95.99,Kebab Istanbul,Fast-food,4.1,Medie,Sambata,Rapida (≤30 min)
100291,2025-02-16 13:37:00,București,13,"['smoothie', 'salată caesar', 'wrap cu pui']",3,83.0,9.99,25.0,Cash,4.2676493405740885,False,2,6,13,92.99,Green Bowl,Healthy,4.5,Medie,Duminica,Rapida (≤30 min)
100292,2025-02-16 15:58:00,București,15,"['papanași', 'waffle cu fructe', 'cheesecake']",3,73.0,7.99,25.0,Card,5.0,False,2,6,15,80.99,Dulce Cofetărie,Desert,4.6,Medie,Duminica,Rapida (≤30 min)
100293,2025-02-16 17:07:00,Iași,4,['burger bbq'],1,42.0,7.99,16.0,Card,4.0,False,2,6,17,49.99,Burger Point,Burgeri,4.4,Mica,Duminica,Rapida (≤30 min)
100294,2025-02-16 19:02:00,Cluj-Napoca,18,"['kebab la farfurie', 'shaorma mare', 'ayran']",3,71.0,9.99,13.0,Card,5.0,False,2,6,19,80.99,Kebab Istanbul,Fast-food,4.1,Medie,Duminica,Rapida (≤30 min)
100295,2025-02-17 18:58:00,Cluj-Napoca,11,"['mici cu muștar (5 buc)', 'ciorbă de burtă']",2,52.0,9.99,27.0,Card,4.0,False,2,0,18,61.99,Ciorbe și Plăcinte,Tradițional,4.4,Medie,Luni,Rapida (≤30 min)
100296,2025-02-17 21:19:00,Timișoara,16,"['clătite cu ciocolată', 'înghețată', 'waffle cu fructe']",3,62.0,7.99,41.0,Cash,4.2676493405740885,True,2,0,21,69.99,Waffle Time,Desert,4.2,Medie,Luni,Normala (31–45 min)
100297,2025-02-18 20:17:00,Iași,9,['ceai verde'],1,9.0,7.99,31.518537859007832,Cash,4.0,True,2,1,20,16.990000000000002,Bangkok Street,Asiatic,4.2,Mica,Marti,Normala (31–45 min)
100298,2025-02-18 21:52:00,Cluj-Napoca,16,"['papanași', 'waffle cu fructe', 'cheesecake']",3,73.0,9.99,31.0,Cash,3.0,False,2,1,21,82.99,Waffle Time,Desert,4.2,Medie,Marti,Normala (31–45 min)
100299,2025-02-18 22:28:00,Timișoara,8,"['ceai verde', 'pad thai', 'california roll', 'noodles cu pui']",4,124.0,0.0,28.0,Card,4.0,False,2,1,22,124.0,Wok Express,Asiatic,4.0,Mare,Marti,Rapida (≤30 min)
100300,2025-02-18 22:32:00,București,12,"['mici cu muștar (5 buc)', 'ciorbă de burtă']",2,52.0,7.99,33.0,Card,4.0,True,2,1,22,59.99,Hanul Bunicii,Tradițional,4.3,Medie,Marti,Normala (31–45 min)
100301,2025-02-19 12:41:00,București,1,"['cola', 'tiramisu']",2,27.0,9.99,41.0,Cash,4.2676493405740885,False,2,2,12,36.99,Pizza Napoli,Pizza,4.6,Mica,Miercuri,Normala (31–45 min)
100302,2025-02-19 13:22:00,Cluj-Napoca,4,"['cola', 'onion rings', 'milkshake', 'burger bbq']",4,81.0,7.99,32.0,Card,5.0,False,2,2,13,88.99,Burger Point,Burgeri,4.4,Medie,Miercuri,Normala (31–45 min)
100303,2025-02-19 19:51:00,Cluj-Napoca,6,"['cheeseburger', 'burger clasic', 'cola', 'cartofi prăjiți']",4,91.0,7.99,22.0,Cash,4.2676493405740885,False,2,2,19,98.99,Grill House,Burgeri,4.0,Medie,Miercuri,Rapida (≤30 min)
100304,2025-02-19 22:04:00,Cluj-Napoca,2,"['pizza margherita', 'focaccia']",2,50.0,9.99,23.0,Card,4.2676493405740885,True,2,2,22,59.99,Forno Rustico,Pizza,4.3,Medie,Miercuri,Rapida (≤30 min)
100305,2025-02-20 11:29:00,București,1,"['pizza margherita', 'focaccia']",2,50.0,7.99,18.0,Card,4.2676493405740885,False,2,3,11,57.99,Pizza Napoli,Pizza,4.6,Medie,Joi,Rapida (≤30 min)
100306,2025-02-20 11:30:00,Cluj-Napoca,4,['burger clasic'],1,34.0,7.99,18.0,Card,5.0,True,2,3,11,41.99,Burger Point,Burgeri,4.4,Mica,Joi,Rapida (≤30 min)
100307,2025-02-20 12:20:00,Brașov,14,"['apă plată', 'bowl vegan', 'smoothie']",3,63.0,7.99,31.0,Card,5.0,False,2,3,12,70.99,Fresh & Fit,Healthy,4.1,Medie,Joi,Normala (31–45 min)
100308,2025-02-20 13:53:00,Iași,2,"['pizza quattro formaggi', 'pizza margherita']",2,74.0,12.99,40.0,Card,4.0,False,2,3,13,86.99,Forno Rustico,Pizza,4.3,Medie,Joi,Normala (31–45 min)
100309,2025-02-20 14:35:00,Timișoara,6,['cartofi prăjiți'],1,12.0,9.99,42.0,Card,4.0,False,2,3,14,21.990000000000002,Grill House,Burgeri,4.0,Mica,Joi,Normala (31–45 min)
100310,2025-02-20 15:14:00,Timișoara,8,"['california roll', 'pad thai']",2,79.0,12.99,17.0,Card,4.2676493405740885,True,2,3,15,91.99,Wok Express,Asiatic,4.0,Medie,Joi,Rapida (≤30 min)
100311,2025-02-20 16:55:00,Iași,16,"['waffle cu fructe', 'cafea', 'înghețată']",3,51.0,7.99,14.0,Cash,3.0,True,2,3,16,58.99,Waffle Time,Desert,4.2,Medie,Joi,Rapida (≤30 min)
100312,2025-02-20 18:54:00,Iași,7,['ceai verde'],1,9.0,9.99,26.0,Cash,5.0,False,2,3,18,18.990000000000002,Sushi Zen,Asiatic,4.5,Mica,Joi,Rapida (≤30 min)
100313,2025-02-20 19:04:00,Cluj-Napoca,2,['tiramisu'],1,19.0,9.99,27.0,Card,4.2676493405740885,False,2,3,19,28.990000000000002,Forno Rustico,Pizza,4.3,Mica,Joi,Rapida (≤30 min)
100314,2025-02-20 20:16:00,București,5,['onion rings'],1,14.0,9.99,39.0,Card,5.0,True,2,3,20,23.990000000000002,Smash Bros Burgers,Burgeri,4.7,Mica,Joi,Normala (31–45 min)
100315,2025-02-21 14:33:00,Iași,3,"['focaccia', 'pizza margherita', 'cola']",3,58.0,12.99,29.0,Card,4.0,False,2,4,14,70.99,Pizzeria Vesuvio,Pizza,4.1,Medie,Vineri,Rapida (≤30 min)
100316,2025-02-21 14:51:00,Cluj-Napoca,18,"['ayran', 'kebab la farfurie', 'shaorma medie']",3,66.0,7.99,29.0,Card,4.2676493405740885,False,2,4,14,73.99,Kebab Istanbul,Fast-food,4.1,Medie,Vineri,Rapida (≤30 min)
100317,2025-02-21 15:04:00,Iași,18,"['cartofi prăjiți', 'falafel wrap', 'kebab la farfurie']",3,72.0,7.99,12.0,Cash,4.0,False,2,4,15,79.99,Kebab Istanbul,Fast-food,4.1,Medie,Vineri,Rapida (≤30 min)
100318,2025-02-21 21:47:00,Cluj-Napoca,17,"['cartofi prăjiți', 'kebab la farfurie', 'shaorma medie']",3,71.0,7.99,35.0,Card,4.0,False,2,4,21,78.99,Shaorma King,Fast-food,3.9,Medie,Vineri,Normala (31–45 min)
100319,2025-02-22 12:15:00,București,9,"['noodles cu pui', 'california roll', 'supă miso']",3,89.0,12.99,44.0,Card,4.0,True,2,5,12,101.99,Bangkok Street,Asiatic,4.2,Medie,Sambata,Normala (31–45 min)
100320,2025-02-22 12:16:00,Iași,16,"['înghețată', 'papanași']",2,39.0,7.99,26.0,Card,4.0,True,2,5,12,46.99,Waffle Time,Desert,4.2,Mica,Sambata,Rapida (≤30 min)
100321,2025-02-22 13:21:00,București,2,"['focaccia', 'pizza diavola']",2,57.0,7.99,57.0,Card,4.2676493405740885,False,2,5,13,64.99,Forno Rustico,Pizza,4.3,Medie,Sambata,Lenta (>45 min)
100322,2025-02-22 20:06:00,Cluj-Napoca,8,"['sushi mix 16 buc', 'ceai verde']",2,74.0,12.99,23.0,Cash,4.0,False,2,5,20,86.99,Wok Express,Asiatic,4.0,Medie,Sambata,Rapida (≤30 min)
100323,2025-02-22 21:42:00,Iași,3,"['cola', 'tiramisu']",2,27.0,7.99,28.0,Cash,4.0,False,2,5,21,34.99,Pizzeria Vesuvio,Pizza,4.1,Mica,Sambata,Rapida (≤30 min)
100324,2025-02-22 22:16:00,Cluj-Napoca,14,"['bowl cu somon', 'apă plată']",2,54.0,12.99,14.0,Card,4.2676493405740885,False,2,5,22,66.99,Fresh & Fit,Healthy,4.1,Medie,Sambata,Rapida (≤30 min)
100325,2025-02-22 22:37:00,Brașov,1,['pizza capricciosa'],1,41.0,7.99,25.0,Card,4.2676493405740885,False,2,5,22,48.99,Pizza Napoli,Pizza,4.6,Mica,Sambata,Rapida (≤30 min)
100326,2025-02-23 10:58:00,București,18,['falafel wrap'],1,25.0,7.99,27.0,Card,4.0,False,2,6,10,32.99,Kebab Istanbul,Fast-food,4.1,Mica,Duminica,Rapida (≤30 min)
100327,2025-02-23 11:27:00,Timișoara,1,"['pizza capricciosa', 'pizza diavola', 'pizza margherita']",3,112.0,0.0,17.0,Card,5.0,False,2,6,11,112.0,Pizza Napoli,Pizza,4.6,Mare,Duminica,Rapida (≤30 min)
100328,2025-02-23 13:56:00,Iași,3,"['pizza margherita', 'pizza capricciosa']",2,73.0,12.99,30.0,Cash,4.2676493405740885,False,2,6,13,85.99,Pizzeria Vesuvio,Pizza,4.1,Medie,Duminica,Rapida (≤30 min)
100329,2025-02-23 17:35:00,Brașov,6,"['cartofi prăjiți', 'milkshake']",2,29.0,7.99,25.0,Cash,4.0,False,2,6,17,36.99,Grill House,Burgeri,4.0,Mica,Duminica,Rapida (≤30 min)
100330,2025-02-23 18:34:00,București,3,"['pizza diavola', 'focaccia']",2,57.0,7.99,38.0,Card,3.0,False,2,6,18,64.99,Pizzeria Vesuvio,Pizza,4.1,Medie,Duminica,Normala (31–45 min)
100331,2025-02-23 18:43:00,București,4,"['cartofi prăjiți', 'cheeseburger']",2,49.0,7.99,43.0,Card,4.2676493405740885,False,2,6,18,56.99,Burger Point,Burgeri,4.4,Mica,Duminica,Normala (31–45 min)
100332,2025-02-23 20:10:00,București,12,"['sarmale cu mămăligă', 'șnițel cu piure', 'mici cu muștar (5 buc)']",3,104.0,0.0,47.0,Card,3.0,False,2,6,20,104.0,Hanul Bunicii,Tradițional,4.3,Mare,Duminica,Lenta (>45 min)
100333,2025-02-23 22:52:00,București,3,"['cola', 'pizza margherita']",2,40.0,9.99,28.0,Card,4.2676493405740885,False,2,6,22,49.99,Pizzeria Vesuvio,Pizza,4.1,Mica,Duminica,Rapida (≤30 min)
100334,2025-02-24 12:05:00,Timișoara,13,"['bowl vegan', 'smoothie', 'salată caesar']",3,91.0,12.99,40.0,Card,4.0,False,2,0,12,103.99,Green Bowl,Healthy,4.5,Medie,Luni,Normala (31–45 min)
100335,2025-02-24 12:28:00,Iași,17,"['cartofi prăjiți', 'falafel wrap', 'ayran']",3,44.0,9.99,40.0,Card,4.0,False,2,0,12,53.99,Shaorma King,Fast-food,3.9,Mica,Luni,Normala (31–45 min)
100336,2025-02-24 14:38:00,Brașov,11,['limonadă'],1,12.0,12.99,26.0,Card,4.2676493405740885,True,2,0,14,24.990000000000002,Ciorbe și Plăcinte,Tradițional,4.4,Mica,Luni,Rapida (≤30 min)
100337,2025-02-24 14:52:00,Cluj-Napoca,1,['focaccia'],1,18.0,9.99,21.0,Card,5.0,False,2,0,14,27.990000000000002,Pizza Napoli,Pizza,4.6,Mica,Luni,Rapida (≤30 min)
100338,2025-02-24 16:03:00,Brașov,4,"['milkshake', 'burger clasic', 'cheeseburger']",3,88.0,9.99,19.0,Card,4.0,False,2,0,16,97.99,Burger Point,Burgeri,4.4,Medie,Luni,Rapida (≤30 min)
100339,2025-02-24 18:03:00,Cluj-Napoca,13,"['apă plată', 'smoothie', 'wrap cu pui']",3,55.0,7.99,27.0,Card,4.2676493405740885,False,2,0,18,62.99,Green Bowl,Healthy,4.5,Medie,Luni,Rapida (≤30 min)
100340,2025-02-24 18:36:00,București,6,"['cheeseburger', 'onion rings', 'burger clasic']",3,85.0,7.99,26.0,Card,4.2676493405740885,False,2,0,18,92.99,Grill House,Burgeri,4.0,Medie,Luni,Rapida (≤30 min)
100341,2025-02-24 19:03:00,București,18,['kebab la farfurie'],1,35.0,9.99,34.0,Card,4.0,True,2,0,19,44.99,Kebab Istanbul,Fast-food,4.1,Mica,Luni,Normala (31–45 min)
100342,2025-02-24 19:27:00,Cluj-Napoca,18,['ayran'],1,7.0,12.99,35.0,Cash,3.0,False,2,0,19,19.990000000000002,Kebab Istanbul,Fast-food,4.1,Mica,Luni,Normala (31–45 min)
100343,2025-02-24 20:09:00,Timișoara,1,"['tiramisu', 'pizza capricciosa']",2,60.0,9.99,39.0,Card,4.2676493405740885,False,2,0,20,69.99,Pizza Napoli,Pizza,4.6,Medie,Luni,Normala (31–45 min)
100344,2025-02-24 20:15:00,Iași,1,"['pizza diavola', 'focaccia']",2,57.0,9.99,36.0,Cash,4.0,False,2,0,20,66.99,Pizza Napoli,Pizza,4.6,Medie,Luni,Normala (31–45 min)
100345,2025-02-24 20:38:00,București,1,"['pizza diavola', 'pizza capricciosa', 'pizza quattro formaggi']",3,122.0,0.0,49.0,Cash,4.0,False,2,0,20,122.0,Pizza Napoli,Pizza,4.6,Mare,Luni,Lenta (>45 min)
100346,2025-02-24 22:24:00,București,18,['falafel wrap'],1,25.0,12.99,29.0,Cash,5.0,False,2,0,22,37.99,Kebab Istanbul,Fast-food,4.1,Mica,Luni,Rapida (≤30 min)
100347,2025-02-25 13:07:00,București,13,"['bowl vegan', 'wrap cu pui', 'smoothie']",3,88.0,9.99,44.0,Card,4.0,False,2,1,13,97.99,Green Bowl,Healthy,4.5,Medie,Marti,Normala (31–45 min)
100348,2025-02-25 18:10:00,Cluj-Napoca,2,"['tiramisu', 'pizza diavola', 'pizza quattro formaggi', 'focaccia']",4,118.0,0.0,12.0,Card,5.0,False,2,1,18,118.0,Forno Rustico,Pizza,4.3,Mare,Marti,Rapida (≤30 min)
100349,2025-02-25 19:37:00,Brașov,17,['falafel wrap'],1,25.0,7.99,22.0,Cash,4.0,False,2,1,19,32.99,Shaorma King,Fast-food,3.9,Mica,Marti,Rapida (≤30 min)
100350,2025-02-25 19:44:00,Cluj-Napoca,11,"['mici cu muștar (5 buc)', 'sarmale cu mămăligă']",2,66.0,9.99,43.0,Card,5.0,False,2,1,19,75.99,Ciorbe și Plăcinte,Tradițional,4.4,Medie,Marti,Normala (31–45 min)
100351,2025-02-25 20:39:00,București,1,"['cola', 'pizza diavola', 'pizza margherita']",3,79.0,9.99,31.0,Card,4.0,False,2,1,20,88.99,Pizza Napoli,Pizza,4.6,Medie,Marti,Normala (31–45 min)
100352,2025-02-25 22:52:00,Cluj-Napoca,17,"['shaorma mare', 'cartofi prăjiți']",2,41.0,12.99,25.0,Card,4.0,False,2,1,22,53.99,Shaorma King,Fast-food,3.9,Mica,Marti,Rapida (≤30 min)
100353,2025-02-25 23:10:00,Cluj-Napoca,6,['cartofi prăjiți'],1,12.0,12.99,25.0,Card,5.0,True,2,1,23,24.990000000000002,Grill House,Burgeri,4.0,Mica,Marti,Rapida (≤30 min)
100354,2025-02-26 11:08:00,Timișoara,18,['falafel wrap'],1,25.0,7.99,30.0,Card,4.0,False,2,2,11,32.99,Kebab Istanbul,Fast-food,4.1,Mica,Miercuri,Rapida (≤30 min)
100355,2025-02-26 12:27:00,Brașov,18,"['shaorma mare', 'falafel wrap', 'ayran']",3,61.0,12.99,22.0,Cash,4.0,True,2,2,12,73.99,Kebab Istanbul,Fast-food,4.1,Medie,Miercuri,Rapida (≤30 min)
100356,2025-02-26 13:35:00,Iași,11,"['sarmale cu mămăligă', 'ciorbă de burtă', 'șnițel cu piure', 'mici cu muștar (5 buc)']",4,126.0,0.0,23.0,Card,4.0,True,2,2,13,126.0,Ciorbe și Plăcinte,Tradițional,4.4,Mare,Miercuri,Rapida (≤30 min)
100357,2025-02-26 13:47:00,București,13,['wrap cu pui'],1,31.0,7.99,27.0,Card,4.0,False,2,2,13,38.99,Green Bowl,Healthy,4.5,Mica,Miercuri,Rapida (≤30 min)
100358,2025-02-26 17:37:00,București,6,"['cola', 'cheeseburger', 'onion rings']",3,59.0,7.99,29.0,Cash,4.2676493405740885,False,2,2,17,66.99,Grill House,Burgeri,4.0,Medie,Miercuri,Rapida (≤30 min)
100359,2025-02-26 17:57:00,București,4,['burger bbq'],1,42.0,9.99,42.0,Cash,4.2676493405740885,True,2,2,17,51.99,Burger Point,Burgeri,4.4,Mica,Miercuri,Normala (31–45 min)
100360,2025-02-26 20:15:00,București,10,"['șnițel cu piure', 'papanași', 'sarmale cu mămăligă']",3,98.0,9.99,31.518537859007832,Card,3.0,False,2,2,20,107.99,La Mama Acasă,Tradițional,4.8,Medie,Miercuri,Normala (31–45 min)
100361,2025-02-26 21:32:00,Iași,12,"['papanași', 'sarmale cu mămăligă']",2,60.0,7.99,36.0,Cash,4.0,False,2,2,21,67.99,Hanul Bunicii,Tradițional,4.3,Medie,Miercuri,Normala (31–45 min)
100362,2025-02-27 13:50:00,Iași,2,"['tiramisu', 'pizza margherita']",2,51.0,7.99,27.0,Card,5.0,False,2,3,13,58.99,Forno Rustico,Pizza,4.3,Medie,Joi,Rapida (≤30 min)
100363,2025-02-27 15:31:00,Iași,5,['milkshake'],1,17.0,12.99,25.0,Card,4.0,False,2,3,15,29.990000000000002,Smash Bros Burgers,Burgeri,4.7,Mica,Joi,Rapida (≤30 min)
100364,2025-02-27 18:15:00,Timișoara,7,"['california roll', 'ceai verde']",2,47.0,7.99,23.0,Card,5.0,False,2,3,18,54.99,Sushi Zen,Asiatic,4.5,Mica,Joi,Rapida (≤30 min)
100365,2025-02-27 19:39:00,București,9,"['supă miso', 'california roll']",2,53.0,12.99,38.0,Card,4.2676493405740885,True,2,3,19,65.99,Bangkok Street,Asiatic,4.2,Medie,Joi,Normala (31–45 min)
100366,2025-02-27 20:44:00,Iași,11,"['papanași', 'mici cu muștar (5 buc)', 'ciorbă de burtă']",3,76.0,7.99,31.0,Card,4.2676493405740885,False,2,3,20,83.99,Ciorbe și Plăcinte,Tradițional,4.4,Medie,Joi,Normala (31–45 min)
100367,2025-02-27 21:23:00,București,8,"['california roll', 'supă miso']",2,53.0,7.99,44.0,Card,5.0,True,2,3,21,60.99,Wok Express,Asiatic,4.0,Medie,Joi,Normala (31–45 min)
100368,2025-02-27 22:16:00,Iași,7,"['supă miso', 'ceai verde']",2,24.0,12.99,31.0,Card,4.2676493405740885,True,2,3,22,36.99,Sushi Zen,Asiatic,4.5,Mica,Joi,Normala (31–45 min)
100369,2025-02-28 10:43:00,Cluj-Napoca,10,['ciorbă de burtă'],1,22.0,9.99,36.0,Card,5.0,False,2,4,10,31.990000000000002,La Mama Acasă,Tradițional,4.8,Mica,Vineri,Normala (31–45 min)
100370,2025-02-28 12:21:00,Iași,4,"['cheeseburger', 'onion rings', 'cartofi prăjiți']",3,63.0,12.99,37.0,Card,4.0,False,2,4,12,75.99,Burger Point,Burgeri,4.4,Medie,Vineri,Normala (31–45 min)
100371,2025-02-28 13:10:00,Timișoara,14,"['apă plată', 'bowl cu somon']",2,54.0,12.99,32.0,Card,4.0,False,2,4,13,66.99,Fresh & Fit,Healthy,4.1,Medie,Vineri,Normala (31–45 min)
100372,2025-02-28 13:13:00,Iași,3,"['pizza quattro formaggi', 'focaccia']",2,60.0,9.99,26.0,Card,4.0,True,2,4,13,69.99,Pizzeria Vesuvio,Pizza,4.1,Medie,Vineri,Rapida (≤30 min)
100373,2025-02-28 13:34:00,Timișoara,18,"['cartofi prăjiți', 'falafel wrap']",2,37.0,9.99,37.0,Card,4.0,False,2,4,13,46.99,Kebab Istanbul,Fast-food,4.1,Mica,Vineri,Normala (31–45 min)
100374,2025-02-28 14:07:00,Timișoara,4,"['burger clasic', 'onion rings']",2,48.0,7.99,20.0,Card,4.0,False,2,4,14,55.99,Burger Point,Burgeri,4.4,Mica,Vineri,Rapida (≤30 min)
100375,2025-02-28 17:09:00,Brașov,14,"['salată caesar', 'smoothie', 'bowl vegan']",3,91.0,9.99,17.0,Card,4.2676493405740885,False,2,4,17,100.99,Fresh & Fit,Healthy,4.1,Medie,Vineri,Rapida (≤30 min)
100376,2025-02-28 17:59:00,Brașov,6,"['burger clasic', 'cola']",2,42.0,12.99,16.0,Card,4.2676493405740885,False,2,4,17,54.99,Grill House,Burgeri,4.0,Mica,Vineri,Rapida (≤30 min)
100377,2025-02-28 19:36:00,Cluj-Napoca,2,"['tiramisu', 'pizza capricciosa', 'pizza diavola']",3,99.0,7.99,31.0,Card,5.0,False,2,4,19,106.99,Forno Rustico,Pizza,4.3,Medie,Vineri,Normala (31–45 min)
100378,2025-02-28 19:42:00,București,17,['cartofi prăjiți'],1,12.0,7.99,30.0,Card,5.0,False,2,4,19,19.990000000000002,Shaorma King,Fast-food,3.9,Mica,Vineri,Rapida (≤30 min)
100379,2025-02-28 20:15:00,București,6,"['milkshake', 'cola']",2,25.0,9.99,45.0,Card,4.2676493405740885,False,2,4,20,34.99,Grill House,Burgeri,4.0,Mica,Vineri,Normala (31–45 min)
100380,2025-02-28 21:28:00,Cluj-Napoca,7,['ceai verde'],1,9.0,7.99,27.0,Card,4.2676493405740885,True,2,4,21,16.990000000000002,Sushi Zen,Asiatic,4.5,Mica,Vineri,Rapida (≤30 min)
100381,2025-02-28 21:30:00,București,17,"['shaorma mare', 'kebab la farfurie']",2,64.0,7.99,42.0,Card,4.0,False,2,4,21,71.99,Shaorma King,Fast-food,3.9,Medie,Vineri,Normala (31–45 min)
100382,2025-02-28 22:30:00,Cluj-Napoca,3,['tiramisu'],1,19.0,9.99,19.0,Card,4.0,True,2,4,22,28.990000000000002,Pizzeria Vesuvio,Pizza,4.1,Mica,Vineri,Rapida (≤30 min)
100383,2025-02-28 22:31:00,Brașov,17,"['falafel wrap', 'shaorma mare']",2,54.0,7.99,12.0,Card,3.0,False,2,4,22,61.99,Shaorma King,Fast-food,3.9,Medie,Vineri,Rapida (≤30 min)
100384,2025-02-28 22:37:00,București,12,"['sarmale cu mămăligă', 'papanași']",2,60.0,9.99,38.0,Card,4.2676493405740885,False,2,4,22,69.99,Hanul Bunicii,Tradițional,4.3,Medie,Vineri,Normala (31–45 min)
100385,2025-03-01 12:15:00,Cluj-Napoca,11,"['mici cu muștar (5 buc)', 'sarmale cu mămăligă', 'limonadă', 'ciorbă de burtă']",4,100.0,0.0,32.0,Cash,4.0,False,3,5,12,100.0,Ciorbe și Plăcinte,Tradițional,4.4,Mare,Sambata,Normala (31–45 min)
100386,2025-03-01 19:40:00,Timișoara,4,"['cartofi prăjiți', 'burger bbq']",2,54.0,7.99,42.0,Card,4.0,False,3,5,19,61.99,Burger Point,Burgeri,4.4,Medie,Sambata,Normala (31–45 min)
100387,2025-03-01 20:21:00,București,2,"['pizza diavola', 'cola']",2,47.0,7.99,33.0,Card,4.2676493405740885,False,3,5,20,54.99,Forno Rustico,Pizza,4.3,Mica,Sambata,Normala (31–45 min)
100388,2025-03-01 21:24:00,Timișoara,2,"['cola', 'pizza margherita', 'pizza capricciosa', 'pizza quattro formaggi']",4,123.0,0.0,25.0,Card,5.0,False,3,5,21,123.0,Forno Rustico,Pizza,4.3,Mare,Sambata,Rapida (≤30 min)
100389,2025-03-01 21:59:00,Brașov,10,"['ciorbă de burtă', 'limonadă', 'șnițel cu piure', 'mici cu muștar (5 buc)']",4,102.0,0.0,39.0,Card,3.0,False,3,5,21,102.0,La Mama Acasă,Tradițional,4.8,Mare,Sambata,Normala (31–45 min)
100390,2025-03-01 22:45:00,București,1,['pizza diavola'],1,39.0,9.99,34.0,Card,4.2676493405740885,False,3,5,22,48.99,Pizza Napoli,Pizza,4.6,Mica,Sambata,Normala (31–45 min)
100391,2025-03-02 10:49:00,Iași,7,"['sushi mix 16 buc', 'california roll', 'ceai verde']",3,112.0,0.0,21.0,Card,4.2676493405740885,False,3,6,10,112.0,Sushi Zen,Asiatic,4.5,Mare,Duminica,Rapida (≤30 min)
100392,2025-03-02 12:19:00,Brașov,2,"['pizza quattro formaggi', 'tiramisu']",2,61.0,7.99,31.518537859007832,Cash,4.2676493405740885,False,3,6,12,68.99,Forno Rustico,Pizza,4.3,Medie,Duminica,Normala (31–45 min)
100393,2025-03-02 18:45:00,București,1,"['pizza quattro formaggi', 'focaccia']",2,60.0,12.99,28.0,Cash,4.0,True,3,6,18,72.99,Pizza Napoli,Pizza,4.6,Medie,Duminica,Rapida (≤30 min)
100394,2025-03-02 19:02:00,Iași,4,['burger bbq'],1,42.0,12.99,22.0,Card,5.0,False,3,6,19,54.99,Burger Point,Burgeri,4.4,Mica,Duminica,Rapida (≤30 min)
100395,2025-03-02 19:12:00,Cluj-Napoca,5,"['cola', 'cartofi prăjiți', 'burger clasic']",3,54.0,9.99,27.0,Card,4.2676493405740885,False,3,6,19,63.99,Smash Bros Burgers,Burgeri,4.7,Medie,Duminica,Rapida (≤30 min)
100396,2025-03-02 19:42:00,București,15,"['înghețată', 'waffle cu fructe', 'cafea']",3,51.0,7.99,41.0,Card,4.2676493405740885,True,3,6,19,58.99,Dulce Cofetărie,Desert,4.6,Medie,Duminica,Normala (31–45 min)
100397,2025-03-02 20:24:00,București,3,"['focaccia', 'cola']",2,26.0,12.99,34.0,Card,4.0,False,3,6,20,38.99,Pizzeria Vesuvio,Pizza,4.1,Mica,Duminica,Normala (31–45 min)
100398,2025-03-02 20:47:00,București,15,"['cheesecake', 'papanași']",2,47.0,9.99,46.0,Card,5.0,False,3,6,20,56.99,Dulce Cofetărie,Desert,4.6,Mica,Duminica,Lenta (>45 min)
100399,2025-03-02 20:56:00,Cluj-Napoca,3,"['pizza capricciosa', 'pizza quattro formaggi']",2,83.0,9.99,32.0,Cash,5.0,False,3,6,20,92.99,Pizzeria Vesuvio,Pizza,4.1,Medie,Duminica,Normala (31–45 min)
100400,2025-03-02 21:24:00,Iași,12,['limonadă'],1,12.0,9.99,26.0,Card,5.0,False,3,6,21,21.990000000000002,Hanul Bunicii,Tradițional,4.3,Mica,Duminica,Rapida (≤30 min)
100401,2025-03-02 22:19:00,București,4,"['cheeseburger', 'burger bbq']",2,79.0,7.99,39.0,Card,3.0,True,3,6,22,86.99,Burger Point,Burgeri,4.4,Medie,Duminica,Normala (31–45 min)
100402,2025-03-03 14:20:00,Cluj-Napoca,4,"['milkshake', 'cheeseburger']",2,54.0,12.99,24.0,Card,4.2676493405740885,True,3,0,14,66.99,Burger Point,Burgeri,4.4,Medie,Luni,Rapida (≤30 min)
100403,2025-03-03 20:24:00,Timișoara,10,"['ciorbă de burtă', 'sarmale cu mămăligă', 'șnițel cu piure']",3,96.0,12.99,38.0,Card,4.2676493405740885,True,3,0,20,108.99,La Mama Acasă,Tradițional,4.8,Medie,Luni,Normala (31–45 min)
100404,2025-03-03 20:42:00,Timișoara,5,"['cheeseburger', 'burger bbq']",2,79.0,7.99,29.0,Card,4.0,True,3,0,20,86.99,Smash Bros Burgers,Burgeri,4.7,Medie,Luni,Rapida (≤30 min)
100405,2025-03-04 11:58:00,Timișoara,4,"['cola', 'burger bbq']",2,50.0,7.99,12.0,Card,5.0,True,3,1,11,57.99,Burger Point,Burgeri,4.4,Medie,Marti,Rapida (≤30 min)
100406,2025-03-04 12:09:00,Brașov,9,"['noodles cu pui', 'ceai verde', 'sushi mix 16 buc', 'supă miso']",4,125.0,0.0,38.0,Card,5.0,False,3,1,12,125.0,Bangkok Street,Asiatic,4.2,Mare,Marti,Normala (31–45 min)
100407,2025-03-04 12:20:00,București,6,"['cartofi prăjiți', 'burger bbq', 'cheeseburger', 'onion rings']",4,105.0,0.0,45.0,Card,4.2676493405740885,False,3,1,12,105.0,Grill House,Burgeri,4.0,Mare,Marti,Normala (31–45 min)
100408,2025-03-04 13:00:00,Brașov,8,"['california roll', 'sushi mix 16 buc']",2,103.0,0.0,42.0,Card,3.0,True,3,1,13,103.0,Wok Express,Asiatic,4.0,Mare,Marti,Normala (31–45 min)
100409,2025-03-04 17:02:00,Timișoara,7,"['noodles cu pui', 'sushi mix 16 buc', 'supă miso', 'california roll']",4,154.0,0.0,23.0,Card,4.0,False,3,1,17,154.0,Sushi Zen,Asiatic,4.5,Mare,Marti,Rapida (≤30 min)
100410,2025-03-04 20:02:00,Cluj-Napoca,12,"['papanași', 'limonadă', 'ciorbă de burtă', 'șnițel cu piure']",4,96.0,7.99,30.0,Card,4.0,False,3,1,20,103.99,Hanul Bunicii,Tradițional,4.3,Medie,Marti,Rapida (≤30 min)
100411,2025-03-05 10:44:00,Cluj-Napoca,5,"['cheeseburger', 'milkshake']",2,54.0,7.99,24.0,Card,4.0,False,3,2,10,61.99,Smash Bros Burgers,Burgeri,4.7,Medie,Miercuri,Rapida (≤30 min)
100412,2025-03-05 12:05:00,București,1,"['pizza diavola', 'focaccia']",2,57.0,9.99,41.0,Card,4.0,False,3,2,12,66.99,Pizza Napoli,Pizza,4.6,Medie,Miercuri,Normala (31–45 min)
100413,2025-03-05 14:04:00,București,18,['ayran'],1,7.0,12.99,37.0,Card,4.0,False,3,2,14,19.990000000000002,Kebab Istanbul,Fast-food,4.1,Mica,Miercuri,Normala (31–45 min)
100414,2025-03-05 18:37:00,Iași,7,"['california roll', 'supă miso', 'sushi mix 16 buc']",3,118.0,0.0,32.0,Cash,4.2676493405740885,False,3,2,18,118.0,Sushi Zen,Asiatic,4.5,Mare,Miercuri,Normala (31–45 min)
100415,2025-03-05 20:53:00,Timișoara,8,"['supă miso', 'sushi mix 16 buc', 'ceai verde', 'pad thai']",4,130.0,0.0,40.0,Card,4.0,True,3,2,20,130.0,Wok Express,Asiatic,4.0,Mare,Miercuri,Normala (31–45 min)
100416,2025-03-05 22:44:00,București,7,"['sushi mix 16 buc', 'california roll']",2,103.0,0.0,31.0,Card,4.0,False,3,2,22,103.0,Sushi Zen,Asiatic,4.5,Mare,Miercuri,Normala (31–45 min)
100417,2025-03-06 14:01:00,București,13,"['smoothie', 'apă plată', 'salată caesar']",3,58.0,7.99,41.0,Cash,4.2676493405740885,False,3,3,14,65.99,Green Bowl,Healthy,4.5,Medie,Joi,Normala (31–45 min)
100418,2025-03-06 14:31:00,București,13,"['apă plată', 'bowl vegan']",2,45.0,7.99,37.0,Card,4.2676493405740885,False,3,3,14,52.99,Green Bowl,Healthy,4.5,Mica,Joi,Normala (31–45 min)
100419,2025-03-06 19:39:00,Cluj-Napoca,14,"['wrap cu pui', 'bowl cu somon', 'bowl vegan']",3,118.0,0.0,31.0,Cash,5.0,True,3,3,19,118.0,Fresh & Fit,Healthy,4.1,Mare,Joi,Normala (31–45 min)
100420,2025-03-07 14:40:00,Brașov,13,['apă plată'],1,6.0,7.99,25.0,Card,5.0,False,3,4,14,13.99,Green Bowl,Healthy,4.5,Mica,Vineri,Rapida (≤30 min)
100421,2025-03-07 14:40:00,Iași,13,"['salată caesar', 'bowl vegan']",2,73.0,9.99,37.0,Card,4.0,True,3,4,14,82.99,Green Bowl,Healthy,4.5,Medie,Vineri,Normala (31–45 min)
100422,2025-03-07 19:17:00,Iași,11,"['sarmale cu mămăligă', 'mici cu muștar (5 buc)', 'papanași', 'limonadă']",4,102.0,0.0,38.0,Card,4.2676493405740885,False,3,4,19,102.0,Ciorbe și Plăcinte,Tradițional,4.4,Mare,Vineri,Normala (31–45 min)
100423,2025-03-08 11:23:00,București,13,['apă plată'],1,6.0,7.99,45.0,Card,3.0,False,3,5,11,13.99,Green Bowl,Healthy,4.5,Mica,Sambata,Normala (31–45 min)
100424,2025-03-08 12:50:00,București,7,['supă miso'],1,15.0,9.99,30.0,Card,4.0,True,3,5,12,24.990000000000002,Sushi Zen,Asiatic,4.5,Mica,Sambata,Rapida (≤30 min)
100425,2025-03-08 13:24:00,Cluj-Napoca,2,"['cola', 'pizza margherita']",2,40.0,7.99,31.0,Cash,5.0,False,3,5,13,47.99,Forno Rustico,Pizza,4.3,Mica,Sambata,Normala (31–45 min)
100426,2025-03-08 13:53:00,Brașov,16,"['cheesecake', 'cafea']",2,33.0,7.99,22.0,Card,5.0,False,3,5,13,40.99,Waffle Time,Desert,4.2,Mica,Sambata,Rapida (≤30 min)
100427,2025-03-08 17:39:00,București,8,"['supă miso', 'california roll']",2,53.0,9.99,27.0,Card,5.0,False,3,5,17,62.99,Wok Express,Asiatic,4.0,Medie,Sambata,Rapida (≤30 min)
100428,2025-03-09 12:30:00,Cluj-Napoca,6,"['burger bbq', 'cartofi prăjiți']",2,54.0,9.99,39.0,Card,4.0,False,3,6,12,63.99,Grill House,Burgeri,4.0,Medie,Duminica,Normala (31–45 min)
100429,2025-03-09 12:36:00,Iași,1,"['pizza diavola', 'pizza capricciosa', 'tiramisu']",3,99.0,9.99,17.0,Card,5.0,False,3,6,12,108.99,Pizza Napoli,Pizza,4.6,Medie,Duminica,Rapida (≤30 min)
100430,2025-03-09 13:16:00,Iași,3,['pizza capricciosa'],1,41.0,12.99,32.0,Card,4.0,True,3,6,13,53.99,Pizzeria Vesuvio,Pizza,4.1,Mica,Duminica,Normala (31–45 min)
100431,2025-03-09 15:20:00,Iași,1,"['pizza quattro formaggi', 'focaccia']",2,60.0,7.99,34.0,Card,5.0,False,3,6,15,67.99,Pizza Napoli,Pizza,4.6,Medie,Duminica,Normala (31–45 min)
100432,2025-03-09 19:29:00,București,16,['waffle cu fructe'],1,26.0,9.99,37.0,Card,4.0,False,3,6,19,35.99,Waffle Time,Desert,4.2,Mica,Duminica,Normala (31–45 min)
100433,2025-03-10 19:25:00,Timișoara,17,"['shaorma medie', 'shaorma mare']",2,53.0,7.99,22.0,Card,4.0,False,3,0,19,60.99,Shaorma King,Fast-food,3.9,Medie,Luni,Rapida (≤30 min)
100434,2025-03-10 20:30:00,București,6,"['cartofi prăjiți', 'milkshake']",2,29.0,7.99,30.0,Card,5.0,False,3,0,20,36.99,Grill House,Burgeri,4.0,Mica,Luni,Rapida (≤30 min)
100435,2025-03-10 21:22:00,Timișoara,6,"['burger bbq', 'cola', 'burger clasic', 'cartofi prăjiți']",4,96.0,9.99,35.0,Card,4.0,False,3,0,21,105.99,Grill House,Burgeri,4.0,Medie,Luni,Normala (31–45 min)
100436,2025-03-10 21:29:00,Iași,2,"['pizza quattro formaggi', 'tiramisu']",2,61.0,7.99,40.0,Cash,4.2676493405740885,False,3,0,21,68.99,Forno Rustico,Pizza,4.3,Medie,Luni,Normala (31–45 min)
100437,2025-03-10 21:45:00,Timișoara,4,['cheeseburger'],1,37.0,7.99,18.0,Card,4.2676493405740885,False,3,0,21,44.99,Burger Point,Burgeri,4.4,Mica,Luni,Rapida (≤30 min)
100438,2025-03-11 12:24:00,Timișoara,5,"['burger clasic', 'burger bbq']",2,76.0,9.99,30.0,Card,4.0,False,3,1,12,85.99,Smash Bros Burgers,Burgeri,4.7,Medie,Marti,Rapida (≤30 min)
100439,2025-03-11 12:40:00,București,18,"['shaorma mare', 'kebab la farfurie', 'falafel wrap', 'ayran']",4,96.0,9.99,35.0,Cash,4.0,False,3,1,12,105.99,Kebab Istanbul,Fast-food,4.1,Medie,Marti,Normala (31–45 min)
100440,2025-03-11 13:06:00,București,3,['focaccia'],1,18.0,9.99,29.0,Card,5.0,False,3,1,13,27.990000000000002,Pizzeria Vesuvio,Pizza,4.1,Mica,Marti,Rapida (≤30 min)
100441,2025-03-11 14:19:00,București,8,"['supă miso', 'pad thai', 'ceai verde']",3,65.0,7.99,41.0,Card,3.0,False,3,1,14,72.99,Wok Express,Asiatic,4.0,Medie,Marti,Normala (31–45 min)
100442,2025-03-11 14:30:00,București,14,"['bowl cu somon', 'wrap cu pui', 'apă plată', 'smoothie']",4,103.0,0.0,33.0,Cash,4.2676493405740885,True,3,1,14,103.0,Fresh & Fit,Healthy,4.1,Mare,Marti,Normala (31–45 min)
100443,2025-03-11 17:08:00,București,2,"['tiramisu', 'focaccia']",2,37.0,9.99,31.0,Card,4.0,False,3,1,17,46.99,Forno Rustico,Pizza,4.3,Mica,Marti,Normala (31–45 min)
100444,2025-03-11 20:28:00,Brașov,2,"['pizza capricciosa', 'tiramisu']",2,60.0,12.99,38.0,Card,4.0,True,3,1,20,72.99,Forno Rustico,Pizza,4.3,Medie,Marti,Normala (31–45 min)
100445,2025-03-11 20:53:00,București,7,"['noodles cu pui', 'supă miso', 'sushi mix 16 buc', 'ceai verde']",4,125.0,0.0,45.0,Cash,4.0,False,3,1,20,125.0,Sushi Zen,Asiatic,4.5,Mare,Marti,Normala (31–45 min)
100446,2025-03-12 14:30:00,București,15,"['clătite cu ciocolată', 'cafea']",2,31.0,12.99,25.0,Card,5.0,False,3,2,14,43.99,Dulce Cofetărie,Desert,4.6,Mica,Miercuri,Rapida (≤30 min)
100447,2025-03-12 14:51:00,Timișoara,8,"['california roll', 'supă miso', 'noodles cu pui', 'ceai verde']",4,98.0,12.99,34.0,Card,4.2676493405740885,False,3,2,14,110.99,Wok Express,Asiatic,4.0,Medie,Miercuri,Normala (31–45 min)
100448,2025-03-12 20:04:00,București,8,"['california roll', 'sushi mix 16 buc']",2,103.0,0.0,49.0,Card,3.0,True,3,2,20,103.0,Wok Express,Asiatic,4.0,Mare,Miercuri,Lenta (>45 min)
100449,2025-03-13 15:00:00,București,1,"['pizza capricciosa', 'pizza margherita']",2,73.0,12.99,36.0,Card,4.0,False,3,3,15,85.99,Pizza Napoli,Pizza,4.6,Medie,Joi,Normala (31–45 min)
100450,2025-03-13 16:32:00,București,4,"['burger clasic', 'milkshake', 'cheeseburger']",3,88.0,9.99,27.0,Card,4.2676493405740885,False,3,3,16,97.99,Burger Point,Burgeri,4.4,Medie,Joi,Rapida (≤30 min)
100451,2025-03-14 12:50:00,București,3,"['focaccia', 'pizza quattro formaggi', 'cola']",3,68.0,7.99,39.0,Card,2.0,False,3,4,12,75.99,Pizzeria Vesuvio,Pizza,4.1,Medie,Vineri,Normala (31–45 min)
100452,2025-03-14 13:27:00,Timișoara,15,['clătite cu ciocolată'],1,21.0,7.99,37.0,Card,4.2676493405740885,False,3,4,13,28.990000000000002,Dulce Cofetărie,Desert,4.6,Mica,Vineri,Normala (31–45 min)
100453,2025-03-14 14:37:00,București,5,"['burger clasic', 'onion rings', 'burger bbq', 'milkshake']",4,107.0,0.0,33.0,Cash,4.2676493405740885,False,3,4,14,107.0,Smash Bros Burgers,Burgeri,4.7,Mare,Vineri,Normala (31–45 min)
100454,2025-03-14 14:57:00,București,5,['cola'],1,8.0,12.99,27.0,Card,4.0,False,3,4,14,20.990000000000002,Smash Bros Burgers,Burgeri,4.7,Mica,Vineri,Rapida (≤30 min)
100455,2025-03-14 18:19:00,Iași,18,"['falafel wrap', 'ayran']",2,32.0,7.99,14.0,Card,4.2676493405740885,False,3,4,18,39.99,Kebab Istanbul,Fast-food,4.1,Mica,Vineri,Rapida (≤30 min)
100456,2025-03-14 20:35:00,București,11,"['mici cu muștar (5 buc)', 'limonadă']",2,42.0,9.99,42.0,Card,4.2676493405740885,False,3,4,20,51.99,Ciorbe și Plăcinte,Tradițional,4.4,Mica,Vineri,Normala (31–45 min)
100457,2025-03-15 12:22:00,București,9,"['california roll', 'supă miso']",2,53.0,12.99,42.0,Card,4.0,False,3,5,12,65.99,Bangkok Street,Asiatic,4.2,Medie,Sambata,Normala (31–45 min)
100458,2025-03-15 20:48:00,Timișoara,2,['tiramisu'],1,19.0,7.99,30.0,Cash,4.0,False,3,5,20,26.990000000000002,Forno Rustico,Pizza,4.3,Mica,Sambata,Rapida (≤30 min)
100459,2025-03-15 21:06:00,Iași,16,"['cheesecake', 'înghețată', 'clătite cu ciocolată']",3,59.0,7.99,34.0,Card,4.2676493405740885,False,3,5,21,66.99,Waffle Time,Desert,4.2,Medie,Sambata,Normala (31–45 min)
100460,2025-03-15 21:46:00,București,2,"['tiramisu', 'pizza quattro formaggi', 'pizza margherita']",3,93.0,9.99,38.0,Card,4.0,False,3,5,21,102.99,Forno Rustico,Pizza,4.3,Medie,Sambata,Normala (31–45 min)
100461,2025-03-15 22:24:00,București,9,"['california roll', 'sushi mix 16 buc', 'ceai verde']",3,112.0,0.0,29.0,Card,5.0,False,3,5,22,112.0,Bangkok Street,Asiatic,4.2,Mare,Sambata,Rapida (≤30 min)
100462,2025-03-16 10:55:00,Cluj-Napoca,7,['california roll'],1,38.0,7.99,21.0,Card,5.0,True,3,6,10,45.99,Sushi Zen,Asiatic,4.5,Mica,Duminica,Rapida (≤30 min)
100463,2025-03-16 14:44:00,Iași,1,"['cola', 'pizza capricciosa']",2,49.0,12.99,23.0,Card,4.0,True,3,6,14,61.99,Pizza Napoli,Pizza,4.6,Mica,Duminica,Rapida (≤30 min)
100464,2025-03-16 20:33:00,Cluj-Napoca,5,"['burger bbq', 'milkshake', 'cola', 'onion rings']",4,81.0,9.99,36.0,Card,4.0,False,3,6,20,90.99,Smash Bros Burgers,Burgeri,4.7,Medie,Duminica,Normala (31–45 min)
100465,2025-03-16 21:47:00,Timișoara,3,['pizza quattro formaggi'],1,42.0,12.99,38.0,Cash,3.0,False,3,6,21,54.99,Pizzeria Vesuvio,Pizza,4.1,Mica,Duminica,Normala (31–45 min)
100466,2025-03-16 22:44:00,București,3,['pizza diavola'],1,39.0,12.99,30.0,Card,4.2676493405740885,True,3,6,22,51.99,Pizzeria Vesuvio,Pizza,4.1,Mica,Duminica,Rapida (≤30 min)
100467,2025-03-17 14:19:00,Brașov,2,"['pizza diavola', 'tiramisu']",2,58.0,7.99,20.0,Card,4.0,False,3,0,14,65.99,Forno Rustico,Pizza,4.3,Medie,Luni,Rapida (≤30 min)
100468,2025-03-17 20:40:00,Iași,1,"['pizza capricciosa', 'focaccia', 'tiramisu']",3,78.0,9.99,38.0,Card,5.0,False,3,0,20,87.99,Pizza Napoli,Pizza,4.6,Medie,Luni,Normala (31–45 min)
100469,2025-03-17 20:47:00,Timișoara,18,['cartofi prăjiți'],1,12.0,12.99,28.0,Cash,5.0,True,3,0,20,24.990000000000002,Kebab Istanbul,Fast-food,4.1,Mica,Luni,Rapida (≤30 min)
100470,2025-03-17 21:30:00,București,6,"['milkshake', 'burger bbq']",2,59.0,12.99,37.0,Cash,4.0,False,3,0,21,71.99,Grill House,Burgeri,4.0,Medie,Luni,Normala (31–45 min)
100471,2025-03-17 22:08:00,București,7,"['supă miso', 'california roll']",2,53.0,12.99,53.0,Card,3.0,False,3,0,22,65.99,Sushi Zen,Asiatic,4.5,Medie,Luni,Lenta (>45 min)
100472,2025-03-18 10:43:00,București,9,"['california roll', 'ceai verde']",2,47.0,12.99,29.0,Card,4.0,False,3,1,10,59.99,Bangkok Street,Asiatic,4.2,Mica,Marti,Rapida (≤30 min)
100473,2025-03-18 12:05:00,Iași,15,"['cafea', 'cheesecake', 'papanași']",3,57.0,9.99,22.0,Card,4.0,False,3,1,12,66.99,Dulce Cofetărie,Desert,4.6,Medie,Marti,Rapida (≤30 min)
100474,2025-03-18 14:20:00,București,18,['falafel wrap'],1,25.0,9.99,17.0,Cash,5.0,False,3,1,14,34.99,Kebab Istanbul,Fast-food,4.1,Mica,Marti,Rapida (≤30 min)
100475,2025-03-18 15:16:00,București,5,['milkshake'],1,17.0,7.99,26.0,Card,4.2676493405740885,True,3,1,15,24.990000000000002,Smash Bros Burgers,Burgeri,4.7,Mica,Marti,Rapida (≤30 min)
100476,2025-03-18 21:53:00,Cluj-Napoca,4,"['burger clasic', 'burger bbq', 'cartofi prăjiți']",3,88.0,12.99,26.0,Card,4.0,False,3,1,21,100.99,Burger Point,Burgeri,4.4,Medie,Marti,Rapida (≤30 min)
100477,2025-03-19 11:11:00,Brașov,6,['cheeseburger'],1,37.0,7.99,21.0,Card,5.0,False,3,2,11,44.99,Grill House,Burgeri,4.0,Mica,Miercuri,Rapida (≤30 min)
100478,2025-03-19 13:05:00,București,18,"['ayran', 'kebab la farfurie', 'cartofi prăjiți']",3,54.0,9.99,32.0,Card,4.0,False,3,2,13,63.99,Kebab Istanbul,Fast-food,4.1,Medie,Miercuri,Normala (31–45 min)
100479,2025-03-19 13:40:00,București,1,"['pizza capricciosa', 'pizza quattro formaggi', 'pizza diavola']",3,122.0,0.0,40.0,Card,4.0,False,3,2,13,122.0,Pizza Napoli,Pizza,4.6,Mare,Miercuri,Normala (31–45 min)
100480,2025-03-19 18:16:00,Iași,13,"['apă plată', 'wrap cu pui']",2,37.0,7.99,26.0,Card,4.0,True,3,2,18,44.99,Green Bowl,Healthy,4.5,Mica,Miercuri,Rapida (≤30 min)
100481,2025-03-19 18:33:00,București,11,"['ciorbă de burtă', 'limonadă', 'șnițel cu piure', 'mici cu muștar (5 buc)']",4,102.0,0.0,38.0,Card,4.0,False,3,2,18,102.0,Ciorbe și Plăcinte,Tradițional,4.4,Mare,Miercuri,Normala (31–45 min)
100482,2025-03-19 18:36:00,București,18,['shaorma medie'],1,24.0,9.99,25.0,Card,5.0,False,3,2,18,33.99,Kebab Istanbul,Fast-food,4.1,Mica,Miercuri,Rapida (≤30 min)
100483,2025-03-19 19:25:00,București,9,['noodles cu pui'],1,36.0,7.99,43.0,Card,4.2676493405740885,False,3,2,19,43.99,Bangkok Street,Asiatic,4.2,Mica,Miercuri,Normala (31–45 min)
100484,2025-03-19 20:27:00,Cluj-Napoca,6,"['burger clasic', 'cola']",2,42.0,7.99,30.0,Cash,5.0,False,3,2,20,49.99,Grill House,Burgeri,4.0,Mica,Miercuri,Rapida (≤30 min)
100485,2025-03-20 10:36:00,București,18,['cartofi prăjiți'],1,12.0,7.99,36.0,Card,4.0,False,3,3,10,19.990000000000002,Kebab Istanbul,Fast-food,4.1,Mica,Joi,Normala (31–45 min)
100486,2025-03-20 12:54:00,Iași,1,"['pizza diavola', 'pizza margherita']",2,71.0,9.99,31.0,Card,5.0,False,3,3,12,80.99,Pizza Napoli,Pizza,4.6,Medie,Joi,Normala (31–45 min)
100487,2025-03-20 14:58:00,Timișoara,5,"['onion rings', 'cartofi prăjiți', 'milkshake', 'cheeseburger']",4,80.0,12.99,16.0,Card,5.0,False,3,3,14,92.99,Smash Bros Burgers,Burgeri,4.7,Medie,Joi,Rapida (≤30 min)
100488,2025-03-20 17:00:00,București,4,"['cheeseburger', 'burger bbq', 'burger clasic']",3,113.0,0.0,31.0,Cash,4.0,False,3,3,17,113.0,Burger Point,Burgeri,4.4,Mare,Joi,Normala (31–45 min)
100489,2025-03-20 18:38:00,Timișoara,6,['cartofi prăjiți'],1,12.0,9.99,25.0,Card,5.0,False,3,3,18,21.990000000000002,Grill House,Burgeri,4.0,Mica,Joi,Rapida (≤30 min)
100490,2025-03-20 18:53:00,Iași,11,"['mici cu muștar (5 buc)', 'ciorbă de burtă', 'sarmale cu mămăligă']",3,88.0,9.99,16.0,Card,3.0,False,3,3,18,97.99,Ciorbe și Plăcinte,Tradițional,4.4,Medie,Joi,Rapida (≤30 min)
100491,2025-03-20 19:16:00,Cluj-Napoca,2,"['pizza quattro formaggi', 'tiramisu']",2,61.0,9.99,28.0,Card,4.2676493405740885,True,3,3,19,70.99,Forno Rustico,Pizza,4.3,Medie,Joi,Rapida (≤30 min)
100492,2025-03-20 19:21:00,București,15,['înghețată'],1,15.0,7.99,46.0,Card,4.2676493405740885,False,3,3,19,22.990000000000002,Dulce Cofetărie,Desert,4.6,Mica,Joi,Lenta (>45 min)
100493,2025-03-20 19:35:00,București,7,"['california roll', 'ceai verde']",2,47.0,9.99,44.0,Cash,4.0,False,3,3,19,56.99,Sushi Zen,Asiatic,4.5,Mica,Joi,Normala (31–45 min)
100494,2025-03-20 20:04:00,Timișoara,1,"['pizza diavola', 'focaccia']",2,57.0,12.99,39.0,Card,4.0,False,3,3,20,69.99,Pizza Napoli,Pizza,4.6,Medie,Joi,Normala (31–45 min)
100495,2025-03-20 20:31:00,București,7,"['california roll', 'sushi mix 16 buc', 'supă miso']",3,118.0,0.0,52.0,Cash,4.0,True,3,3,20,118.0,Sushi Zen,Asiatic,4.5,Mare,Joi,Lenta (>45 min)
100496,2025-03-20 22:05:00,București,12,"['sarmale cu mămăligă', 'mici cu muștar (5 buc)', 'ciorbă de burtă']",3,88.0,7.99,32.0,Cash,3.0,True,3,3,22,95.99,Hanul Bunicii,Tradițional,4.3,Medie,Joi,Normala (31–45 min)
100497,2025-03-20 22:14:00,Brașov,4,"['cola', 'burger clasic']",2,42.0,7.99,31.518537859007832,Card,4.2676493405740885,False,3,3,22,49.99,Burger Point,Burgeri,4.4,Mica,Joi,Normala (31–45 min)
100498,2025-03-20 23:02:00,Timișoara,12,"['papanași', 'mici cu muștar (5 buc)']",2,54.0,12.99,21.0,Cash,4.2676493405740885,False,3,3,23,66.99,Hanul Bunicii,Tradițional,4.3,Medie,Joi,Rapida (≤30 min)
100499,2025-03-21 12:29:00,Brașov,2,"['pizza capricciosa', 'tiramisu']",2,60.0,9.99,26.0,Cash,5.0,False,3,4,12,69.99,Forno Rustico,Pizza,4.3,Medie,Vineri,Rapida (≤30 min)
100500,2025-03-21 12:31:00,București,17,"['falafel wrap', 'cartofi prăjiți', 'shaorma medie']",3,61.0,9.99,44.0,Card,4.2676493405740885,False,3,4,12,70.99,Shaorma King,Fast-food,3.9,Medie,Vineri,Normala (31–45 min)
100501,2025-03-21 15:38:00,Iași,1,['cola'],1,8.0,12.99,21.0,Card,4.2676493405740885,False,3,4,15,20.990000000000002,Pizza Napoli,Pizza,4.6,Mica,Vineri,Rapida (≤30 min)
100502,2025-03-21 15:50:00,Brașov,9,"['noodles cu pui', 'sushi mix 16 buc']",2,101.0,0.0,34.0,Card,4.2676493405740885,False,3,4,15,101.0,Bangkok Street,Asiatic,4.2,Mare,Vineri,Normala (31–45 min)
100503,2025-03-21 16:50:00,Cluj-Napoca,17,['shaorma mare'],1,29.0,9.99,17.0,Card,4.0,False,3,4,16,38.99,Shaorma King,Fast-food,3.9,Mica,Vineri,Rapida (≤30 min)
100504,2025-03-21 19:36:00,București,8,"['pad thai', 'california roll', 'noodles cu pui', 'ceai verde']",4,124.0,0.0,50.0,Card,4.0,False,3,4,19,124.0,Wok Express,Asiatic,4.0,Mare,Vineri,Lenta (>45 min)
100505,2025-03-22 11:21:00,Brașov,13,"['bowl cu somon', 'apă plată', 'salată caesar', 'bowl vegan']",4,127.0,0.0,26.0,Cash,4.0,False,3,5,11,127.0,Green Bowl,Healthy,4.5,Mare,Sambata,Rapida (≤30 min)
100506,2025-03-22 12:21:00,Timișoara,5,['onion rings'],1,14.0,7.99,19.0,Card,4.2676493405740885,False,3,5,12,21.990000000000002,Smash Bros Burgers,Burgeri,4.7,Mica,Sambata,Rapida (≤30 min)
100507,2025-03-22 14:49:00,București,1,"['tiramisu', 'pizza margherita']",2,51.0,9.99,36.0,Cash,4.0,False,3,5,14,60.99,Pizza Napoli,Pizza,4.6,Medie,Sambata,Normala (31–45 min)
100508,2025-03-22 16:13:00,Timișoara,12,"['șnițel cu piure', 'ciorbă de burtă', 'sarmale cu mămăligă', 'limonadă']",4,108.0,0.0,27.0,Cash,5.0,False,3,5,16,108.0,Hanul Bunicii,Tradițional,4.3,Mare,Sambata,Rapida (≤30 min)
100509,2025-03-22 19:50:00,Iași,11,"['sarmale cu mămăligă', 'șnițel cu piure', 'ciorbă de burtă']",3,96.0,7.99,49.0,Cash,4.0,False,3,5,19,103.99,Ciorbe și Plăcinte,Tradițional,4.4,Medie,Sambata,Lenta (>45 min)
100510,2025-03-22 19:56:00,București,2,"['pizza diavola', 'pizza quattro formaggi']",2,81.0,9.99,43.0,Cash,3.0,False,3,5,19,90.99,Forno Rustico,Pizza,4.3,Medie,Sambata,Normala (31–45 min)
100511,2025-03-22 20:23:00,Cluj-Napoca,18,"['kebab la farfurie', 'shaorma mare']",2,64.0,9.99,25.0,Card,5.0,False,3,5,20,73.99,Kebab Istanbul,Fast-food,4.1,Medie,Sambata,Rapida (≤30 min)
100512,2025-03-22 21:42:00,Brașov,8,"['pad thai', 'sushi mix 16 buc']",2,106.0,0.0,44.0,Card,4.0,False,3,5,21,106.0,Wok Express,Asiatic,4.0,Mare,Sambata,Normala (31–45 min)
100513,2025-03-22 21:51:00,Cluj-Napoca,14,"['bowl vegan', 'salată caesar', 'apă plată']",3,79.0,9.99,30.0,Card,4.2676493405740885,False,3,5,21,88.99,Fresh & Fit,Healthy,4.1,Medie,Sambata,Rapida (≤30 min)
100514,2025-03-22 22:12:00,Cluj-Napoca,8,"['ceai verde', 'sushi mix 16 buc', 'noodles cu pui']",3,110.0,0.0,25.0,Card,4.2676493405740885,False,3,5,22,110.0,Wok Express,Asiatic,4.0,Mare,Sambata,Rapida (≤30 min)
100515,2025-03-23 12:43:00,Timișoara,4,"['burger clasic', 'cartofi prăjiți']",2,46.0,7.99,31.0,Card,4.2676493405740885,False,3,6,12,53.99,Burger Point,Burgeri,4.4,Mica,Duminica,Normala (31–45 min)
100516,2025-03-23 14:50:00,București,1,['pizza capricciosa'],1,41.0,12.99,32.0,Card,4.2676493405740885,False,3,6,14,53.99,Pizza Napoli,Pizza,4.6,Mica,Duminica,Normala (31–45 min)
100517,2025-03-23 15:27:00,București,2,"['pizza capricciosa', 'focaccia', 'pizza margherita']",3,91.0,12.99,35.0,Card,4.0,False,3,6,15,103.99,Forno Rustico,Pizza,4.3,Medie,Duminica,Normala (31–45 min)
100518,2025-03-23 19:10:00,București,14,"['wrap cu pui', 'salată caesar', 'apă plată', 'smoothie']",4,89.0,9.99,32.0,Cash,4.0,False,3,6,19,98.99,Fresh & Fit,Healthy,4.1,Medie,Duminica,Normala (31–45 min)
100519,2025-03-23 22:08:00,București,7,"['supă miso', 'pad thai', 'california roll', 'noodles cu pui']",4,130.0,0.0,32.0,Card,4.2676493405740885,False,3,6,22,130.0,Sushi Zen,Asiatic,4.5,Mare,Duminica,Normala (31–45 min)
100520,2025-03-24 11:04:00,Cluj-Napoca,3,['focaccia'],1,18.0,9.99,20.0,Cash,4.2676493405740885,False,3,0,11,27.990000000000002,Pizzeria Vesuvio,Pizza,4.1,Mica,Luni,Rapida (≤30 min)
100521,2025-03-24 14:42:00,Iași,12,['limonadă'],1,12.0,9.99,25.0,Cash,4.2676493405740885,True,3,0,14,21.990000000000002,Hanul Bunicii,Tradițional,4.3,Mica,Luni,Rapida (≤30 min)
100522,2025-03-24 20:33:00,Cluj-Napoca,11,['limonadă'],1,12.0,9.99,31.518537859007832,Card,4.0,False,3,0,20,21.990000000000002,Ciorbe și Plăcinte,Tradițional,4.4,Mica,Luni,Normala (31–45 min)
100523,2025-03-24 20:55:00,Cluj-Napoca,5,['onion rings'],1,14.0,9.99,28.0,Card,5.0,True,3,0,20,23.990000000000002,Smash Bros Burgers,Burgeri,4.7,Mica,Luni,Rapida (≤30 min)
100524,2025-03-24 21:54:00,Brașov,8,"['ceai verde', 'noodles cu pui', 'california roll']",3,83.0,9.99,24.0,Card,4.2676493405740885,False,3,0,21,92.99,Wok Express,Asiatic,4.0,Medie,Luni,Rapida (≤30 min)
100525,2025-03-25 12:38:00,București,14,['wrap cu pui'],1,31.0,7.99,35.0,Card,4.0,False,3,1,12,38.99,Fresh & Fit,Healthy,4.1,Mica,Marti,Normala (31–45 min)
100526,2025-03-25 14:38:00,Timișoara,5,"['cartofi prăjiți', 'cheeseburger', 'burger bbq', 'cola']",4,99.0,7.99,26.0,Card,4.0,False,3,1,14,106.99,Smash Bros Burgers,Burgeri,4.7,Medie,Marti,Rapida (≤30 min)
100527,2025-03-25 16:02:00,Cluj-Napoca,5,"['cheeseburger', 'milkshake']",2,54.0,9.99,23.0,Cash,4.2676493405740885,True,3,1,16,63.99,Smash Bros Burgers,Burgeri,4.7,Medie,Marti,Rapida (≤30 min)
100528,2025-03-25 20:46:00,Iași,12,"['sarmale cu mămăligă', 'limonadă']",2,48.0,7.99,31.0,Card,4.2676493405740885,False,3,1,20,55.99,Hanul Bunicii,Tradițional,4.3,Mica,Marti,Normala (31–45 min)
100529,2025-03-25 21:22:00,Iași,18,['cartofi prăjiți'],1,12.0,9.99,20.0,Card,4.2676493405740885,False,3,1,21,21.990000000000002,Kebab Istanbul,Fast-food,4.1,Mica,Marti,Rapida (≤30 min)
100530,2025-03-25 21:45:00,București,18,"['falafel wrap', 'kebab la farfurie']",2,60.0,9.99,52.0,Card,3.0,False,3,1,21,69.99,Kebab Istanbul,Fast-food,4.1,Medie,Marti,Lenta (>45 min)
100531,2025-03-26 10:56:00,Cluj-Napoca,12,"['ciorbă de burtă', 'șnițel cu piure']",2,60.0,7.99,31.0,Card,4.0,True,3,2,10,67.99,Hanul Bunicii,Tradițional,4.3,Medie,Miercuri,Normala (31–45 min)
100532,2025-03-26 18:47:00,București,3,"['pizza margherita', 'pizza capricciosa']",2,73.0,9.99,41.0,Card,4.2676493405740885,False,3,2,18,82.99,Pizzeria Vesuvio,Pizza,4.1,Medie,Miercuri,Normala (31–45 min)
100533,2025-03-26 19:14:00,București,6,"['cartofi prăjiți', 'cola', 'cheeseburger']",3,57.0,7.99,48.0,Card,4.2676493405740885,False,3,2,19,64.99,Grill House,Burgeri,4.0,Medie,Miercuri,Lenta (>45 min)
100534,2025-03-26 20:11:00,București,3,"['pizza capricciosa', 'tiramisu']",2,60.0,9.99,49.0,Cash,3.0,False,3,2,20,69.99,Pizzeria Vesuvio,Pizza,4.1,Medie,Miercuri,Lenta (>45 min)
100535,2025-03-26 21:52:00,Brașov,2,"['pizza quattro formaggi', 'focaccia', 'pizza margherita']",3,92.0,7.99,33.0,Card,5.0,False,3,2,21,99.99,Forno Rustico,Pizza,4.3,Medie,Miercuri,Normala (31–45 min)
100536,2025-03-26 22:57:00,Iași,5,['cheeseburger'],1,37.0,12.99,23.0,Card,4.0,False,3,2,22,49.99,Smash Bros Burgers,Burgeri,4.7,Mica,Miercuri,Rapida (≤30 min)
100537,2025-03-27 18:18:00,Iași,4,['burger clasic'],1,34.0,9.99,12.0,Card,5.0,False,3,3,18,43.99,Burger Point,Burgeri,4.4,Mica,Joi,Rapida (≤30 min)
100538,2025-03-28 11:23:00,București,6,"['milkshake', 'burger bbq']",2,59.0,12.99,28.0,Card,4.2676493405740885,False,3,4,11,71.99,Grill House,Burgeri,4.0,Medie,Vineri,Rapida (≤30 min)
100539,2025-03-28 13:52:00,Brașov,5,"['cartofi prăjiți', 'onion rings']",2,26.0,7.99,12.0,Card,5.0,False,3,4,13,33.99,Smash Bros Burgers,Burgeri,4.7,Mica,Vineri,Rapida (≤30 min)
100540,2025-03-28 17:39:00,București,11,"['șnițel cu piure', 'limonadă', 'mici cu muștar (5 buc)']",3,80.0,9.99,31.518537859007832,Card,3.0,False,3,4,17,89.99,Ciorbe și Plăcinte,Tradițional,4.4,Medie,Vineri,Normala (31–45 min)
100541,2025-03-28 18:53:00,București,14,"['bowl vegan', 'apă plată']",2,45.0,9.99,51.0,Cash,4.2676493405740885,False,3,4,18,54.99,Fresh & Fit,Healthy,4.1,Mica,Vineri,Lenta (>45 min)
100542,2025-03-28 20:31:00,Cluj-Napoca,17,"['shaorma mare', 'falafel wrap']",2,54.0,9.99,30.0,Card,4.2676493405740885,False,3,4,20,63.99,Shaorma King,Fast-food,3.9,Medie,Vineri,Rapida (≤30 min)
100543,2025-03-29 10:10:00,Brașov,12,"['sarmale cu mămăligă', 'limonadă', 'șnițel cu piure']",3,86.0,7.99,28.0,Cash,5.0,True,3,5,10,93.99,Hanul Bunicii,Tradițional,4.3,Medie,Sambata,Rapida (≤30 min)
100544,2025-03-29 13:50:00,București,2,"['tiramisu', 'pizza margherita', 'pizza diavola']",3,90.0,12.99,17.0,Card,4.2676493405740885,False,3,5,13,102.99,Forno Rustico,Pizza,4.3,Medie,Sambata,Rapida (≤30 min)
100545,2025-03-29 14:30:00,Timișoara,2,"['focaccia', 'cola', 'pizza diavola', 'pizza quattro formaggi']",4,107.0,0.0,17.0,Card,4.0,False,3,5,14,107.0,Forno Rustico,Pizza,4.3,Mare,Sambata,Rapida (≤30 min)
100546,2025-03-29 20:47:00,București,18,"['ayran', 'shaorma mare']",2,36.0,9.99,46.0,Card,3.0,False,3,5,20,45.99,Kebab Istanbul,Fast-food,4.1,Mica,Sambata,Lenta (>45 min)
100547,2025-03-29 20:55:00,Iași,2,"['pizza capricciosa', 'pizza quattro formaggi']",2,83.0,9.99,21.0,Card,5.0,False,3,5,20,92.99,Forno Rustico,Pizza,4.3,Medie,Sambata,Rapida (≤30 min)
100548,2025-03-30 10:44:00,Iași,14,"['wrap cu pui', 'salată caesar']",2,65.0,9.99,12.0,Cash,4.2676493405740885,False,3,6,10,74.99,Fresh & Fit,Healthy,4.1,Medie,Duminica,Rapida (≤30 min)
100549,2025-03-30 12:16:00,Brașov,17,"['falafel wrap', 'kebab la farfurie', 'shaorma mare', 'cartofi prăjiți']",4,101.0,0.0,24.0,Card,4.0,False,3,6,12,101.0,Shaorma King,Fast-food,3.9,Mare,Duminica,Rapida (≤30 min)
100550,2025-03-30 13:04:00,Brașov,3,"['pizza quattro formaggi', 'pizza margherita']",2,74.0,9.99,21.0,Card,4.2676493405740885,False,3,6,13,83.99,Pizzeria Vesuvio,Pizza,4.1,Medie,Duminica,Rapida (≤30 min)
100551,2025-03-30 13:06:00,Timișoara,8,"['supă miso', 'california roll', 'sushi mix 16 buc']",3,118.0,0.0,43.0,Card,4.2676493405740885,False,3,6,13,118.0,Wok Express,Asiatic,4.0,Mare,Duminica,Normala (31–45 min)
100552,2025-03-30 14:38:00,Iași,4,"['cola', 'burger clasic']",2,42.0,7.99,13.0,Card,5.0,False,3,6,14,49.99,Burger Point,Burgeri,4.4,Mica,Duminica,Rapida (≤30 min)
100553,2025-03-30 17:13:00,Iași,17,"['kebab la farfurie', 'ayran']",2,42.0,9.99,18.0,Card,4.2676493405740885,True,3,6,17,51.99,Shaorma King,Fast-food,3.9,Mica,Duminica,Rapida (≤30 min)
100554,2025-03-30 17:15:00,Brașov,9,"['noodles cu pui', 'california roll']",2,74.0,12.99,28.0,Card,4.2676493405740885,False,3,6,17,86.99,Bangkok Street,Asiatic,4.2,Medie,Duminica,Rapida (≤30 min)
100555,2025-03-30 18:29:00,Cluj-Napoca,13,"['smoothie', 'salată caesar']",2,52.0,9.99,17.0,Card,5.0,False,3,6,18,61.99,Green Bowl,Healthy,4.5,Medie,Duminica,Rapida (≤30 min)
100556,2025-03-30 19:14:00,Cluj-Napoca,10,"['sarmale cu mămăligă', 'limonadă', 'ciorbă de burtă']",3,70.0,12.99,42.0,Card,4.0,True,3,6,19,82.99,La Mama Acasă,Tradițional,4.8,Medie,Duminica,Normala (31–45 min)
100557,2025-03-30 19:49:00,București,15,"['înghețată', 'cafea', 'papanași']",3,49.0,9.99,37.0,Card,4.2676493405740885,False,3,6,19,58.99,Dulce Cofetărie,Desert,4.6,Mica,Duminica,Normala (31–45 min)
100558,2025-03-30 20:25:00,Cluj-Napoca,2,"['pizza quattro formaggi', 'pizza diavola']",2,81.0,7.99,29.0,Card,4.0,False,3,6,20,88.99,Forno Rustico,Pizza,4.3,Medie,Duminica,Rapida (≤30 min)
100559,2025-03-31 19:29:00,Timișoara,6,"['cola', 'burger bbq']",2,50.0,9.99,38.0,Card,4.0,False,3,0,19,59.99,Grill House,Burgeri,4.0,Medie,Luni,Normala (31–45 min)
100560,2025-03-31 19:39:00,Brașov,3,"['pizza diavola', 'pizza quattro formaggi']",2,81.0,7.99,25.0,Card,5.0,True,3,0,19,88.99,Pizzeria Vesuvio,Pizza,4.1,Medie,Luni,Rapida (≤30 min)
100561,2025-03-31 22:40:00,Cluj-Napoca,14,"['wrap cu pui', 'apă plată']",2,37.0,9.99,18.0,Cash,5.0,False,3,0,22,46.99,Fresh & Fit,Healthy,4.1,Mica,Luni,Rapida (≤30 min)
100562,2025-04-01 14:38:00,Cluj-Napoca,18,"['shaorma mare', 'falafel wrap', 'ayran']",3,61.0,9.99,22.0,Card,5.0,False,4,1,14,70.99,Kebab Istanbul,Fast-food,4.1,Medie,Marti,Rapida (≤30 min)
100563,2025-04-01 18:07:00,Brașov,8,"['sushi mix 16 buc', 'ceai verde', 'supă miso', 'california roll']",4,127.0,0.0,34.0,Card,4.2676493405740885,False,4,1,18,127.0,Wok Express,Asiatic,4.0,Mare,Marti,Normala (31–45 min)
100564,2025-04-01 19:07:00,București,9,"['sushi mix 16 buc', 'noodles cu pui', 'california roll']",3,139.0,0.0,46.0,Card,4.2676493405740885,False,4,1,19,139.0,Bangkok Street,Asiatic,4.2,Mare,Marti,Lenta (>45 min)
100565,2025-04-01 20:50:00,Timișoara,10,"['papanași', 'sarmale cu mămăligă']",2,60.0,7.99,21.0,Cash,4.2676493405740885,True,4,1,20,67.99,La Mama Acasă,Tradițional,4.8,Medie,Marti,Rapida (≤30 min)
100566,2025-04-02 12:06:00,București,18,"['cartofi prăjiți', 'kebab la farfurie']",2,47.0,7.99,33.0,Card,4.0,False,4,2,12,54.99,Kebab Istanbul,Fast-food,4.1,Mica,Miercuri,Normala (31–45 min)
100567,2025-04-02 16:33:00,București,5,"['cola', 'cheeseburger']",2,45.0,7.99,25.0,Card,4.2676493405740885,False,4,2,16,52.99,Smash Bros Burgers,Burgeri,4.7,Mica,Miercuri,Rapida (≤30 min)
100568,2025-04-02 18:16:00,Cluj-Napoca,11,['sarmale cu mămăligă'],1,36.0,7.99,21.0,Cash,5.0,False,4,2,18,43.99,Ciorbe și Plăcinte,Tradițional,4.4,Mica,Miercuri,Rapida (≤30 min)
100569,2025-04-02 19:15:00,Timișoara,4,"['burger clasic', 'burger bbq', 'cheeseburger']",3,113.0,0.0,28.0,Card,4.2676493405740885,False,4,2,19,113.0,Burger Point,Burgeri,4.4,Mare,Miercuri,Rapida (≤30 min)
100570,2025-04-02 20:38:00,Iași,3,"['focaccia', 'pizza quattro formaggi', 'pizza capricciosa']",3,101.0,0.0,31.0,Card,4.0,False,4,2,20,101.0,Pizzeria Vesuvio,Pizza,4.1,Mare,Miercuri,Normala (31–45 min)
100571,2025-04-03 14:31:00,Iași,9,['pad thai'],1,41.0,9.99,27.0,Card,5.0,False,4,3,14,50.99,Bangkok Street,Asiatic,4.2,Mica,Joi,Rapida (≤30 min)
100572,2025-04-03 15:40:00,Cluj-Napoca,6,"['burger bbq', 'milkshake', 'cartofi prăjiți']",3,71.0,7.99,24.0,Card,4.0,False,4,3,15,78.99,Grill House,Burgeri,4.0,Medie,Joi,Rapida (≤30 min)
100573,2025-04-03 16:40:00,Brașov,9,"['sushi mix 16 buc', 'ceai verde']",2,74.0,9.99,35.0,Card,5.0,False,4,3,16,83.99,Bangkok Street,Asiatic,4.2,Medie,Joi,Normala (31–45 min)
100574,2025-04-03 17:08:00,Cluj-Napoca,9,"['california roll', 'pad thai']",2,79.0,7.99,28.0,Card,3.0,False,4,3,17,86.99,Bangkok Street,Asiatic,4.2,Medie,Joi,Rapida (≤30 min)
100575,2025-04-03 18:43:00,Brașov,17,"['falafel wrap', 'shaorma mare']",2,54.0,7.99,30.0,Cash,4.2676493405740885,False,4,3,18,61.99,Shaorma King,Fast-food,3.9,Medie,Joi,Rapida (≤30 min)
100576,2025-04-03 23:43:00,Brașov,5,['cola'],1,8.0,9.99,15.0,Cash,4.0,True,4,3,23,17.990000000000002,Smash Bros Burgers,Burgeri,4.7,Mica,Joi,Rapida (≤30 min)
100577,2025-04-04 11:09:00,București,7,"['sushi mix 16 buc', 'noodles cu pui']",2,101.0,0.0,37.0,Cash,4.0,False,4,4,11,101.0,Sushi Zen,Asiatic,4.5,Mare,Vineri,Normala (31–45 min)
100578,2025-04-04 13:04:00,Iași,15,"['waffle cu fructe', 'papanași', 'clătite cu ciocolată']",3,71.0,9.99,35.0,Card,4.2676493405740885,True,4,4,13,80.99,Dulce Cofetărie,Desert,4.6,Medie,Vineri,Normala (31–45 min)
100579,2025-04-04 14:36:00,București,16,"['cheesecake', 'cafea', 'papanași']",3,57.0,7.99,34.0,Card,4.0,True,4,4,14,64.99,Waffle Time,Desert,4.2,Medie,Vineri,Normala (31–45 min)
100580,2025-04-04 15:18:00,București,1,['pizza quattro formaggi'],1,42.0,7.99,32.0,Cash,4.2676493405740885,False,4,4,15,49.99,Pizza Napoli,Pizza,4.6,Mica,Vineri,Normala (31–45 min)
100581,2025-04-04 20:58:00,Timișoara,1,"['tiramisu', 'focaccia', 'cola', 'pizza quattro formaggi']",4,87.0,12.99,29.0,Card,4.0,False,4,4,20,99.99,Pizza Napoli,Pizza,4.6,Medie,Vineri,Rapida (≤30 min)
100582,2025-04-04 21:15:00,București,2,"['pizza quattro formaggi', 'pizza diavola']",2,81.0,12.99,43.0,Card,4.2676493405740885,False,4,4,21,93.99,Forno Rustico,Pizza,4.3,Medie,Vineri,Normala (31–45 min)
100583,2025-04-04 22:45:00,Cluj-Napoca,3,"['cola', 'pizza capricciosa', 'focaccia']",3,67.0,12.99,14.0,Cash,5.0,False,4,4,22,79.99,Pizzeria Vesuvio,Pizza,4.1,Medie,Vineri,Rapida (≤30 min)
100584,2025-04-05 12:25:00,București,7,"['ceai verde', 'california roll', 'sushi mix 16 buc']",3,112.0,0.0,41.0,Card,5.0,False,4,5,12,112.0,Sushi Zen,Asiatic,4.5,Mare,Sambata,Normala (31–45 min)
100585,2025-04-05 13:18:00,București,15,"['cheesecake', 'cafea', 'înghețată']",3,48.0,9.99,42.0,Card,5.0,False,4,5,13,57.99,Dulce Cofetărie,Desert,4.6,Mica,Sambata,Normala (31–45 min)
100586,2025-04-05 20:46:00,Timișoara,18,['ayran'],1,7.0,7.99,26.0,Card,5.0,True,4,5,20,14.99,Kebab Istanbul,Fast-food,4.1,Mica,Sambata,Rapida (≤30 min)
100587,2025-04-05 23:09:00,Brașov,4,"['onion rings', 'cheeseburger']",2,51.0,7.99,15.0,Card,4.0,False,4,5,23,58.99,Burger Point,Burgeri,4.4,Medie,Sambata,Rapida (≤30 min)
100588,2025-04-06 10:45:00,București,2,"['pizza capricciosa', 'pizza quattro formaggi']",2,83.0,7.99,15.0,Cash,4.2676493405740885,False,4,6,10,90.99,Forno Rustico,Pizza,4.3,Medie,Duminica,Rapida (≤30 min)
100589,2025-04-06 13:01:00,Cluj-Napoca,17,['falafel wrap'],1,25.0,7.99,35.0,Cash,4.2676493405740885,False,4,6,13,32.99,Shaorma King,Fast-food,3.9,Mica,Duminica,Normala (31–45 min)
100590,2025-04-06 13:04:00,București,4,"['cola', 'onion rings']",2,22.0,7.99,33.0,Card,3.0,False,4,6,13,29.990000000000002,Burger Point,Burgeri,4.4,Mica,Duminica,Normala (31–45 min)
100591,2025-04-06 13:36:00,Brașov,16,"['înghețată', 'cheesecake']",2,38.0,7.99,18.0,Card,4.0,False,4,6,13,45.99,Waffle Time,Desert,4.2,Mica,Duminica,Rapida (≤30 min)
100592,2025-04-06 13:37:00,Timișoara,15,"['cheesecake', 'înghețată']",2,38.0,9.99,41.0,Card,4.0,False,4,6,13,47.99,Dulce Cofetărie,Desert,4.6,Mica,Duminica,Normala (31–45 min)
100593,2025-04-06 17:46:00,Iași,14,['bowl cu somon'],1,48.0,7.99,23.0,Card,4.2676493405740885,False,4,6,17,55.99,Fresh & Fit,Healthy,4.1,Mica,Duminica,Rapida (≤30 min)
100594,2025-04-07 13:15:00,București,18,"['shaorma medie', 'kebab la farfurie', 'cartofi prăjiți']",3,71.0,9.99,37.0,Card,4.0,False,4,0,13,80.99,Kebab Istanbul,Fast-food,4.1,Medie,Luni,Normala (31–45 min)
100595,2025-04-07 14:11:00,București,5,['cartofi prăjiți'],1,12.0,12.99,28.0,Card,5.0,True,4,0,14,24.990000000000002,Smash Bros Burgers,Burgeri,4.7,Mica,Luni,Rapida (≤30 min)
100596,2025-04-07 18:27:00,București,7,['california roll'],1,38.0,7.99,27.0,Card,4.2676493405740885,False,4,0,18,45.99,Sushi Zen,Asiatic,4.5,Mica,Luni,Rapida (≤30 min)
100597,2025-04-07 19:02:00,Iași,1,"['focaccia', 'tiramisu']",2,37.0,9.99,21.0,Cash,4.0,False,4,0,19,46.99,Pizza Napoli,Pizza,4.6,Mica,Luni,Rapida (≤30 min)
100598,2025-04-07 19:34:00,București,10,"['șnițel cu piure', 'sarmale cu mămăligă']",2,74.0,7.99,39.0,Cash,3.0,False,4,0,19,81.99,La Mama Acasă,Tradițional,4.8,Medie,Luni,Normala (31–45 min)
100599,2025-04-07 23:24:00,București,2,"['pizza capricciosa', 'pizza quattro formaggi', 'tiramisu']",3,102.0,0.0,28.0,Card,4.2676493405740885,True,4,0,23,102.0,Forno Rustico,Pizza,4.3,Mare,Luni,Rapida (≤30 min)
100600,2025-04-08 10:41:00,București,10,"['sarmale cu mămăligă', 'mici cu muștar (5 buc)']",2,66.0,9.99,42.0,Card,4.0,False,4,1,10,75.99,La Mama Acasă,Tradițional,4.8,Medie,Marti,Normala (31–45 min)
100601,2025-04-08 16:12:00,Timișoara,3,['tiramisu'],1,19.0,7.99,21.0,Card,4.0,False,4,1,16,26.990000000000002,Pizzeria Vesuvio,Pizza,4.1,Mica,Marti,Rapida (≤30 min)
100602,2025-04-08 17:19:00,București,7,"['sushi mix 16 buc', 'california roll']",2,103.0,0.0,34.0,Card,4.2676493405740885,True,4,1,17,103.0,Sushi Zen,Asiatic,4.5,Mare,Marti,Normala (31–45 min)
100603,2025-04-08 17:20:00,Iași,2,"['pizza capricciosa', 'cola', 'focaccia']",3,67.0,7.99,20.0,Cash,4.2676493405740885,False,4,1,17,74.99,Forno Rustico,Pizza,4.3,Medie,Marti,Rapida (≤30 min)
100604,2025-04-08 22:14:00,București,18,"['shaorma mare', 'falafel wrap']",2,54.0,9.99,37.0,Card,4.2676493405740885,False,4,1,22,63.99,Kebab Istanbul,Fast-food,4.1,Medie,Marti,Normala (31–45 min)
100605,2025-04-08 22:32:00,Timișoara,4,"['milkshake', 'cartofi prăjiți']",2,29.0,12.99,22.0,Card,4.2676493405740885,False,4,1,22,41.99,Burger Point,Burgeri,4.4,Mica,Marti,Rapida (≤30 min)
100606,2025-04-08 23:05:00,Cluj-Napoca,11,"['limonadă', 'ciorbă de burtă', 'sarmale cu mămăligă']",3,70.0,7.99,28.0,Cash,5.0,False,4,1,23,77.99,Ciorbe și Plăcinte,Tradițional,4.4,Medie,Marti,Rapida (≤30 min)
100607,2025-04-09 12:11:00,Iași,17,"['ayran', 'shaorma mare', 'shaorma medie']",3,60.0,9.99,27.0,Card,4.2676493405740885,True,4,2,12,69.99,Shaorma King,Fast-food,3.9,Medie,Miercuri,Rapida (≤30 min)
100608,2025-04-09 12:27:00,Brașov,1,"['focaccia', 'tiramisu', 'pizza quattro formaggi', 'pizza diavola']",4,118.0,0.0,34.0,Card,5.0,False,4,2,12,118.0,Pizza Napoli,Pizza,4.6,Mare,Miercuri,Normala (31–45 min)
100609,2025-04-09 14:56:00,Iași,1,"['pizza margherita', 'pizza capricciosa']",2,73.0,9.99,17.0,Card,4.2676493405740885,False,4,2,14,82.99,Pizza Napoli,Pizza,4.6,Medie,Miercuri,Rapida (≤30 min)
100610,2025-04-09 19:34:00,Iași,14,"['bowl cu somon', 'smoothie']",2,66.0,7.99,21.0,Cash,5.0,False,4,2,19,73.99,Fresh & Fit,Healthy,4.1,Medie,Miercuri,Rapida (≤30 min)
100611,2025-04-09 22:30:00,Cluj-Napoca,3,"['pizza capricciosa', 'pizza diavola']",2,80.0,9.99,16.0,Cash,5.0,True,4,2,22,89.99,Pizzeria Vesuvio,Pizza,4.1,Medie,Miercuri,Rapida (≤30 min)
100612,2025-04-10 11:22:00,București,18,"['cartofi prăjiți', 'ayran', 'shaorma medie']",3,43.0,9.99,33.0,Card,4.2676493405740885,False,4,3,11,52.99,Kebab Istanbul,Fast-food,4.1,Mica,Joi,Normala (31–45 min)
100613,2025-04-10 17:13:00,București,16,"['waffle cu fructe', 'cafea', 'papanași', 'clătite cu ciocolată']",4,81.0,7.99,45.0,Card,3.0,True,4,3,17,88.99,Waffle Time,Desert,4.2,Medie,Joi,Normala (31–45 min)
100614,2025-04-10 18:30:00,Iași,17,"['kebab la farfurie', 'shaorma medie', 'shaorma mare', 'ayran']",4,95.0,9.99,20.0,Card,4.0,False,4,3,18,104.99,Shaorma King,Fast-food,3.9,Medie,Joi,Rapida (≤30 min)
100615,2025-04-10 20:45:00,București,9,"['supă miso', 'sushi mix 16 buc', 'california roll', 'ceai verde']",4,127.0,0.0,39.0,Card,3.0,True,4,3,20,127.0,Bangkok Street,Asiatic,4.2,Mare,Joi,Normala (31–45 min)
100616,2025-04-10 21:29:00,Iași,18,"['ayran', 'falafel wrap']",2,32.0,9.99,27.0,Card,3.0,True,4,3,21,41.99,Kebab Istanbul,Fast-food,4.1,Mica,Joi,Rapida (≤30 min)
100617,2025-04-11 12:25:00,București,2,"['focaccia', 'tiramisu']",2,37.0,9.99,39.0,Cash,5.0,True,4,4,12,46.99,Forno Rustico,Pizza,4.3,Mica,Vineri,Normala (31–45 min)
100618,2025-04-11 17:44:00,București,7,"['ceai verde', 'california roll']",2,47.0,9.99,41.0,Card,4.2676493405740885,False,4,4,17,56.99,Sushi Zen,Asiatic,4.5,Mica,Vineri,Normala (31–45 min)
100619,2025-04-11 18:49:00,Brașov,1,"['cola', 'tiramisu', 'pizza quattro formaggi']",3,69.0,9.99,16.0,Cash,4.2676493405740885,False,4,4,18,78.99,Pizza Napoli,Pizza,4.6,Medie,Vineri,Rapida (≤30 min)
100620,2025-04-12 12:09:00,București,6,"['cola', 'cartofi prăjiți']",2,20.0,9.99,46.0,Cash,5.0,True,4,5,12,29.990000000000002,Grill House,Burgeri,4.0,Mica,Sambata,Lenta (>45 min)
100621,2025-04-12 12:22:00,Iași,1,['focaccia'],1,18.0,7.99,31.518537859007832,Card,4.2676493405740885,False,4,5,12,25.990000000000002,Pizza Napoli,Pizza,4.6,Mica,Sambata,Normala (31–45 min)
100622,2025-04-12 13:55:00,Cluj-Napoca,18,"['ayran', 'shaorma medie']",2,31.0,12.99,27.0,Card,4.2676493405740885,False,4,5,13,43.99,Kebab Istanbul,Fast-food,4.1,Mica,Sambata,Rapida (≤30 min)
100623,2025-04-12 14:17:00,Iași,5,"['onion rings', 'burger bbq']",2,56.0,12.99,20.0,Card,5.0,True,4,5,14,68.99,Smash Bros Burgers,Burgeri,4.7,Medie,Sambata,Rapida (≤30 min)
100624,2025-04-12 19:13:00,București,11,"['sarmale cu mămăligă', 'limonadă']",2,48.0,9.99,47.0,Card,3.0,False,4,5,19,57.99,Ciorbe și Plăcinte,Tradițional,4.4,Mica,Sambata,Lenta (>45 min)
100625,2025-04-13 18:09:00,Cluj-Napoca,3,"['pizza capricciosa', 'tiramisu', 'focaccia']",3,78.0,9.99,28.0,Card,4.0,False,4,6,18,87.99,Pizzeria Vesuvio,Pizza,4.1,Medie,Duminica,Rapida (≤30 min)
100626,2025-04-13 22:35:00,București,4,"['burger bbq', 'onion rings']",2,56.0,12.99,28.0,Cash,4.0,False,4,6,22,68.99,Burger Point,Burgeri,4.4,Medie,Duminica,Rapida (≤30 min)
100627,2025-04-13 23:15:00,București,11,['sarmale cu mămăligă'],1,36.0,12.99,31.0,Cash,4.0,True,4,6,23,48.99,Ciorbe și Plăcinte,Tradițional,4.4,Mica,Duminica,Normala (31–45 min)
100628,2025-04-14 12:27:00,București,8,"['pad thai', 'sushi mix 16 buc', 'ceai verde']",3,115.0,0.0,44.0,Card,4.2676493405740885,True,4,0,12,115.0,Wok Express,Asiatic,4.0,Mare,Luni,Normala (31–45 min)
100629,2025-04-14 14:17:00,Brașov,8,"['california roll', 'sushi mix 16 buc', 'noodles cu pui']",3,139.0,0.0,27.0,Card,4.2676493405740885,False,4,0,14,139.0,Wok Express,Asiatic,4.0,Mare,Luni,Rapida (≤30 min)
100630,2025-04-14 18:32:00,Timișoara,18,['shaorma mare'],1,29.0,9.99,30.0,Card,4.0,False,4,0,18,38.99,Kebab Istanbul,Fast-food,4.1,Mica,Luni,Rapida (≤30 min)
100631,2025-04-14 20:02:00,București,17,"['ayran', 'kebab la farfurie']",2,42.0,9.99,45.0,Cash,4.2676493405740885,False,4,0,20,51.99,Shaorma King,Fast-food,3.9,Mica,Luni,Normala (31–45 min)
100632,2025-04-15 12:47:00,București,12,"['sarmale cu mămăligă', 'ciorbă de burtă', 'șnițel cu piure', 'papanași']",4,120.0,0.0,50.0,Cash,4.0,False,4,1,12,120.0,Hanul Bunicii,Tradițional,4.3,Mare,Marti,Lenta (>45 min)
100633,2025-04-15 14:30:00,Timișoara,3,"['pizza diavola', 'focaccia']",2,57.0,7.99,24.0,Cash,5.0,False,4,1,14,64.99,Pizzeria Vesuvio,Pizza,4.1,Medie,Marti,Rapida (≤30 min)
100634,2025-04-15 15:27:00,Iași,11,"['papanași', 'ciorbă de burtă', 'mici cu muștar (5 buc)']",3,76.0,9.99,30.0,Card,3.0,False,4,1,15,85.99,Ciorbe și Plăcinte,Tradițional,4.4,Medie,Marti,Rapida (≤30 min)
100635,2025-04-15 21:22:00,Timișoara,2,['pizza capricciosa'],1,41.0,7.99,23.0,Cash,4.0,False,4,1,21,48.99,Forno Rustico,Pizza,4.3,Mica,Marti,Rapida (≤30 min)
100636,2025-04-15 22:11:00,Iași,13,"['bowl cu somon', 'smoothie']",2,66.0,9.99,28.0,Cash,4.2676493405740885,False,4,1,22,75.99,Green Bowl,Healthy,4.5,Medie,Marti,Rapida (≤30 min)
100637,2025-04-16 11:42:00,București,3,"['cola', 'pizza diavola', 'tiramisu', 'pizza capricciosa']",4,107.0,0.0,40.0,Card,5.0,False,4,2,11,107.0,Pizzeria Vesuvio,Pizza,4.1,Mare,Miercuri,Normala (31–45 min)
100638,2025-04-16 19:16:00,Cluj-Napoca,2,"['pizza margherita', 'pizza diavola', 'cola']",3,79.0,7.99,32.0,Cash,5.0,False,4,2,19,86.99,Forno Rustico,Pizza,4.3,Medie,Miercuri,Normala (31–45 min)
100639,2025-04-16 22:58:00,București,9,"['supă miso', 'pad thai']",2,56.0,7.99,39.0,Card,4.2676493405740885,False,4,2,22,63.99,Bangkok Street,Asiatic,4.2,Medie,Miercuri,Normala (31–45 min)
100640,2025-04-16 23:40:00,Iași,17,"['cartofi prăjiți', 'shaorma mare', 'kebab la farfurie']",3,76.0,12.99,21.0,Cash,5.0,False,4,2,23,88.99,Shaorma King,Fast-food,3.9,Medie,Miercuri,Rapida (≤30 min)
100641,2025-04-17 16:22:00,București,1,['focaccia'],1,18.0,9.99,32.0,Cash,4.0,True,4,3,16,27.990000000000002,Pizza Napoli,Pizza,4.6,Mica,Joi,Normala (31–45 min)
100642,2025-04-17 19:23:00,București,6,"['cheeseburger', 'cola']",2,45.0,12.99,30.0,Card,4.0,False,4,3,19,57.99,Grill House,Burgeri,4.0,Mica,Joi,Rapida (≤30 min)
100643,2025-04-17 19:25:00,Iași,6,"['milkshake', 'onion rings']",2,31.0,12.99,28.0,Card,4.0,False,4,3,19,43.99,Grill House,Burgeri,4.0,Mica,Joi,Rapida (≤30 min)
100644,2025-04-17 20:25:00,București,1,['pizza capricciosa'],1,41.0,9.99,38.0,Cash,5.0,False,4,3,20,50.99,Pizza Napoli,Pizza,4.6,Mica,Joi,Normala (31–45 min)
100645,2025-04-17 21:04:00,Timișoara,11,"['ciorbă de burtă', 'sarmale cu mămăligă']",2,58.0,7.99,31.0,Card,4.2676493405740885,False,4,3,21,65.99,Ciorbe și Plăcinte,Tradițional,4.4,Medie,Joi,Normala (31–45 min)
100646,2025-04-17 23:22:00,Cluj-Napoca,1,"['tiramisu', 'pizza margherita']",2,51.0,7.99,21.0,Card,4.0,False,4,3,23,58.99,Pizza Napoli,Pizza,4.6,Medie,Joi,Rapida (≤30 min)
100647,2025-04-18 12:46:00,Timișoara,2,"['pizza quattro formaggi', 'pizza capricciosa']",2,83.0,7.99,25.0,Card,5.0,True,4,4,12,90.99,Forno Rustico,Pizza,4.3,Medie,Vineri,Rapida (≤30 min)
100648,2025-04-18 13:02:00,București,3,['pizza quattro formaggi'],1,42.0,7.99,43.0,Card,4.0,True,4,4,13,49.99,Pizzeria Vesuvio,Pizza,4.1,Mica,Vineri,Normala (31–45 min)
100649,2025-04-19 11:05:00,Cluj-Napoca,18,"['ayran', 'shaorma mare']",2,36.0,12.99,17.0,Card,4.2676493405740885,False,4,5,11,48.99,Kebab Istanbul,Fast-food,4.1,Mica,Sambata,Rapida (≤30 min)
100650,2025-04-19 13:00:00,Timișoara,7,"['california roll', 'sushi mix 16 buc']",2,103.0,0.0,38.0,Card,5.0,False,4,5,13,103.0,Sushi Zen,Asiatic,4.5,Mare,Sambata,Normala (31–45 min)
100651,2025-04-19 18:05:00,Timișoara,13,"['smoothie', 'salată caesar', 'apă plată', 'wrap cu pui']",4,89.0,7.99,14.0,Cash,5.0,False,4,5,18,96.99,Green Bowl,Healthy,4.5,Medie,Sambata,Rapida (≤30 min)
100652,2025-04-19 20:21:00,București,3,['tiramisu'],1,19.0,9.99,53.0,Card,4.0,False,4,5,20,28.990000000000002,Pizzeria Vesuvio,Pizza,4.1,Mica,Sambata,Lenta (>45 min)
100653,2025-04-19 21:46:00,Brașov,8,"['pad thai', 'california roll']",2,79.0,9.99,36.0,Cash,5.0,False,4,5,21,88.99,Wok Express,Asiatic,4.0,Medie,Sambata,Normala (31–45 min)
100654,2025-04-20 12:45:00,București,2,['pizza margherita'],1,32.0,7.99,40.0,Card,4.0,False,4,6,12,39.99,Forno Rustico,Pizza,4.3,Mica,Duminica,Normala (31–45 min)
100655,2025-04-20 18:58:00,Brașov,6,"['onion rings', 'cheeseburger', 'burger bbq']",3,93.0,9.99,24.0,Card,4.0,False,4,6,18,102.99,Grill House,Burgeri,4.0,Medie,Duminica,Rapida (≤30 min)
100656,2025-04-20 20:36:00,București,13,"['smoothie', 'wrap cu pui', 'salată caesar']",3,83.0,7.99,38.0,Card,4.2676493405740885,False,4,6,20,90.99,Green Bowl,Healthy,4.5,Medie,Duminica,Normala (31–45 min)
100657,2025-04-21 10:18:00,București,9,"['pad thai', 'sushi mix 16 buc']",2,106.0,0.0,38.0,Card,4.2676493405740885,False,4,0,10,106.0,Bangkok Street,Asiatic,4.2,Mare,Luni,Normala (31–45 min)
100658,2025-04-21 13:58:00,București,8,"['california roll', 'pad thai', 'supă miso']",3,94.0,9.99,41.0,Card,4.0,True,4,0,13,103.99,Wok Express,Asiatic,4.0,Medie,Luni,Normala (31–45 min)
100659,2025-04-21 13:59:00,București,5,"['cheeseburger', 'cartofi prăjiți', 'milkshake', 'burger bbq']",4,108.0,0.0,31.518537859007832,Cash,4.2676493405740885,False,4,0,13,108.0,Smash Bros Burgers,Burgeri,4.7,Mare,Luni,Normala (31–45 min)
100660,2025-04-21 14:47:00,Cluj-Napoca,18,"['ayran', 'cartofi prăjiți', 'shaorma mare']",3,48.0,12.99,13.0,Card,4.2676493405740885,False,4,0,14,60.99,Kebab Istanbul,Fast-food,4.1,Mica,Luni,Rapida (≤30 min)
100661,2025-04-21 19:58:00,București,14,"['apă plată', 'bowl vegan']",2,45.0,9.99,31.0,Card,5.0,False,4,0,19,54.99,Fresh & Fit,Healthy,4.1,Mica,Luni,Normala (31–45 min)
100662,2025-04-21 20:18:00,Timișoara,12,"['limonadă', 'sarmale cu mămăligă']",2,48.0,7.99,37.0,Card,4.2676493405740885,True,4,0,20,55.99,Hanul Bunicii,Tradițional,4.3,Mica,Luni,Normala (31–45 min)
100663,2025-04-22 11:40:00,București,3,['pizza quattro formaggi'],1,42.0,12.99,26.0,Cash,4.2676493405740885,True,4,1,11,54.99,Pizzeria Vesuvio,Pizza,4.1,Mica,Marti,Rapida (≤30 min)
100664,2025-04-22 19:13:00,București,6,"['cola', 'cartofi prăjiți']",2,20.0,12.99,42.0,Card,4.2676493405740885,False,4,1,19,32.99,Grill House,Burgeri,4.0,Mica,Marti,Normala (31–45 min)
100665,2025-04-22 19:38:00,Iași,14,"['salată caesar', 'apă plată']",2,40.0,7.99,42.0,Card,4.0,True,4,1,19,47.99,Fresh & Fit,Healthy,4.1,Mica,Marti,Normala (31–45 min)
100666,2025-04-22 20:28:00,București,10,['papanași'],1,24.0,12.99,35.0,Card,4.0,True,4,1,20,36.99,La Mama Acasă,Tradițional,4.8,Mica,Marti,Normala (31–45 min)
100667,2025-04-22 23:40:00,Brașov,18,['shaorma mare'],1,29.0,9.99,32.0,Card,5.0,False,4,1,23,38.99,Kebab Istanbul,Fast-food,4.1,Mica,Marti,Normala (31–45 min)
100668,2025-04-23 12:44:00,Timișoara,1,"['pizza diavola', 'pizza margherita', 'focaccia']",3,89.0,9.99,40.0,Cash,4.2676493405740885,True,4,2,12,98.99,Pizza Napoli,Pizza,4.6,Medie,Miercuri,Normala (31–45 min)
100669,2025-04-23 14:06:00,București,4,"['milkshake', 'burger bbq', 'onion rings', 'burger clasic']",4,107.0,0.0,29.0,Card,4.0,False,4,2,14,107.0,Burger Point,Burgeri,4.4,Mare,Miercuri,Rapida (≤30 min)
100670,2025-04-23 19:40:00,Timișoara,5,"['milkshake', 'cola']",2,25.0,12.99,23.0,Card,5.0,False,4,2,19,37.99,Smash Bros Burgers,Burgeri,4.7,Mica,Miercuri,Rapida (≤30 min)
100671,2025-04-23 20:46:00,București,17,"['shaorma mare', 'cartofi prăjiți', 'shaorma medie', 'kebab la farfurie']",4,100.0,0.0,24.0,Card,4.0,False,4,2,20,100.0,Shaorma King,Fast-food,3.9,Mare,Miercuri,Rapida (≤30 min)
100672,2025-04-24 12:01:00,București,17,"['cartofi prăjiți', 'shaorma medie', 'ayran', 'shaorma mare']",4,72.0,7.99,35.0,Card,4.0,False,4,3,12,79.99,Shaorma King,Fast-food,3.9,Medie,Joi,Normala (31–45 min)
100673,2025-04-24 13:41:00,Iași,17,"['cartofi prăjiți', 'kebab la farfurie', 'shaorma medie', 'falafel wrap']",4,96.0,9.99,23.0,Card,4.0,False,4,3,13,105.99,Shaorma King,Fast-food,3.9,Medie,Joi,Rapida (≤30 min)
100675,2025-04-24 17:47:00,București,10,"['papanași', 'mici cu muștar (5 buc)', 'șnițel cu piure', 'limonadă']",4,104.0,0.0,33.0,Card,4.0,False,4,3,17,104.0,La Mama Acasă,Tradițional,4.8,Mare,Joi,Normala (31–45 min)
100676,2025-04-24 18:47:00,București,4,['burger bbq'],1,42.0,7.99,39.0,Card,4.0,False,4,3,18,49.99,Burger Point,Burgeri,4.4,Mica,Joi,Normala (31–45 min)
100677,2025-04-24 19:37:00,București,7,"['noodles cu pui', 'ceai verde', 'california roll']",3,83.0,7.99,39.0,Card,5.0,False,4,3,19,90.99,Sushi Zen,Asiatic,4.5,Medie,Joi,Normala (31–45 min)
100678,2025-04-24 21:38:00,Brașov,3,['cola'],1,8.0,9.99,19.0,Cash,4.0,False,4,3,21,17.990000000000002,Pizzeria Vesuvio,Pizza,4.1,Mica,Joi,Rapida (≤30 min)
100679,2025-04-24 21:51:00,Brașov,2,"['cola', 'pizza margherita']",2,40.0,12.99,36.0,Card,3.0,False,4,3,21,52.99,Forno Rustico,Pizza,4.3,Mica,Joi,Normala (31–45 min)
100680,2025-04-24 21:51:00,Iași,5,"['cola', 'milkshake']",2,25.0,9.99,32.0,Card,4.0,False,4,3,21,34.99,Smash Bros Burgers,Burgeri,4.7,Mica,Joi,Normala (31–45 min)
100681,2025-04-24 22:32:00,Cluj-Napoca,17,"['shaorma mare', 'cartofi prăjiți', 'kebab la farfurie']",3,76.0,9.99,15.0,Card,5.0,False,4,3,22,85.99,Shaorma King,Fast-food,3.9,Medie,Joi,Rapida (≤30 min)
100682,2025-04-25 12:53:00,Cluj-Napoca,16,['înghețată'],1,15.0,9.99,37.0,Card,4.0,True,4,4,12,24.990000000000002,Waffle Time,Desert,4.2,Mica,Vineri,Normala (31–45 min)
100683,2025-04-25 19:24:00,București,5,"['cheeseburger', 'onion rings']",2,51.0,9.99,47.0,Card,4.2676493405740885,False,4,4,19,60.99,Smash Bros Burgers,Burgeri,4.7,Medie,Vineri,Lenta (>45 min)
100684,2025-04-25 21:08:00,Timișoara,5,['burger clasic'],1,34.0,7.99,31.0,Card,4.0,False,4,4,21,41.99,Smash Bros Burgers,Burgeri,4.7,Mica,Vineri,Normala (31–45 min)
100685,2025-04-25 21:31:00,Timișoara,4,"['cartofi prăjiți', 'burger clasic', 'milkshake']",3,63.0,12.99,33.0,Card,4.0,False,4,4,21,75.99,Burger Point,Burgeri,4.4,Medie,Vineri,Normala (31–45 min)
100686,2025-04-26 10:02:00,București,14,"['smoothie', 'wrap cu pui']",2,49.0,7.99,28.0,Card,4.2676493405740885,False,4,5,10,56.99,Fresh & Fit,Healthy,4.1,Mica,Sambata,Rapida (≤30 min)
100687,2025-04-26 14:24:00,Brașov,13,"['salată caesar', 'smoothie']",2,52.0,9.99,22.0,Card,5.0,False,4,5,14,61.99,Green Bowl,Healthy,4.5,Medie,Sambata,Rapida (≤30 min)
100688,2025-04-26 14:57:00,București,8,"['california roll', 'supă miso', 'sushi mix 16 buc']",3,118.0,0.0,45.0,Card,5.0,False,4,5,14,118.0,Wok Express,Asiatic,4.0,Mare,Sambata,Normala (31–45 min)
100689,2025-04-26 18:56:00,București,3,['pizza margherita'],1,32.0,9.99,32.0,Card,3.0,False,4,5,18,41.99,Pizzeria Vesuvio,Pizza,4.1,Mica,Sambata,Normala (31–45 min)
100690,2025-04-26 19:11:00,București,11,"['mici cu muștar (5 buc)', 'șnițel cu piure']",2,68.0,7.99,49.0,Card,4.0,False,4,5,19,75.99,Ciorbe și Plăcinte,Tradițional,4.4,Medie,Sambata,Lenta (>45 min)
100691,2025-04-26 21:19:00,Iași,12,['șnițel cu piure'],1,38.0,9.99,31.518537859007832,Card,4.2676493405740885,False,4,5,21,47.99,Hanul Bunicii,Tradițional,4.3,Mica,Sambata,Normala (31–45 min)
100692,2025-04-26 21:43:00,Cluj-Napoca,17,"['shaorma medie', 'cartofi prăjiți', 'ayran', 'shaorma mare']",4,72.0,12.99,12.0,Card,5.0,False,4,5,21,84.99,Shaorma King,Fast-food,3.9,Medie,Sambata,Rapida (≤30 min)
100693,2025-04-26 23:19:00,Timișoara,3,"['focaccia', 'pizza capricciosa']",2,59.0,9.99,21.0,Cash,4.0,True,4,5,23,68.99,Pizzeria Vesuvio,Pizza,4.1,Medie,Sambata,Rapida (≤30 min)
100694,2025-04-27 10:10:00,București,17,"['falafel wrap', 'ayran']",2,32.0,7.99,26.0,Card,5.0,False,4,6,10,39.99,Shaorma King,Fast-food,3.9,Mica,Duminica,Rapida (≤30 min)
100695,2025-04-27 12:49:00,Timișoara,11,"['sarmale cu mămăligă', 'șnițel cu piure']",2,74.0,12.99,31.0,Card,5.0,True,4,6,12,86.99,Ciorbe și Plăcinte,Tradițional,4.4,Medie,Duminica,Normala (31–45 min)
100696,2025-04-27 16:14:00,București,16,"['papanași', 'waffle cu fructe']",2,50.0,9.99,39.0,Card,4.2676493405740885,False,4,6,16,59.99,Waffle Time,Desert,4.2,Medie,Duminica,Normala (31–45 min)
100697,2025-04-27 23:17:00,Cluj-Napoca,13,"['smoothie', 'bowl cu somon', 'wrap cu pui', 'salată caesar']",4,131.0,0.0,13.0,Card,4.2676493405740885,False,4,6,23,131.0,Green Bowl,Healthy,4.5,Mare,Duminica,Rapida (≤30 min)
100698,2025-04-28 12:40:00,Timișoara,7,"['california roll', 'pad thai', 'sushi mix 16 buc', 'ceai verde']",4,153.0,0.0,41.0,Cash,4.0,False,4,0,12,153.0,Sushi Zen,Asiatic,4.5,Mare,Luni,Normala (31–45 min)
100699,2025-04-28 13:48:00,București,11,['șnițel cu piure'],1,38.0,7.99,42.0,Cash,4.0,False,4,0,13,45.99,Ciorbe și Plăcinte,Tradițional,4.4,Mica,Luni,Normala (31–45 min)
100700,2025-04-28 14:46:00,Timișoara,2,"['pizza margherita', 'tiramisu', 'pizza diavola', 'pizza capricciosa']",4,131.0,0.0,30.0,Card,5.0,False,4,0,14,131.0,Forno Rustico,Pizza,4.3,Mare,Luni,Rapida (≤30 min)
100701,2025-04-28 15:47:00,Cluj-Napoca,5,"['cheeseburger', 'onion rings']",2,51.0,9.99,25.0,Card,4.0,False,4,0,15,60.99,Smash Bros Burgers,Burgeri,4.7,Medie,Luni,Rapida (≤30 min)
100702,2025-04-28 19:17:00,București,15,"['clătite cu ciocolată', 'papanași']",2,45.0,7.99,46.0,Card,4.0,False,4,0,19,52.99,Dulce Cofetărie,Desert,4.6,Mica,Luni,Lenta (>45 min)
100703,2025-04-29 10:23:00,Cluj-Napoca,1,['pizza quattro formaggi'],1,42.0,9.99,15.0,Cash,4.2676493405740885,False,4,1,10,51.99,Pizza Napoli,Pizza,4.6,Mica,Marti,Rapida (≤30 min)
100704,2025-04-29 16:54:00,Timișoara,1,"['pizza quattro formaggi', 'cola']",2,50.0,7.99,22.0,Card,4.2676493405740885,True,4,1,16,57.99,Pizza Napoli,Pizza,4.6,Medie,Marti,Rapida (≤30 min)
100705,2025-04-29 20:04:00,Timișoara,1,"['pizza margherita', 'tiramisu', 'pizza capricciosa']",3,92.0,12.99,24.0,Cash,4.2676493405740885,True,4,1,20,104.99,Pizza Napoli,Pizza,4.6,Medie,Marti,Rapida (≤30 min)
100706,2025-04-30 20:30:00,București,5,['burger bbq'],1,42.0,7.99,40.0,Card,4.0,False,4,2,20,49.99,Smash Bros Burgers,Burgeri,4.7,Mica,Miercuri,Normala (31–45 min)
100707,2025-04-30 21:24:00,Timișoara,3,['tiramisu'],1,19.0,7.99,39.0,Card,5.0,False,4,2,21,26.990000000000002,Pizzeria Vesuvio,Pizza,4.1,Mica,Miercuri,Normala (31–45 min)
100708,2025-04-30 22:25:00,Cluj-Napoca,8,"['california roll', 'sushi mix 16 buc']",2,103.0,0.0,12.0,Card,4.2676493405740885,False,4,2,22,103.0,Wok Express,Asiatic,4.0,Mare,Miercuri,Rapida (≤30 min)
100709,2025-05-01 14:31:00,București,18,"['ayran', 'shaorma medie']",2,31.0,7.99,34.0,Card,4.2676493405740885,False,5,3,14,38.99,Kebab Istanbul,Fast-food,4.1,Mica,Joi,Normala (31–45 min)
100710,2025-05-01 18:39:00,Brașov,7,"['supă miso', 'ceai verde', 'noodles cu pui']",3,60.0,12.99,20.0,Cash,5.0,False,5,3,18,72.99,Sushi Zen,Asiatic,4.5,Medie,Joi,Rapida (≤30 min)
100711,2025-05-01 18:45:00,Cluj-Napoca,3,"['tiramisu', 'pizza diavola', 'pizza margherita', 'pizza quattro formaggi']",4,132.0,0.0,22.0,Card,5.0,False,5,3,18,132.0,Pizzeria Vesuvio,Pizza,4.1,Mare,Joi,Rapida (≤30 min)
100712,2025-05-01 19:20:00,București,14,"['bowl cu somon', 'salată caesar', 'apă plată', 'smoothie']",4,106.0,0.0,37.0,Card,4.2676493405740885,False,5,3,19,106.0,Fresh & Fit,Healthy,4.1,Mare,Joi,Normala (31–45 min)
100713,2025-05-01 22:04:00,Timișoara,18,"['cartofi prăjiți', 'ayran', 'shaorma medie']",3,43.0,12.99,21.0,Card,5.0,False,5,3,22,55.99,Kebab Istanbul,Fast-food,4.1,Mica,Joi,Rapida (≤30 min)
100714,2025-05-01 23:06:00,Cluj-Napoca,18,"['shaorma mare', 'shaorma medie']",2,53.0,7.99,13.0,Card,5.0,False,5,3,23,60.99,Kebab Istanbul,Fast-food,4.1,Medie,Joi,Rapida (≤30 min)
100715,2025-05-02 17:15:00,București,1,['pizza margherita'],1,32.0,12.99,44.0,Card,3.0,False,5,4,17,44.99,Pizza Napoli,Pizza,4.6,Mica,Vineri,Normala (31–45 min)
100716,2025-05-03 18:28:00,București,1,['pizza capricciosa'],1,41.0,7.99,40.0,Card,4.0,False,5,5,18,48.99,Pizza Napoli,Pizza,4.6,Mica,Sambata,Normala (31–45 min)
100717,2025-05-03 18:48:00,Cluj-Napoca,17,"['cartofi prăjiți', 'shaorma mare']",2,41.0,7.99,23.0,Card,5.0,False,5,5,18,48.99,Shaorma King,Fast-food,3.9,Mica,Sambata,Rapida (≤30 min)
100718,2025-05-04 10:23:00,București,4,"['cola', 'cartofi prăjiți']",2,20.0,9.99,21.0,Cash,5.0,False,5,6,10,29.990000000000002,Burger Point,Burgeri,4.4,Mica,Duminica,Rapida (≤30 min)
100719,2025-05-04 12:20:00,Cluj-Napoca,12,"['ciorbă de burtă', 'sarmale cu mămăligă']",2,58.0,9.99,28.0,Card,4.0,False,5,6,12,67.99,Hanul Bunicii,Tradițional,4.3,Medie,Duminica,Rapida (≤30 min)
100720,2025-05-04 19:55:00,București,17,"['kebab la farfurie', 'shaorma medie']",2,59.0,7.99,41.0,Cash,5.0,False,5,6,19,66.99,Shaorma King,Fast-food,3.9,Medie,Duminica,Normala (31–45 min)
100721,2025-05-05 13:16:00,București,9,"['pad thai', 'ceai verde']",2,50.0,7.99,54.0,Cash,4.0,True,5,0,13,57.99,Bangkok Street,Asiatic,4.2,Medie,Luni,Lenta (>45 min)
100722,2025-05-05 14:35:00,Cluj-Napoca,6,"['milkshake', 'cheeseburger', 'burger clasic']",3,88.0,7.99,12.0,Card,4.2676493405740885,False,5,0,14,95.99,Grill House,Burgeri,4.0,Medie,Luni,Rapida (≤30 min)
100723,2025-05-05 15:23:00,București,4,"['cola', 'burger clasic', 'cheeseburger']",3,79.0,12.99,24.0,Cash,5.0,True,5,0,15,91.99,Burger Point,Burgeri,4.4,Medie,Luni,Rapida (≤30 min)
100724,2025-05-05 19:14:00,Cluj-Napoca,3,"['pizza margherita', 'cola']",2,40.0,9.99,21.0,Cash,4.0,False,5,0,19,49.99,Pizzeria Vesuvio,Pizza,4.1,Mica,Luni,Rapida (≤30 min)
100725,2025-05-05 19:59:00,București,5,"['burger clasic', 'milkshake']",2,51.0,7.99,33.0,Card,3.0,False,5,0,19,58.99,Smash Bros Burgers,Burgeri,4.7,Medie,Luni,Normala (31–45 min)
100726,2025-05-05 20:44:00,Cluj-Napoca,1,"['pizza capricciosa', 'pizza margherita']",2,73.0,7.99,35.0,Card,4.0,False,5,0,20,80.99,Pizza Napoli,Pizza,4.6,Medie,Luni,Normala (31–45 min)
100727,2025-05-05 20:54:00,București,7,"['supă miso', 'ceai verde']",2,24.0,7.99,32.0,Cash,5.0,False,5,0,20,31.990000000000002,Sushi Zen,Asiatic,4.5,Mica,Luni,Normala (31–45 min)
100728,2025-05-05 21:13:00,București,14,['wrap cu pui'],1,31.0,9.99,41.0,Cash,4.0,False,5,0,21,40.99,Fresh & Fit,Healthy,4.1,Mica,Luni,Normala (31–45 min)
100729,2025-05-05 21:37:00,București,6,"['onion rings', 'cartofi prăjiți', 'burger bbq']",3,68.0,9.99,31.0,Card,4.2676493405740885,False,5,0,21,77.99,Grill House,Burgeri,4.0,Medie,Luni,Normala (31–45 min)
100730,2025-05-06 12:20:00,Iași,17,"['cartofi prăjiți', 'shaorma medie', 'shaorma mare']",3,65.0,7.99,21.0,Card,4.0,False,5,1,12,72.99,Shaorma King,Fast-food,3.9,Medie,Marti,Rapida (≤30 min)
100731,2025-05-06 12:50:00,Cluj-Napoca,1,['focaccia'],1,18.0,9.99,15.0,Cash,4.2676493405740885,False,5,1,12,27.990000000000002,Pizza Napoli,Pizza,4.6,Mica,Marti,Rapida (≤30 min)
100732,2025-05-06 14:13:00,Brașov,1,"['pizza diavola', 'pizza quattro formaggi']",2,81.0,12.99,19.0,Card,4.0,False,5,1,14,93.99,Pizza Napoli,Pizza,4.6,Medie,Marti,Rapida (≤30 min)
100733,2025-05-06 15:47:00,Cluj-Napoca,17,"['cartofi prăjiți', 'ayran', 'shaorma mare']",3,48.0,9.99,30.0,Card,3.0,False,5,1,15,57.99,Shaorma King,Fast-food,3.9,Mica,Marti,Rapida (≤30 min)
100734,2025-05-06 16:05:00,Brașov,2,['pizza margherita'],1,32.0,12.99,22.0,Cash,4.2676493405740885,False,5,1,16,44.99,Forno Rustico,Pizza,4.3,Mica,Marti,Rapida (≤30 min)
100735,2025-05-06 19:17:00,București,2,"['pizza quattro formaggi', 'pizza margherita']",2,74.0,7.99,27.0,Card,4.2676493405740885,False,5,1,19,81.99,Forno Rustico,Pizza,4.3,Medie,Marti,Rapida (≤30 min)
100736,2025-05-06 20:05:00,Iași,13,"['apă plată', 'bowl cu somon', 'wrap cu pui']",3,85.0,9.99,40.0,Cash,4.2676493405740885,False,5,1,20,94.99,Green Bowl,Healthy,4.5,Medie,Marti,Normala (31–45 min)
100737,2025-05-07 12:06:00,Brașov,16,"['clătite cu ciocolată', 'înghețată']",2,36.0,7.99,21.0,Card,5.0,False,5,2,12,43.99,Waffle Time,Desert,4.2,Mica,Miercuri,Rapida (≤30 min)
100738,2025-05-07 12:15:00,București,11,['papanași'],1,24.0,7.99,48.0,Card,4.2676493405740885,False,5,2,12,31.990000000000002,Ciorbe și Plăcinte,Tradițional,4.4,Mica,Miercuri,Lenta (>45 min)
100739,2025-05-07 12:57:00,București,8,"['pad thai', 'supă miso', 'ceai verde', 'sushi mix 16 buc']",4,130.0,0.0,43.0,Card,4.0,False,5,2,12,130.0,Wok Express,Asiatic,4.0,Mare,Miercuri,Normala (31–45 min)
100740,2025-05-07 15:22:00,Cluj-Napoca,6,"['onion rings', 'burger clasic']",2,48.0,7.99,12.0,Card,4.0,False,5,2,15,55.99,Grill House,Burgeri,4.0,Mica,Miercuri,Rapida (≤30 min)
100741,2025-05-07 16:21:00,București,4,['cola'],1,8.0,12.99,27.0,Card,4.0,False,5,2,16,20.990000000000002,Burger Point,Burgeri,4.4,Mica,Miercuri,Rapida (≤30 min)
100742,2025-05-07 16:34:00,București,8,['pad thai'],1,41.0,12.99,35.0,Cash,5.0,True,5,2,16,53.99,Wok Express,Asiatic,4.0,Mica,Miercuri,Normala (31–45 min)
100743,2025-05-07 18:48:00,București,18,"['shaorma medie', 'kebab la farfurie']",2,59.0,9.99,33.0,Card,5.0,False,5,2,18,68.99,Kebab Istanbul,Fast-food,4.1,Medie,Miercuri,Normala (31–45 min)
100744,2025-05-07 20:04:00,Cluj-Napoca,3,"['cola', 'tiramisu']",2,27.0,12.99,35.0,Card,4.0,False,5,2,20,39.99,Pizzeria Vesuvio,Pizza,4.1,Mica,Miercuri,Normala (31–45 min)
100745,2025-05-08 12:43:00,Timișoara,6,['burger clasic'],1,34.0,9.99,37.0,Card,4.2676493405740885,False,5,3,12,43.99,Grill House,Burgeri,4.0,Mica,Joi,Normala (31–45 min)
100746,2025-05-08 13:12:00,Timișoara,4,['cola'],1,8.0,9.99,32.0,Cash,4.2676493405740885,False,5,3,13,17.990000000000002,Burger Point,Burgeri,4.4,Mica,Joi,Normala (31–45 min)
100747,2025-05-08 13:12:00,București,3,['tiramisu'],1,19.0,7.99,47.0,Card,4.0,False,5,3,13,26.990000000000002,Pizzeria Vesuvio,Pizza,4.1,Mica,Joi,Lenta (>45 min)
100748,2025-05-08 19:21:00,București,3,"['pizza capricciosa', 'pizza diavola', 'focaccia']",3,98.0,7.99,45.0,Cash,4.2676493405740885,False,5,3,19,105.99,Pizzeria Vesuvio,Pizza,4.1,Medie,Joi,Normala (31–45 min)
100749,2025-05-08 19:41:00,București,10,"['ciorbă de burtă', 'limonadă', 'mici cu muștar (5 buc)']",3,64.0,9.99,46.0,Card,4.0,False,5,3,19,73.99,La Mama Acasă,Tradițional,4.8,Medie,Joi,Lenta (>45 min)
100750,2025-05-08 19:58:00,Cluj-Napoca,5,"['burger bbq', 'cartofi prăjiți']",2,54.0,7.99,36.0,Card,3.0,False,5,3,19,61.99,Smash Bros Burgers,Burgeri,4.7,Medie,Joi,Normala (31–45 min)
100751,2025-05-08 21:21:00,Cluj-Napoca,8,"['noodles cu pui', 'california roll', 'ceai verde']",3,83.0,9.99,31.0,Cash,4.2676493405740885,False,5,3,21,92.99,Wok Express,Asiatic,4.0,Medie,Joi,Normala (31–45 min)
100752,2025-05-08 23:05:00,Iași,13,"['bowl vegan', 'smoothie']",2,57.0,12.99,12.0,Cash,4.2676493405740885,True,5,3,23,69.99,Green Bowl,Healthy,4.5,Medie,Joi,Rapida (≤30 min)
100753,2025-05-09 12:14:00,București,4,['burger clasic'],1,34.0,9.99,43.0,Card,4.0,False,5,4,12,43.99,Burger Point,Burgeri,4.4,Mica,Vineri,Normala (31–45 min)
100754,2025-05-09 18:56:00,Timișoara,7,"['sushi mix 16 buc', 'noodles cu pui', 'california roll']",3,139.0,0.0,26.0,Cash,5.0,True,5,4,18,139.0,Sushi Zen,Asiatic,4.5,Mare,Vineri,Rapida (≤30 min)
100755,2025-05-09 21:58:00,București,18,['kebab la farfurie'],1,35.0,9.99,49.0,Card,4.0,True,5,4,21,44.99,Kebab Istanbul,Fast-food,4.1,Mica,Vineri,Lenta (>45 min)
100756,2025-05-09 22:27:00,Iași,3,"['pizza diavola', 'tiramisu']",2,58.0,12.99,24.0,Card,5.0,False,5,4,22,70.99,Pizzeria Vesuvio,Pizza,4.1,Medie,Vineri,Rapida (≤30 min)
100757,2025-05-10 12:03:00,Cluj-Napoca,3,['cola'],1,8.0,9.99,28.0,Card,5.0,False,5,5,12,17.990000000000002,Pizzeria Vesuvio,Pizza,4.1,Mica,Sambata,Rapida (≤30 min)
100758,2025-05-10 13:49:00,Timișoara,6,['cola'],1,8.0,9.99,21.0,Card,5.0,False,5,5,13,17.990000000000002,Grill House,Burgeri,4.0,Mica,Sambata,Rapida (≤30 min)
100759,2025-05-10 20:39:00,Brașov,2,"['pizza diavola', 'cola', 'focaccia', 'pizza quattro formaggi']",4,107.0,0.0,27.0,Card,5.0,True,5,5,20,107.0,Forno Rustico,Pizza,4.3,Mare,Sambata,Rapida (≤30 min)
100760,2025-05-10 21:09:00,Iași,17,"['shaorma mare', 'ayran', 'cartofi prăjiți']",3,48.0,9.99,34.0,Card,3.0,True,5,5,21,57.99,Shaorma King,Fast-food,3.9,Mica,Sambata,Normala (31–45 min)
100761,2025-05-10 21:33:00,Iași,12,"['papanași', 'limonadă']",2,36.0,12.99,39.0,Card,4.2676493405740885,False,5,5,21,48.99,Hanul Bunicii,Tradițional,4.3,Mica,Sambata,Normala (31–45 min)
100762,2025-05-11 12:00:00,București,15,"['cafea', 'clătite cu ciocolată', 'înghețată']",3,46.0,9.99,39.0,Card,4.0,False,5,6,12,55.99,Dulce Cofetărie,Desert,4.6,Mica,Duminica,Normala (31–45 min)
100763,2025-05-11 13:05:00,Timișoara,12,"['sarmale cu mămăligă', 'mici cu muștar (5 buc)']",2,66.0,7.99,35.0,Card,4.2676493405740885,False,5,6,13,73.99,Hanul Bunicii,Tradițional,4.3,Medie,Duminica,Normala (31–45 min)
100764,2025-05-11 15:00:00,București,5,"['onion rings', 'burger clasic']",2,48.0,12.99,30.0,Card,4.2676493405740885,False,5,6,15,60.99,Smash Bros Burgers,Burgeri,4.7,Mica,Duminica,Rapida (≤30 min)
100765,2025-05-11 21:09:00,București,2,"['cola', 'tiramisu']",2,27.0,9.99,31.518537859007832,Cash,4.2676493405740885,True,5,6,21,36.99,Forno Rustico,Pizza,4.3,Mica,Duminica,Normala (31–45 min)
100766,2025-05-11 21:14:00,Cluj-Napoca,5,"['burger bbq', 'onion rings']",2,56.0,7.99,30.0,Cash,4.2676493405740885,False,5,6,21,63.99,Smash Bros Burgers,Burgeri,4.7,Medie,Duminica,Rapida (≤30 min)
100767,2025-05-12 12:51:00,Brașov,1,['cola'],1,8.0,12.99,43.0,Card,4.0,False,5,0,12,20.990000000000002,Pizza Napoli,Pizza,4.6,Mica,Luni,Normala (31–45 min)
100768,2025-05-13 12:19:00,Timișoara,13,"['salată caesar', 'wrap cu pui']",2,65.0,7.99,23.0,Card,4.0,False,5,1,12,72.99,Green Bowl,Healthy,4.5,Medie,Marti,Rapida (≤30 min)
100769,2025-05-13 12:33:00,București,1,"['pizza margherita', 'tiramisu']",2,51.0,7.99,43.0,Card,4.2676493405740885,True,5,1,12,58.99,Pizza Napoli,Pizza,4.6,Medie,Marti,Normala (31–45 min)
100770,2025-05-13 13:42:00,Timișoara,17,"['ayran', 'falafel wrap']",2,32.0,7.99,21.0,Card,4.2676493405740885,False,5,1,13,39.99,Shaorma King,Fast-food,3.9,Mica,Marti,Rapida (≤30 min)
100771,2025-05-13 14:13:00,Iași,16,"['cafea', 'cheesecake']",2,33.0,7.99,12.0,Cash,4.2676493405740885,False,5,1,14,40.99,Waffle Time,Desert,4.2,Mica,Marti,Rapida (≤30 min)
100772,2025-05-13 15:28:00,Timișoara,9,"['noodles cu pui', 'california roll']",2,74.0,12.99,24.0,Cash,5.0,False,5,1,15,86.99,Bangkok Street,Asiatic,4.2,Medie,Marti,Rapida (≤30 min)
100773,2025-05-13 19:00:00,București,9,"['noodles cu pui', 'supă miso']",2,51.0,9.99,41.0,Card,3.0,False,5,1,19,60.99,Bangkok Street,Asiatic,4.2,Medie,Marti,Normala (31–45 min)
100774,2025-05-13 20:42:00,Cluj-Napoca,13,"['smoothie', 'bowl cu somon', 'apă plată']",3,72.0,7.99,24.0,Cash,4.0,False,5,1,20,79.99,Green Bowl,Healthy,4.5,Medie,Marti,Rapida (≤30 min)
100775,2025-05-14 17:25:00,București,12,"['sarmale cu mămăligă', 'ciorbă de burtă', 'limonadă', 'șnițel cu piure']",4,108.0,0.0,27.0,Card,4.0,False,5,2,17,108.0,Hanul Bunicii,Tradițional,4.3,Mare,Miercuri,Rapida (≤30 min)
100776,2025-05-14 18:21:00,Brașov,5,"['cartofi prăjiți', 'cheeseburger']",2,49.0,9.99,31.0,Card,4.2676493405740885,True,5,2,18,58.99,Smash Bros Burgers,Burgeri,4.7,Mica,Miercuri,Normala (31–45 min)
100777,2025-05-15 11:15:00,București,2,['focaccia'],1,18.0,9.99,33.0,Card,3.0,True,5,3,11,27.990000000000002,Forno Rustico,Pizza,4.3,Mica,Joi,Normala (31–45 min)
100778,2025-05-15 13:38:00,Brașov,8,"['ceai verde', 'supă miso']",2,24.0,9.99,45.0,Cash,3.0,False,5,3,13,33.99,Wok Express,Asiatic,4.0,Mica,Joi,Normala (31–45 min)
100779,2025-05-15 14:56:00,Cluj-Napoca,18,['kebab la farfurie'],1,35.0,9.99,15.0,Card,4.2676493405740885,False,5,3,14,44.99,Kebab Istanbul,Fast-food,4.1,Mica,Joi,Rapida (≤30 min)
100780,2025-05-15 19:39:00,Cluj-Napoca,8,"['sushi mix 16 buc', 'noodles cu pui']",2,101.0,0.0,35.0,Cash,4.2676493405740885,False,5,3,19,101.0,Wok Express,Asiatic,4.0,Mare,Joi,Normala (31–45 min)
100781,2025-05-15 21:39:00,București,3,"['pizza quattro formaggi', 'cola']",2,50.0,7.99,36.0,Card,4.2676493405740885,True,5,3,21,57.99,Pizzeria Vesuvio,Pizza,4.1,Medie,Joi,Normala (31–45 min)
100782,2025-05-15 21:57:00,Cluj-Napoca,13,"['apă plată', 'wrap cu pui']",2,37.0,12.99,28.0,Card,4.2676493405740885,True,5,3,21,49.99,Green Bowl,Healthy,4.5,Mica,Joi,Rapida (≤30 min)
100783,2025-05-16 13:25:00,Brașov,17,"['kebab la farfurie', 'cartofi prăjiți']",2,47.0,7.99,24.0,Cash,4.0,False,5,4,13,54.99,Shaorma King,Fast-food,3.9,Mica,Vineri,Rapida (≤30 min)
100784,2025-05-16 14:39:00,București,17,"['shaorma mare', 'ayran']",2,36.0,9.99,30.0,Card,4.2676493405740885,False,5,4,14,45.99,Shaorma King,Fast-food,3.9,Mica,Vineri,Rapida (≤30 min)
100785,2025-05-16 20:23:00,București,4,"['burger bbq', 'onion rings']",2,56.0,12.99,48.0,Card,4.0,False,5,4,20,68.99,Burger Point,Burgeri,4.4,Medie,Vineri,Lenta (>45 min)
100786,2025-05-16 20:37:00,Iași,3,"['pizza capricciosa', 'pizza margherita']",2,73.0,7.99,31.0,Card,4.2676493405740885,False,5,4,20,80.99,Pizzeria Vesuvio,Pizza,4.1,Medie,Vineri,Normala (31–45 min)
100787,2025-05-17 13:26:00,București,3,"['cola', 'pizza margherita', 'pizza diavola']",3,79.0,7.99,52.0,Cash,3.0,True,5,5,13,86.99,Pizzeria Vesuvio,Pizza,4.1,Medie,Sambata,Lenta (>45 min)
100788,2025-05-17 13:49:00,Iași,13,['apă plată'],1,6.0,9.99,25.0,Card,5.0,True,5,5,13,15.99,Green Bowl,Healthy,4.5,Mica,Sambata,Rapida (≤30 min)
100789,2025-05-17 14:21:00,Timișoara,2,"['focaccia', 'pizza margherita']",2,50.0,9.99,22.0,Card,4.0,False,5,5,14,59.99,Forno Rustico,Pizza,4.3,Medie,Sambata,Rapida (≤30 min)
100790,2025-05-17 14:43:00,București,4,"['cola', 'cheeseburger']",2,45.0,12.99,28.0,Card,5.0,False,5,5,14,57.99,Burger Point,Burgeri,4.4,Mica,Sambata,Rapida (≤30 min)
100791,2025-05-17 18:03:00,Cluj-Napoca,11,"['șnițel cu piure', 'sarmale cu mămăligă']",2,74.0,7.99,40.0,Card,4.2676493405740885,False,5,5,18,81.99,Ciorbe și Plăcinte,Tradițional,4.4,Medie,Sambata,Normala (31–45 min)
100792,2025-05-17 19:49:00,Timișoara,18,"['kebab la farfurie', 'ayran', 'shaorma mare']",3,71.0,7.99,30.0,Card,4.2676493405740885,True,5,5,19,78.99,Kebab Istanbul,Fast-food,4.1,Medie,Sambata,Rapida (≤30 min)
100793,2025-05-17 20:05:00,Timișoara,11,"['mici cu muștar (5 buc)', 'papanași', 'șnițel cu piure']",3,92.0,7.99,36.0,Card,4.0,False,5,5,20,99.99,Ciorbe și Plăcinte,Tradițional,4.4,Medie,Sambata,Normala (31–45 min)
100794,2025-05-17 21:19:00,Timișoara,4,"['burger bbq', 'cola', 'milkshake']",3,67.0,12.99,34.0,Card,4.2676493405740885,False,5,5,21,79.99,Burger Point,Burgeri,4.4,Medie,Sambata,Normala (31–45 min)
100795,2025-05-17 21:59:00,București,5,"['onion rings', 'milkshake']",2,31.0,9.99,44.0,Card,4.2676493405740885,True,5,5,21,40.99,Smash Bros Burgers,Burgeri,4.7,Mica,Sambata,Normala (31–45 min)
100796,2025-05-17 22:44:00,București,15,"['clătite cu ciocolată', 'papanași', 'cheesecake']",3,68.0,7.99,21.0,Card,4.2676493405740885,False,5,5,22,75.99,Dulce Cofetărie,Desert,4.6,Medie,Sambata,Rapida (≤30 min)
100797,2025-05-18 12:14:00,Timișoara,14,"['bowl vegan', 'salată caesar', 'smoothie']",3,91.0,7.99,31.0,Card,4.0,False,5,6,12,98.99,Fresh & Fit,Healthy,4.1,Medie,Duminica,Normala (31–45 min)
100798,2025-05-18 19:26:00,București,9,"['sushi mix 16 buc', 'supă miso', 'ceai verde']",3,89.0,9.99,31.0,Card,4.0,False,5,6,19,98.99,Bangkok Street,Asiatic,4.2,Medie,Duminica,Normala (31–45 min)
100799,2025-05-18 20:34:00,București,1,"['cola', 'focaccia', 'pizza diavola']",3,65.0,12.99,42.0,Card,4.0,False,5,6,20,77.99,Pizza Napoli,Pizza,4.6,Medie,Duminica,Normala (31–45 min)
100800,2025-05-18 21:23:00,București,18,"['cartofi prăjiți', 'kebab la farfurie', 'shaorma medie']",3,71.0,7.99,30.0,Card,4.0,False,5,6,21,78.99,Kebab Istanbul,Fast-food,4.1,Medie,Duminica,Rapida (≤30 min)
100801,2025-05-18 23:25:00,București,16,"['cafea', 'clătite cu ciocolată']",2,31.0,7.99,33.0,Card,4.0,True,5,6,23,38.99,Waffle Time,Desert,4.2,Mica,Duminica,Normala (31–45 min)
100802,2025-05-19 11:36:00,București,6,['milkshake'],1,17.0,7.99,32.0,Cash,5.0,False,5,0,11,24.990000000000002,Grill House,Burgeri,4.0,Mica,Luni,Normala (31–45 min)
100803,2025-05-19 12:01:00,București,17,['ayran'],1,7.0,9.99,41.0,Card,4.0,False,5,0,12,16.990000000000002,Shaorma King,Fast-food,3.9,Mica,Luni,Normala (31–45 min)
100804,2025-05-19 14:20:00,Brașov,6,"['cartofi prăjiți', 'cola', 'burger clasic']",3,54.0,12.99,27.0,Cash,4.0,False,5,0,14,66.99,Grill House,Burgeri,4.0,Medie,Luni,Rapida (≤30 min)
100805,2025-05-19 20:33:00,București,11,"['sarmale cu mămăligă', 'șnițel cu piure']",2,74.0,9.99,40.0,Card,4.0,False,5,0,20,83.99,Ciorbe și Plăcinte,Tradițional,4.4,Medie,Luni,Normala (31–45 min)
100806,2025-05-19 20:59:00,București,14,"['apă plată', 'wrap cu pui', 'salată caesar']",3,71.0,9.99,40.0,Card,4.0,False,5,0,20,80.99,Fresh & Fit,Healthy,4.1,Medie,Luni,Normala (31–45 min)
100807,2025-05-20 13:52:00,București,3,"['cola', 'pizza margherita', 'pizza quattro formaggi']",3,82.0,12.99,44.0,Cash,4.2676493405740885,False,5,1,13,94.99,Pizzeria Vesuvio,Pizza,4.1,Medie,Marti,Normala (31–45 min)
100808,2025-05-20 20:19:00,București,6,"['burger bbq', 'burger clasic', 'cheeseburger']",3,113.0,0.0,30.0,Card,5.0,False,5,1,20,113.0,Grill House,Burgeri,4.0,Mare,Marti,Rapida (≤30 min)
100809,2025-05-21 12:35:00,București,3,"['pizza margherita', 'pizza capricciosa']",2,73.0,12.99,50.0,Card,3.0,False,5,2,12,85.99,Pizzeria Vesuvio,Pizza,4.1,Medie,Miercuri,Lenta (>45 min)
100810,2025-05-21 19:51:00,Cluj-Napoca,13,"['bowl vegan', 'apă plată']",2,45.0,7.99,44.0,Card,4.0,False,5,2,19,52.99,Green Bowl,Healthy,4.5,Mica,Miercuri,Normala (31–45 min)
100811,2025-05-21 21:25:00,Brașov,3,"['pizza quattro formaggi', 'pizza margherita', 'cola']",3,82.0,7.99,28.0,Card,4.2676493405740885,True,5,2,21,89.99,Pizzeria Vesuvio,Pizza,4.1,Medie,Miercuri,Rapida (≤30 min)
100812,2025-05-22 11:00:00,Cluj-Napoca,16,"['waffle cu fructe', 'înghețată', 'papanași']",3,65.0,9.99,25.0,Cash,5.0,False,5,3,11,74.99,Waffle Time,Desert,4.2,Medie,Joi,Rapida (≤30 min)
100813,2025-05-22 19:44:00,Iași,7,"['noodles cu pui', 'pad thai']",2,77.0,9.99,37.0,Card,2.0,False,5,3,19,86.99,Sushi Zen,Asiatic,4.5,Medie,Joi,Normala (31–45 min)
100814,2025-05-23 12:03:00,Iași,6,['burger bbq'],1,42.0,7.99,42.0,Cash,5.0,False,5,4,12,49.99,Grill House,Burgeri,4.0,Mica,Vineri,Normala (31–45 min)
100815,2025-05-23 15:44:00,Timișoara,11,['sarmale cu mămăligă'],1,36.0,9.99,26.0,Card,5.0,False,5,4,15,45.99,Ciorbe și Plăcinte,Tradițional,4.4,Mica,Vineri,Rapida (≤30 min)
100816,2025-05-23 19:18:00,București,15,"['papanași', 'cafea']",2,34.0,9.99,48.0,Card,3.0,False,5,4,19,43.99,Dulce Cofetărie,Desert,4.6,Mica,Vineri,Lenta (>45 min)
100817,2025-05-23 19:38:00,București,16,['papanași'],1,24.0,9.99,41.0,Card,4.2676493405740885,False,5,4,19,33.99,Waffle Time,Desert,4.2,Mica,Vineri,Normala (31–45 min)
100818,2025-05-23 19:55:00,București,2,"['pizza capricciosa', 'pizza diavola', 'pizza margherita']",3,112.0,0.0,25.0,Card,4.2676493405740885,True,5,4,19,112.0,Forno Rustico,Pizza,4.3,Mare,Vineri,Rapida (≤30 min)
100819,2025-05-23 20:08:00,Cluj-Napoca,2,"['pizza capricciosa', 'pizza diavola', 'pizza quattro formaggi', 'tiramisu']",4,141.0,0.0,19.0,Card,5.0,True,5,4,20,141.0,Forno Rustico,Pizza,4.3,Mare,Vineri,Rapida (≤30 min)
100820,2025-05-23 20:37:00,București,10,"['mici cu muștar (5 buc)', 'sarmale cu mămăligă', 'ciorbă de burtă', 'papanași']",4,112.0,0.0,33.0,Cash,4.2676493405740885,True,5,4,20,112.0,La Mama Acasă,Tradițional,4.8,Mare,Vineri,Normala (31–45 min)
100821,2025-05-24 14:25:00,Iași,17,"['falafel wrap', 'kebab la farfurie', 'ayran', 'cartofi prăjiți']",4,79.0,7.99,24.0,Cash,4.2676493405740885,False,5,5,14,86.99,Shaorma King,Fast-food,3.9,Medie,Sambata,Rapida (≤30 min)
100822,2025-05-24 17:38:00,Timișoara,1,"['pizza quattro formaggi', 'pizza capricciosa']",2,83.0,9.99,32.0,Cash,4.0,False,5,5,17,92.99,Pizza Napoli,Pizza,4.6,Medie,Sambata,Normala (31–45 min)
100823,2025-05-24 19:19:00,București,9,"['noodles cu pui', 'supă miso', 'california roll']",3,89.0,7.99,54.0,Card,4.0,False,5,5,19,96.99,Bangkok Street,Asiatic,4.2,Medie,Sambata,Lenta (>45 min)
100824,2025-05-24 19:23:00,Brașov,16,"['cheesecake', 'înghețată', 'cafea']",3,48.0,9.99,23.0,Cash,5.0,True,5,5,19,57.99,Waffle Time,Desert,4.2,Mica,Sambata,Rapida (≤30 min)
100825,2025-05-24 20:21:00,Cluj-Napoca,6,['cola'],1,8.0,12.99,33.0,Card,3.0,False,5,5,20,20.990000000000002,Grill House,Burgeri,4.0,Mica,Sambata,Normala (31–45 min)
100826,2025-05-24 20:53:00,Cluj-Napoca,2,"['pizza margherita', 'pizza capricciosa']",2,73.0,12.99,28.0,Card,4.0,False,5,5,20,85.99,Forno Rustico,Pizza,4.3,Medie,Sambata,Rapida (≤30 min)
100827,2025-05-24 21:24:00,Iași,2,['tiramisu'],1,19.0,7.99,40.0,Cash,4.0,False,5,5,21,26.990000000000002,Forno Rustico,Pizza,4.3,Mica,Sambata,Normala (31–45 min)
100828,2025-05-24 23:21:00,Timișoara,10,"['papanași', 'sarmale cu mămăligă', 'limonadă']",3,72.0,9.99,15.0,Card,4.0,False,5,5,23,81.99,La Mama Acasă,Tradițional,4.8,Medie,Sambata,Rapida (≤30 min)
100829,2025-05-24 23:31:00,București,13,['wrap cu pui'],1,31.0,7.99,28.0,Cash,4.2676493405740885,False,5,5,23,38.99,Green Bowl,Healthy,4.5,Mica,Sambata,Rapida (≤30 min)
100830,2025-05-25 10:14:00,Iași,6,"['cola', 'onion rings', 'milkshake']",3,39.0,7.99,29.0,Card,4.2676493405740885,False,5,6,10,46.99,Grill House,Burgeri,4.0,Mica,Duminica,Rapida (≤30 min)
100831,2025-05-25 13:06:00,Cluj-Napoca,11,"['mici cu muștar (5 buc)', 'șnițel cu piure']",2,68.0,9.99,28.0,Card,4.2676493405740885,False,5,6,13,77.99,Ciorbe și Plăcinte,Tradițional,4.4,Medie,Duminica,Rapida (≤30 min)
100832,2025-05-25 13:47:00,Brașov,17,"['kebab la farfurie', 'cartofi prăjiți', 'shaorma medie']",3,71.0,9.99,39.0,Cash,4.0,True,5,6,13,80.99,Shaorma King,Fast-food,3.9,Medie,Duminica,Normala (31–45 min)
100833,2025-05-25 18:30:00,Brașov,10,['șnițel cu piure'],1,38.0,7.99,27.0,Card,4.2676493405740885,False,5,6,18,45.99,La Mama Acasă,Tradițional,4.8,Mica,Duminica,Rapida (≤30 min)
100834,2025-05-25 21:06:00,Iași,9,['sushi mix 16 buc'],1,65.0,9.99,16.0,Card,4.2676493405740885,False,5,6,21,74.99,Bangkok Street,Asiatic,4.2,Medie,Duminica,Rapida (≤30 min)
100835,2025-05-25 21:44:00,Timișoara,18,['cartofi prăjiți'],1,12.0,12.99,27.0,Card,4.2676493405740885,False,5,6,21,24.990000000000002,Kebab Istanbul,Fast-food,4.1,Mica,Duminica,Rapida (≤30 min)
100836,2025-05-25 21:54:00,București,7,"['ceai verde', 'pad thai']",2,50.0,12.99,40.0,Card,4.0,False,5,6,21,62.99,Sushi Zen,Asiatic,4.5,Medie,Duminica,Normala (31–45 min)
100837,2025-05-26 18:40:00,Iași,12,"['mici cu muștar (5 buc)', 'sarmale cu mămăligă']",2,66.0,9.99,28.0,Card,4.0,True,5,0,18,75.99,Hanul Bunicii,Tradițional,4.3,Medie,Luni,Rapida (≤30 min)
100838,2025-05-26 18:49:00,Iași,2,"['cola', 'pizza diavola', 'pizza capricciosa']",3,88.0,9.99,31.518537859007832,Card,4.2676493405740885,False,5,0,18,97.99,Forno Rustico,Pizza,4.3,Medie,Luni,Normala (31–45 min)
100839,2025-05-26 19:37:00,Cluj-Napoca,15,"['cafea', 'înghețată']",2,25.0,9.99,27.0,Card,5.0,True,5,0,19,34.99,Dulce Cofetărie,Desert,4.6,Mica,Luni,Rapida (≤30 min)
100840,2025-05-26 21:40:00,Timișoara,18,"['shaorma mare', 'kebab la farfurie']",2,64.0,9.99,37.0,Cash,4.0,False,5,0,21,73.99,Kebab Istanbul,Fast-food,4.1,Medie,Luni,Normala (31–45 min)
100841,2025-05-27 11:07:00,București,8,"['noodles cu pui', 'pad thai']",2,77.0,9.99,27.0,Cash,5.0,True,5,1,11,86.99,Wok Express,Asiatic,4.0,Medie,Marti,Rapida (≤30 min)
100842,2025-05-27 14:15:00,București,17,"['kebab la farfurie', 'ayran']",2,42.0,9.99,45.0,Card,5.0,False,5,1,14,51.99,Shaorma King,Fast-food,3.9,Mica,Marti,Normala (31–45 min)
100843,2025-05-27 15:57:00,Cluj-Napoca,1,"['cola', 'tiramisu']",2,27.0,9.99,28.0,Cash,4.2676493405740885,False,5,1,15,36.99,Pizza Napoli,Pizza,4.6,Mica,Marti,Rapida (≤30 min)
100844,2025-05-27 18:03:00,București,4,['onion rings'],1,14.0,7.99,39.0,Cash,4.2676493405740885,False,5,1,18,21.990000000000002,Burger Point,Burgeri,4.4,Mica,Marti,Normala (31–45 min)
100845,2025-05-27 20:56:00,București,3,"['pizza diavola', 'cola', 'focaccia']",3,65.0,9.99,32.0,Card,5.0,False,5,1,20,74.99,Pizzeria Vesuvio,Pizza,4.1,Medie,Marti,Normala (31–45 min)
100846,2025-05-28 12:45:00,București,14,"['smoothie', 'bowl vegan']",2,57.0,7.99,40.0,Cash,4.0,True,5,2,12,64.99,Fresh & Fit,Healthy,4.1,Medie,Miercuri,Normala (31–45 min)
100847,2025-05-28 15:01:00,București,5,"['burger clasic', 'cheeseburger']",2,71.0,12.99,31.518537859007832,Cash,5.0,False,5,2,15,83.99,Smash Bros Burgers,Burgeri,4.7,Medie,Miercuri,Normala (31–45 min)
100848,2025-05-28 19:45:00,Iași,8,"['ceai verde', 'pad thai']",2,50.0,7.99,31.0,Card,4.2676493405740885,True,5,2,19,57.99,Wok Express,Asiatic,4.0,Medie,Miercuri,Normala (31–45 min)
100849,2025-05-28 23:05:00,București,12,['papanași'],1,24.0,9.99,32.0,Card,4.2676493405740885,False,5,2,23,33.99,Hanul Bunicii,Tradițional,4.3,Mica,Miercuri,Normala (31–45 min)
100850,2025-05-29 12:33:00,Timișoara,13,['wrap cu pui'],1,31.0,7.99,23.0,Card,4.2676493405740885,False,5,3,12,38.99,Green Bowl,Healthy,4.5,Mica,Joi,Rapida (≤30 min)
100851,2025-05-29 13:34:00,Timișoara,4,"['onion rings', 'cola', 'burger clasic']",3,56.0,7.99,23.0,Cash,5.0,False,5,3,13,63.99,Burger Point,Burgeri,4.4,Medie,Joi,Rapida (≤30 min)
100852,2025-05-29 15:00:00,Brașov,3,"['pizza margherita', 'tiramisu', 'pizza capricciosa']",3,92.0,9.99,31.518537859007832,Card,4.2676493405740885,False,5,3,15,101.99,Pizzeria Vesuvio,Pizza,4.1,Medie,Joi,Normala (31–45 min)
100853,2025-05-29 15:44:00,Cluj-Napoca,6,"['cheeseburger', 'onion rings', 'burger bbq']",3,93.0,9.99,23.0,Cash,5.0,False,5,3,15,102.99,Grill House,Burgeri,4.0,Medie,Joi,Rapida (≤30 min)
100854,2025-05-29 18:36:00,Iași,18,"['cartofi prăjiți', 'shaorma medie', 'kebab la farfurie']",3,71.0,12.99,14.0,Cash,4.0,False,5,3,18,83.99,Kebab Istanbul,Fast-food,4.1,Medie,Joi,Rapida (≤30 min)
100855,2025-05-30 13:35:00,Timișoara,6,"['cartofi prăjiți', 'cheeseburger']",2,49.0,12.99,31.518537859007832,Card,3.0,False,5,4,13,61.99,Grill House,Burgeri,4.0,Mica,Vineri,Normala (31–45 min)
100856,2025-05-30 17:23:00,București,2,['cola'],1,8.0,9.99,23.0,Card,5.0,False,5,4,17,17.990000000000002,Forno Rustico,Pizza,4.3,Mica,Vineri,Rapida (≤30 min)
100857,2025-05-30 18:11:00,București,13,['salată caesar'],1,34.0,7.99,31.0,Card,4.2676493405740885,False,5,4,18,41.99,Green Bowl,Healthy,4.5,Mica,Vineri,Normala (31–45 min)
100858,2025-05-30 19:13:00,Cluj-Napoca,3,"['pizza quattro formaggi', 'pizza margherita']",2,74.0,7.99,30.0,Cash,5.0,False,5,4,19,81.99,Pizzeria Vesuvio,Pizza,4.1,Medie,Vineri,Rapida (≤30 min)
100859,2025-05-30 19:58:00,Cluj-Napoca,5,"['cartofi prăjiți', 'cheeseburger', 'milkshake']",3,66.0,7.99,25.0,Card,4.2676493405740885,False,5,4,19,73.99,Smash Bros Burgers,Burgeri,4.7,Medie,Vineri,Rapida (≤30 min)
100860,2025-05-30 21:15:00,Brașov,15,"['waffle cu fructe', 'înghețată', 'cafea', 'papanași']",4,75.0,9.99,29.0,Card,4.2676493405740885,False,5,4,21,84.99,Dulce Cofetărie,Desert,4.6,Medie,Vineri,Rapida (≤30 min)
100861,2025-05-30 22:33:00,Iași,7,['ceai verde'],1,9.0,9.99,22.0,Card,5.0,False,5,4,22,18.990000000000002,Sushi Zen,Asiatic,4.5,Mica,Vineri,Rapida (≤30 min)
100862,2025-05-31 12:02:00,București,6,"['cola', 'cheeseburger']",2,45.0,9.99,28.0,Cash,5.0,False,5,5,12,54.99,Grill House,Burgeri,4.0,Mica,Sambata,Rapida (≤30 min)
100863,2025-05-31 12:13:00,Brașov,11,"['șnițel cu piure', 'ciorbă de burtă']",2,60.0,7.99,37.0,Card,4.0,False,5,5,12,67.99,Ciorbe și Plăcinte,Tradițional,4.4,Medie,Sambata,Normala (31–45 min)
100864,2025-05-31 15:27:00,Brașov,2,['pizza capricciosa'],1,41.0,12.99,21.0,Cash,5.0,False,5,5,15,53.99,Forno Rustico,Pizza,4.3,Mica,Sambata,Rapida (≤30 min)
100865,2025-05-31 21:07:00,Iași,18,"['shaorma medie', 'kebab la farfurie', 'cartofi prăjiți']",3,71.0,9.99,33.0,Card,4.2676493405740885,False,5,5,21,80.99,Kebab Istanbul,Fast-food,4.1,Medie,Sambata,Normala (31–45 min)
100866,2025-05-31 22:27:00,Timișoara,5,"['cola', 'onion rings']",2,22.0,7.99,31.0,Card,4.0,True,5,5,22,29.990000000000002,Smash Bros Burgers,Burgeri,4.7,Mica,Sambata,Normala (31–45 min)
100867,2025-05-31 23:21:00,Timișoara,17,"['kebab la farfurie', 'shaorma medie']",2,59.0,7.99,25.0,Card,4.2676493405740885,False,5,5,23,66.99,Shaorma King,Fast-food,3.9,Medie,Sambata,Rapida (≤30 min)
100868,2025-06-01 10:45:00,Timișoara,10,"['ciorbă de burtă', 'limonadă', 'mici cu muștar (5 buc)', 'papanași']",4,88.0,7.99,31.0,Cash,4.2676493405740885,False,6,6,10,95.99,La Mama Acasă,Tradițional,4.8,Medie,Duminica,Normala (31–45 min)
100869,2025-06-01 12:22:00,București,14,['bowl vegan'],1,39.0,12.99,44.0,Card,4.2676493405740885,True,6,6,12,51.99,Fresh & Fit,Healthy,4.1,Mica,Duminica,Normala (31–45 min)
100870,2025-06-01 12:40:00,Iași,10,['mici cu muștar (5 buc)'],1,30.0,9.99,42.0,Card,4.2676493405740885,False,6,6,12,39.99,La Mama Acasă,Tradițional,4.8,Mica,Duminica,Normala (31–45 min)
100871,2025-06-01 14:19:00,Cluj-Napoca,3,['cola'],1,8.0,12.99,25.0,Cash,4.0,False,6,6,14,20.990000000000002,Pizzeria Vesuvio,Pizza,4.1,Mica,Duminica,Rapida (≤30 min)
100872,2025-06-01 14:37:00,Brașov,4,"['milkshake', 'onion rings']",2,31.0,9.99,12.0,Cash,4.0,False,6,6,14,40.99,Burger Point,Burgeri,4.4,Mica,Duminica,Rapida (≤30 min)
100873,2025-06-01 18:51:00,Timișoara,3,['pizza margherita'],1,32.0,12.99,31.0,Card,4.0,False,6,6,18,44.99,Pizzeria Vesuvio,Pizza,4.1,Mica,Duminica,Normala (31–45 min)
100874,2025-06-01 20:10:00,Cluj-Napoca,8,"['supă miso', 'pad thai']",2,56.0,12.99,31.0,Card,4.2676493405740885,True,6,6,20,68.99,Wok Express,Asiatic,4.0,Medie,Duminica,Normala (31–45 min)
100875,2025-06-02 13:24:00,Cluj-Napoca,3,"['cola', 'pizza capricciosa']",2,49.0,12.99,24.0,Card,5.0,False,6,0,13,61.99,Pizzeria Vesuvio,Pizza,4.1,Mica,Luni,Rapida (≤30 min)
100876,2025-06-03 11:05:00,Timișoara,18,"['cartofi prăjiți', 'shaorma medie']",2,36.0,7.99,22.0,Card,4.0,True,6,1,11,43.99,Kebab Istanbul,Fast-food,4.1,Mica,Marti,Rapida (≤30 min)
100877,2025-06-03 15:05:00,București,8,"['noodles cu pui', 'ceai verde', 'supă miso', 'pad thai']",4,101.0,0.0,40.0,Card,5.0,True,6,1,15,101.0,Wok Express,Asiatic,4.0,Mare,Marti,Normala (31–45 min)
100878,2025-06-03 16:44:00,București,4,"['burger bbq', 'cola', 'cartofi prăjiți']",3,62.0,7.99,18.0,Card,4.0,False,6,1,16,69.99,Burger Point,Burgeri,4.4,Medie,Marti,Rapida (≤30 min)
100879,2025-06-03 19:38:00,București,11,['papanași'],1,24.0,9.99,36.0,Card,4.0,False,6,1,19,33.99,Ciorbe și Plăcinte,Tradițional,4.4,Mica,Marti,Normala (31–45 min)
100880,2025-06-03 21:07:00,Iași,9,['ceai verde'],1,9.0,7.99,29.0,Card,4.2676493405740885,True,6,1,21,16.990000000000002,Bangkok Street,Asiatic,4.2,Mica,Marti,Rapida (≤30 min)
100881,2025-06-03 21:20:00,Brașov,6,"['onion rings', 'milkshake', 'cheeseburger']",3,68.0,9.99,24.0,Cash,4.0,True,6,1,21,77.99,Grill House,Burgeri,4.0,Medie,Marti,Rapida (≤30 min)
100882,2025-06-04 12:49:00,Brașov,4,"['burger bbq', 'onion rings']",2,56.0,7.99,36.0,Cash,4.0,False,6,2,12,63.99,Burger Point,Burgeri,4.4,Medie,Miercuri,Normala (31–45 min)
100883,2025-06-04 13:27:00,Timișoara,18,"['shaorma mare', 'shaorma medie', 'cartofi prăjiți']",3,65.0,7.99,40.0,Card,4.0,False,6,2,13,72.99,Kebab Istanbul,Fast-food,4.1,Medie,Miercuri,Normala (31–45 min)
100884,2025-06-04 13:32:00,București,18,"['falafel wrap', 'ayran']",2,32.0,9.99,45.0,Cash,5.0,False,6,2,13,41.99,Kebab Istanbul,Fast-food,4.1,Mica,Miercuri,Normala (31–45 min)
100885,2025-06-04 17:11:00,Cluj-Napoca,13,['apă plată'],1,6.0,7.99,28.0,Cash,4.2676493405740885,False,6,2,17,13.99,Green Bowl,Healthy,4.5,Mica,Miercuri,Rapida (≤30 min)
100886,2025-06-04 17:39:00,București,18,"['cartofi prăjiți', 'kebab la farfurie']",2,47.0,9.99,35.0,Card,4.2676493405740885,False,6,2,17,56.99,Kebab Istanbul,Fast-food,4.1,Mica,Miercuri,Normala (31–45 min)
100887,2025-06-05 18:49:00,Cluj-Napoca,18,"['falafel wrap', 'shaorma mare', 'kebab la farfurie', 'ayran']",4,96.0,12.99,21.0,Cash,4.0,False,6,3,18,108.99,Kebab Istanbul,Fast-food,4.1,Medie,Joi,Rapida (≤30 min)
100888,2025-06-05 21:05:00,Cluj-Napoca,17,"['falafel wrap', 'shaorma medie', 'ayran']",3,56.0,12.99,29.0,Card,4.0,True,6,3,21,68.99,Shaorma King,Fast-food,3.9,Medie,Joi,Rapida (≤30 min)
100889,2025-06-05 21:36:00,București,4,['cheeseburger'],1,37.0,9.99,35.0,Card,4.2676493405740885,False,6,3,21,46.99,Burger Point,Burgeri,4.4,Mica,Joi,Normala (31–45 min)
100890,2025-06-05 22:07:00,București,14,"['bowl cu somon', 'apă plată', 'wrap cu pui']",3,85.0,9.99,18.0,Cash,4.2676493405740885,False,6,3,22,94.99,Fresh & Fit,Healthy,4.1,Medie,Joi,Rapida (≤30 min)
100891,2025-06-06 10:53:00,București,7,['california roll'],1,38.0,7.99,30.0,Cash,4.0,False,6,4,10,45.99,Sushi Zen,Asiatic,4.5,Mica,Vineri,Rapida (≤30 min)
100892,2025-06-06 12:28:00,București,11,"['sarmale cu mămăligă', 'șnițel cu piure', 'limonadă']",3,86.0,9.99,59.0,Cash,2.0,False,6,4,12,95.99,Ciorbe și Plăcinte,Tradițional,4.4,Medie,Vineri,Lenta (>45 min)
100893,2025-06-06 13:35:00,Timișoara,18,"['cartofi prăjiți', 'shaorma mare', 'shaorma medie']",3,65.0,7.99,27.0,Card,5.0,False,6,4,13,72.99,Kebab Istanbul,Fast-food,4.1,Medie,Vineri,Rapida (≤30 min)
100894,2025-06-06 16:02:00,București,5,"['cheeseburger', 'cola', 'cartofi prăjiți']",3,57.0,7.99,33.0,Cash,4.2676493405740885,False,6,4,16,64.99,Smash Bros Burgers,Burgeri,4.7,Medie,Vineri,Normala (31–45 min)
100895,2025-06-06 18:40:00,Cluj-Napoca,6,['onion rings'],1,14.0,7.99,16.0,Card,4.2676493405740885,True,6,4,18,21.990000000000002,Grill House,Burgeri,4.0,Mica,Vineri,Rapida (≤30 min)
100896,2025-06-06 20:47:00,Iași,10,"['limonadă', 'mici cu muștar (5 buc)']",2,42.0,9.99,40.0,Cash,4.2676493405740885,True,6,4,20,51.99,La Mama Acasă,Tradițional,4.8,Mica,Vineri,Normala (31–45 min)
100897,2025-06-06 21:14:00,București,11,"['ciorbă de burtă', 'mici cu muștar (5 buc)', 'limonadă']",3,64.0,9.99,45.0,Card,5.0,False,6,4,21,73.99,Ciorbe și Plăcinte,Tradițional,4.4,Medie,Vineri,Normala (31–45 min)
100898,2025-06-06 22:46:00,Iași,2,"['focaccia', 'tiramisu', 'pizza capricciosa']",3,78.0,7.99,26.0,Card,4.2676493405740885,False,6,4,22,85.99,Forno Rustico,Pizza,4.3,Medie,Vineri,Rapida (≤30 min)
100899,2025-06-07 14:14:00,Timișoara,13,"['salată caesar', 'wrap cu pui']",2,65.0,12.99,28.0,Card,4.2676493405740885,False,6,5,14,77.99,Green Bowl,Healthy,4.5,Medie,Sambata,Rapida (≤30 min)
100900,2025-06-07 16:05:00,Brașov,7,['california roll'],1,38.0,7.99,32.0,Card,4.0,False,6,5,16,45.99,Sushi Zen,Asiatic,4.5,Mica,Sambata,Normala (31–45 min)
100901,2025-06-07 19:22:00,București,1,"['pizza diavola', 'tiramisu', 'pizza capricciosa']",3,99.0,7.99,45.0,Card,4.0,False,6,5,19,106.99,Pizza Napoli,Pizza,4.6,Medie,Sambata,Normala (31–45 min)
100902,2025-06-07 19:40:00,București,2,"['pizza quattro formaggi', 'tiramisu']",2,61.0,9.99,47.0,Card,3.0,True,6,5,19,70.99,Forno Rustico,Pizza,4.3,Medie,Sambata,Lenta (>45 min)
100903,2025-06-07 20:47:00,Iași,8,"['california roll', 'noodles cu pui', 'pad thai']",3,115.0,0.0,39.0,Card,4.0,False,6,5,20,115.0,Wok Express,Asiatic,4.0,Mare,Sambata,Normala (31–45 min)
100904,2025-06-08 12:29:00,București,2,"['focaccia', 'pizza diavola', 'pizza margherita', 'tiramisu']",4,108.0,0.0,40.0,Card,3.0,False,6,6,12,108.0,Forno Rustico,Pizza,4.3,Mare,Duminica,Normala (31–45 min)
100905,2025-06-08 13:11:00,Brașov,14,"['wrap cu pui', 'bowl vegan', 'apă plată']",3,76.0,9.99,31.0,Card,4.2676493405740885,False,6,6,13,85.99,Fresh & Fit,Healthy,4.1,Medie,Duminica,Normala (31–45 min)
100906,2025-06-08 13:18:00,București,1,['pizza diavola'],1,39.0,9.99,36.0,Card,4.0,False,6,6,13,48.99,Pizza Napoli,Pizza,4.6,Mica,Duminica,Normala (31–45 min)
100907,2025-06-08 14:27:00,Iași,1,['pizza diavola'],1,39.0,7.99,22.0,Card,4.2676493405740885,False,6,6,14,46.99,Pizza Napoli,Pizza,4.6,Mica,Duminica,Rapida (≤30 min)
100908,2025-06-08 18:15:00,Iași,3,"['pizza diavola', 'pizza capricciosa']",2,80.0,7.99,23.0,Cash,4.2676493405740885,False,6,6,18,87.99,Pizzeria Vesuvio,Pizza,4.1,Medie,Duminica,Rapida (≤30 min)
100909,2025-06-08 18:20:00,Cluj-Napoca,14,"['salată caesar', 'apă plată']",2,40.0,7.99,30.0,Cash,4.0,False,6,6,18,47.99,Fresh & Fit,Healthy,4.1,Mica,Duminica,Rapida (≤30 min)
100910,2025-06-08 18:39:00,București,12,"['mici cu muștar (5 buc)', 'sarmale cu mămăligă', 'papanași']",3,90.0,9.99,44.0,Card,4.2676493405740885,True,6,6,18,99.99,Hanul Bunicii,Tradițional,4.3,Medie,Duminica,Normala (31–45 min)
100911,2025-06-08 19:24:00,Timișoara,2,"['pizza capricciosa', 'pizza quattro formaggi']",2,83.0,9.99,44.0,Card,4.2676493405740885,False,6,6,19,92.99,Forno Rustico,Pizza,4.3,Medie,Duminica,Normala (31–45 min)
100912,2025-06-08 20:27:00,București,1,"['focaccia', 'pizza capricciosa', 'pizza quattro formaggi', 'tiramisu']",4,120.0,0.0,41.0,Cash,4.2676493405740885,False,6,6,20,120.0,Pizza Napoli,Pizza,4.6,Mare,Duminica,Normala (31–45 min)
100913,2025-06-08 21:17:00,Cluj-Napoca,2,['tiramisu'],1,19.0,7.99,17.0,Card,5.0,False,6,6,21,26.990000000000002,Forno Rustico,Pizza,4.3,Mica,Duminica,Rapida (≤30 min)
100914,2025-06-08 23:06:00,București,14,"['bowl cu somon', 'wrap cu pui', 'salată caesar']",3,113.0,0.0,21.0,Card,4.2676493405740885,False,6,6,23,113.0,Fresh & Fit,Healthy,4.1,Mare,Duminica,Rapida (≤30 min)
100915,2025-06-09 15:16:00,București,1,"['pizza margherita', 'pizza diavola']",2,71.0,9.99,21.0,Card,5.0,False,6,0,15,80.99,Pizza Napoli,Pizza,4.6,Medie,Luni,Rapida (≤30 min)
100916,2025-06-09 15:27:00,Iași,17,"['falafel wrap', 'shaorma medie']",2,49.0,7.99,15.0,Card,4.0,False,6,0,15,56.99,Shaorma King,Fast-food,3.9,Mica,Luni,Rapida (≤30 min)
100917,2025-06-09 17:03:00,București,17,['cartofi prăjiți'],1,12.0,9.99,16.0,Card,4.2676493405740885,False,6,0,17,21.990000000000002,Shaorma King,Fast-food,3.9,Mica,Luni,Rapida (≤30 min)
100918,2025-06-09 18:47:00,București,4,['cheeseburger'],1,37.0,7.99,36.0,Card,3.0,False,6,0,18,44.99,Burger Point,Burgeri,4.4,Mica,Luni,Normala (31–45 min)
100919,2025-06-11 11:39:00,București,15,"['înghețată', 'papanași', 'waffle cu fructe']",3,65.0,7.99,39.0,Cash,4.0,True,6,2,11,72.99,Dulce Cofetărie,Desert,4.6,Medie,Miercuri,Normala (31–45 min)
100920,2025-06-11 18:20:00,București,13,"['bowl vegan', 'bowl cu somon', 'wrap cu pui']",3,118.0,0.0,28.0,Cash,4.2676493405740885,True,6,2,18,118.0,Green Bowl,Healthy,4.5,Mare,Miercuri,Rapida (≤30 min)
100921,2025-06-11 18:44:00,București,4,"['milkshake', 'cheeseburger']",2,54.0,12.99,32.0,Card,5.0,False,6,2,18,66.99,Burger Point,Burgeri,4.4,Medie,Miercuri,Normala (31–45 min)
100922,2025-06-12 12:07:00,București,10,"['sarmale cu mămăligă', 'șnițel cu piure', 'papanași']",3,98.0,12.99,36.0,Cash,4.2676493405740885,False,6,3,12,110.99,La Mama Acasă,Tradițional,4.8,Medie,Joi,Normala (31–45 min)
100923,2025-06-12 12:53:00,București,12,['papanași'],1,24.0,12.99,43.0,Cash,4.0,False,6,3,12,36.99,Hanul Bunicii,Tradițional,4.3,Mica,Joi,Normala (31–45 min)
100924,2025-06-12 13:30:00,Cluj-Napoca,16,"['cheesecake', 'waffle cu fructe', 'clătite cu ciocolată']",3,70.0,12.99,30.0,Card,4.2676493405740885,False,6,3,13,82.99,Waffle Time,Desert,4.2,Medie,Joi,Rapida (≤30 min)
100925,2025-06-12 16:33:00,București,5,"['burger clasic', 'burger bbq', 'cheeseburger', 'cola']",4,121.0,0.0,22.0,Cash,4.2676493405740885,False,6,3,16,121.0,Smash Bros Burgers,Burgeri,4.7,Mare,Joi,Rapida (≤30 min)
100926,2025-06-12 18:06:00,Brașov,7,"['ceai verde', 'noodles cu pui']",2,45.0,9.99,21.0,Cash,5.0,False,6,3,18,54.99,Sushi Zen,Asiatic,4.5,Mica,Joi,Rapida (≤30 min)
100927,2025-06-12 19:59:00,Timișoara,2,"['pizza margherita', 'tiramisu', 'focaccia']",3,69.0,7.99,41.0,Card,4.2676493405740885,False,6,3,19,76.99,Forno Rustico,Pizza,4.3,Medie,Joi,Normala (31–45 min)
100928,2025-06-12 20:17:00,București,2,"['pizza capricciosa', 'cola']",2,49.0,7.99,47.0,Card,4.2676493405740885,False,6,3,20,56.99,Forno Rustico,Pizza,4.3,Mica,Joi,Lenta (>45 min)
100929,2025-06-12 21:16:00,București,3,['tiramisu'],1,19.0,7.99,49.0,Card,4.2676493405740885,False,6,3,21,26.990000000000002,Pizzeria Vesuvio,Pizza,4.1,Mica,Joi,Lenta (>45 min)
100930,2025-06-13 19:52:00,București,14,['smoothie'],1,18.0,12.99,50.0,Cash,3.0,True,6,4,19,30.990000000000002,Fresh & Fit,Healthy,4.1,Mica,Vineri,Lenta (>45 min)
100931,2025-06-13 20:25:00,București,8,"['ceai verde', 'california roll', 'sushi mix 16 buc']",3,112.0,0.0,44.0,Card,4.0,False,6,4,20,112.0,Wok Express,Asiatic,4.0,Mare,Vineri,Normala (31–45 min)
100932,2025-06-14 12:50:00,Iași,6,"['onion rings', 'cola']",2,22.0,9.99,29.0,Cash,5.0,False,6,5,12,31.990000000000002,Grill House,Burgeri,4.0,Mica,Sambata,Rapida (≤30 min)
100933,2025-06-14 21:28:00,București,12,"['limonadă', 'sarmale cu mămăligă']",2,48.0,9.99,50.0,Cash,4.2676493405740885,True,6,5,21,57.99,Hanul Bunicii,Tradițional,4.3,Mica,Sambata,Lenta (>45 min)
100934,2025-06-14 21:44:00,Cluj-Napoca,15,"['waffle cu fructe', 'cheesecake']",2,49.0,7.99,21.0,Cash,4.2676493405740885,False,6,5,21,56.99,Dulce Cofetărie,Desert,4.6,Mica,Sambata,Rapida (≤30 min)
100935,2025-06-14 22:08:00,București,5,['milkshake'],1,17.0,9.99,35.0,Card,4.0,False,6,5,22,26.990000000000002,Smash Bros Burgers,Burgeri,4.7,Mica,Sambata,Normala (31–45 min)
100936,2025-06-14 23:04:00,Cluj-Napoca,7,"['pad thai', 'noodles cu pui', 'sushi mix 16 buc']",3,142.0,0.0,23.0,Cash,5.0,False,6,5,23,142.0,Sushi Zen,Asiatic,4.5,Mare,Sambata,Rapida (≤30 min)
100937,2025-06-16 12:06:00,București,6,"['cheeseburger', 'cola']",2,45.0,9.99,44.0,Card,4.0,True,6,0,12,54.99,Grill House,Burgeri,4.0,Mica,Luni,Normala (31–45 min)
100938,2025-06-16 18:20:00,Cluj-Napoca,3,"['cola', 'pizza capricciosa']",2,49.0,12.99,27.0,Card,4.2676493405740885,False,6,0,18,61.99,Pizzeria Vesuvio,Pizza,4.1,Mica,Luni,Rapida (≤30 min)
100939,2025-06-17 18:24:00,București,18,['ayran'],1,7.0,7.99,27.0,Card,4.0,False,6,1,18,14.99,Kebab Istanbul,Fast-food,4.1,Mica,Marti,Rapida (≤30 min)
100940,2025-06-17 20:51:00,București,10,['papanași'],1,24.0,7.99,48.0,Card,3.0,False,6,1,20,31.990000000000002,La Mama Acasă,Tradițional,4.8,Mica,Marti,Lenta (>45 min)
100941,2025-06-18 13:00:00,Iași,10,"['sarmale cu mămăligă', 'mici cu muștar (5 buc)', 'ciorbă de burtă']",3,88.0,9.99,33.0,Cash,5.0,False,6,2,13,97.99,La Mama Acasă,Tradițional,4.8,Medie,Miercuri,Normala (31–45 min)
100942,2025-06-18 13:38:00,Cluj-Napoca,2,"['cola', 'pizza margherita', 'pizza capricciosa', 'pizza quattro formaggi']",4,123.0,0.0,32.0,Card,5.0,False,6,2,13,123.0,Forno Rustico,Pizza,4.3,Mare,Miercuri,Normala (31–45 min)
100943,2025-06-19 11:22:00,Iași,9,"['ceai verde', 'sushi mix 16 buc']",2,74.0,9.99,31.518537859007832,Cash,4.0,False,6,3,11,83.99,Bangkok Street,Asiatic,4.2,Medie,Joi,Normala (31–45 min)
100944,2025-06-19 12:01:00,Cluj-Napoca,2,"['pizza margherita', 'cola', 'tiramisu']",3,59.0,9.99,22.0,Cash,4.0,True,6,3,12,68.99,Forno Rustico,Pizza,4.3,Medie,Joi,Rapida (≤30 min)
100945,2025-06-19 17:23:00,București,4,"['milkshake', 'cheeseburger']",2,54.0,7.99,35.0,Cash,4.2676493405740885,False,6,3,17,61.99,Burger Point,Burgeri,4.4,Medie,Joi,Normala (31–45 min)
100946,2025-06-19 17:46:00,București,14,['apă plată'],1,6.0,9.99,35.0,Card,4.2676493405740885,False,6,3,17,15.99,Fresh & Fit,Healthy,4.1,Mica,Joi,Normala (31–45 min)
100947,2025-06-19 18:49:00,București,18,"['shaorma mare', 'cartofi prăjiți']",2,41.0,7.99,43.0,Card,3.0,False,6,3,18,48.99,Kebab Istanbul,Fast-food,4.1,Mica,Joi,Normala (31–45 min)
100948,2025-06-19 19:31:00,București,1,"['pizza diavola', 'pizza quattro formaggi', 'pizza margherita', 'cola']",4,121.0,0.0,39.0,Card,5.0,False,6,3,19,121.0,Pizza Napoli,Pizza,4.6,Mare,Joi,Normala (31–45 min)
100949,2025-06-19 20:14:00,Brașov,15,"['papanași', 'cafea', 'waffle cu fructe']",3,60.0,7.99,38.0,Cash,4.2676493405740885,False,6,3,20,67.99,Dulce Cofetărie,Desert,4.6,Medie,Joi,Normala (31–45 min)
100950,2025-06-19 21:27:00,București,14,"['smoothie', 'salată caesar']",2,52.0,9.99,29.0,Card,4.2676493405740885,False,6,3,21,61.99,Fresh & Fit,Healthy,4.1,Medie,Joi,Rapida (≤30 min)
100951,2025-06-19 22:45:00,Brașov,2,"['cola', 'focaccia']",2,26.0,9.99,23.0,Card,4.0,False,6,3,22,35.99,Forno Rustico,Pizza,4.3,Mica,Joi,Rapida (≤30 min)
100952,2025-06-19 23:47:00,București,16,['cheesecake'],1,23.0,12.99,31.0,Card,4.0,False,6,3,23,35.99,Waffle Time,Desert,4.2,Mica,Joi,Normala (31–45 min)
100953,2025-06-20 12:10:00,Timișoara,1,"['pizza margherita', 'cola']",2,40.0,12.99,33.0,Card,4.0,False,6,4,12,52.99,Pizza Napoli,Pizza,4.6,Mica,Vineri,Normala (31–45 min)
100954,2025-06-20 13:14:00,Cluj-Napoca,7,"['supă miso', 'ceai verde', 'california roll']",3,62.0,12.99,23.0,Card,5.0,False,6,4,13,74.99,Sushi Zen,Asiatic,4.5,Medie,Vineri,Rapida (≤30 min)
100955,2025-06-20 16:13:00,București,2,"['focaccia', 'pizza diavola', 'cola']",3,65.0,7.99,31.0,Card,4.2676493405740885,True,6,4,16,72.99,Forno Rustico,Pizza,4.3,Medie,Vineri,Normala (31–45 min)
100956,2025-06-20 17:10:00,Cluj-Napoca,8,['california roll'],1,38.0,9.99,26.0,Card,4.0,True,6,4,17,47.99,Wok Express,Asiatic,4.0,Mica,Vineri,Rapida (≤30 min)
100957,2025-06-20 18:19:00,Cluj-Napoca,2,"['pizza capricciosa', 'pizza quattro formaggi']",2,83.0,7.99,25.0,Cash,5.0,False,6,4,18,90.99,Forno Rustico,Pizza,4.3,Medie,Vineri,Rapida (≤30 min)
100958,2025-06-20 21:39:00,Iași,6,"['onion rings', 'burger bbq']",2,56.0,9.99,31.0,Card,5.0,False,6,4,21,65.99,Grill House,Burgeri,4.0,Medie,Vineri,Normala (31–45 min)
100959,2025-06-20 22:26:00,Iași,15,"['cheesecake', 'papanași']",2,47.0,12.99,33.0,Card,3.0,False,6,4,22,59.99,Dulce Cofetărie,Desert,4.6,Mica,Vineri,Normala (31–45 min)
100960,2025-06-21 13:00:00,Brașov,13,"['smoothie', 'salată caesar', 'apă plată']",3,58.0,9.99,30.0,Card,4.2676493405740885,False,6,5,13,67.99,Green Bowl,Healthy,4.5,Medie,Sambata,Rapida (≤30 min)
100961,2025-06-21 17:53:00,București,12,['sarmale cu mămăligă'],1,36.0,7.99,37.0,Card,4.0,False,6,5,17,43.99,Hanul Bunicii,Tradițional,4.3,Mica,Sambata,Normala (31–45 min)
100962,2025-06-22 14:39:00,București,12,"['papanași', 'șnițel cu piure', 'limonadă']",3,74.0,12.99,26.0,Card,4.2676493405740885,True,6,6,14,86.99,Hanul Bunicii,Tradițional,4.3,Medie,Duminica,Rapida (≤30 min)
100963,2025-06-23 10:19:00,Iași,18,"['cartofi prăjiți', 'falafel wrap']",2,37.0,7.99,24.0,Card,5.0,False,6,0,10,44.99,Kebab Istanbul,Fast-food,4.1,Mica,Luni,Rapida (≤30 min)
100964,2025-06-23 15:14:00,București,7,"['california roll', 'ceai verde']",2,47.0,9.99,36.0,Card,4.0,False,6,0,15,56.99,Sushi Zen,Asiatic,4.5,Mica,Luni,Normala (31–45 min)
100965,2025-06-23 20:00:00,Iași,12,['ciorbă de burtă'],1,22.0,9.99,28.0,Card,5.0,False,6,0,20,31.990000000000002,Hanul Bunicii,Tradițional,4.3,Mica,Luni,Rapida (≤30 min)
100966,2025-06-23 20:59:00,București,4,"['onion rings', 'burger clasic', 'burger bbq']",3,90.0,7.99,42.0,Card,4.0,True,6,0,20,97.99,Burger Point,Burgeri,4.4,Medie,Luni,Normala (31–45 min)
100967,2025-06-24 12:22:00,București,18,['shaorma medie'],1,24.0,7.99,36.0,Cash,5.0,False,6,1,12,31.990000000000002,Kebab Istanbul,Fast-food,4.1,Mica,Marti,Normala (31–45 min)
100968,2025-06-24 20:51:00,București,1,"['tiramisu', 'pizza diavola']",2,58.0,12.99,38.0,Cash,4.0,True,6,1,20,70.99,Pizza Napoli,Pizza,4.6,Medie,Marti,Normala (31–45 min)
100969,2025-06-25 13:03:00,Iași,17,['kebab la farfurie'],1,35.0,7.99,32.0,Cash,5.0,False,6,2,13,42.99,Shaorma King,Fast-food,3.9,Mica,Miercuri,Normala (31–45 min)
100970,2025-06-25 19:53:00,Brașov,6,['milkshake'],1,17.0,12.99,35.0,Card,4.2676493405740885,False,6,2,19,29.990000000000002,Grill House,Burgeri,4.0,Mica,Miercuri,Normala (31–45 min)
100971,2025-06-26 12:42:00,Iași,9,"['ceai verde', 'sushi mix 16 buc', 'supă miso']",3,89.0,7.99,19.0,Card,4.0,False,6,3,12,96.99,Bangkok Street,Asiatic,4.2,Medie,Joi,Rapida (≤30 min)
100972,2025-06-26 13:53:00,București,15,"['clătite cu ciocolată', 'cheesecake', 'papanași']",3,68.0,7.99,42.0,Card,4.0,False,6,3,13,75.99,Dulce Cofetărie,Desert,4.6,Medie,Joi,Normala (31–45 min)
100973,2025-06-26 14:46:00,Iași,15,"['clătite cu ciocolată', 'înghețată']",2,36.0,12.99,21.0,Cash,5.0,False,6,3,14,48.99,Dulce Cofetărie,Desert,4.6,Mica,Joi,Rapida (≤30 min)
100974,2025-06-26 16:41:00,Brașov,8,['noodles cu pui'],1,36.0,9.99,21.0,Cash,4.0,True,6,3,16,45.99,Wok Express,Asiatic,4.0,Mica,Joi,Rapida (≤30 min)
100975,2025-06-26 17:09:00,Brașov,2,"['pizza margherita', 'focaccia']",2,50.0,9.99,31.0,Card,4.2676493405740885,False,6,3,17,59.99,Forno Rustico,Pizza,4.3,Medie,Joi,Normala (31–45 min)
100976,2025-06-26 18:57:00,București,18,"['shaorma mare', 'cartofi prăjiți', 'kebab la farfurie']",3,76.0,9.99,28.0,Card,4.2676493405740885,False,6,3,18,85.99,Kebab Istanbul,Fast-food,4.1,Medie,Joi,Rapida (≤30 min)
100977,2025-06-26 19:26:00,București,8,['sushi mix 16 buc'],1,65.0,7.99,54.0,Card,3.0,False,6,3,19,72.99,Wok Express,Asiatic,4.0,Medie,Joi,Lenta (>45 min)
100978,2025-06-26 20:28:00,București,1,"['cola', 'pizza margherita', 'tiramisu']",3,59.0,9.99,32.0,Card,5.0,False,6,3,20,68.99,Pizza Napoli,Pizza,4.6,Medie,Joi,Normala (31–45 min)
100979,2025-06-27 11:34:00,Cluj-Napoca,2,"['pizza margherita', 'tiramisu', 'cola', 'pizza capricciosa']",4,100.0,0.0,23.0,Card,5.0,False,6,4,11,100.0,Forno Rustico,Pizza,4.3,Mare,Vineri,Rapida (≤30 min)
100980,2025-06-27 15:37:00,București,7,"['noodles cu pui', 'california roll']",2,74.0,12.99,34.0,Card,3.0,False,6,4,15,86.99,Sushi Zen,Asiatic,4.5,Medie,Vineri,Normala (31–45 min)
100981,2025-06-27 22:47:00,Brașov,2,"['cola', 'pizza diavola']",2,47.0,7.99,22.0,Card,4.2676493405740885,False,6,4,22,54.99,Forno Rustico,Pizza,4.3,Mica,Vineri,Rapida (≤30 min)
100982,2025-06-28 12:35:00,București,17,"['shaorma mare', 'cartofi prăjiți', 'ayran']",3,48.0,9.99,33.0,Cash,5.0,False,6,5,12,57.99,Shaorma King,Fast-food,3.9,Mica,Sambata,Normala (31–45 min)
100983,2025-06-28 13:31:00,Timișoara,2,"['cola', 'focaccia', 'tiramisu']",3,45.0,9.99,40.0,Card,4.0,False,6,5,13,54.99,Forno Rustico,Pizza,4.3,Mica,Sambata,Normala (31–45 min)
100984,2025-06-28 14:57:00,București,12,['ciorbă de burtă'],1,22.0,7.99,29.0,Card,5.0,False,6,5,14,29.990000000000002,Hanul Bunicii,Tradițional,4.3,Mica,Sambata,Rapida (≤30 min)
100985,2025-06-28 18:10:00,București,9,"['ceai verde', 'sushi mix 16 buc', 'california roll']",3,112.0,0.0,33.0,Card,5.0,False,6,5,18,112.0,Bangkok Street,Asiatic,4.2,Mare,Sambata,Normala (31–45 min)
100986,2025-06-29 12:29:00,Iași,3,"['pizza capricciosa', 'pizza margherita', 'tiramisu']",3,92.0,7.99,31.0,Card,4.0,False,6,6,12,99.99,Pizzeria Vesuvio,Pizza,4.1,Medie,Duminica,Normala (31–45 min)
100987,2025-06-29 18:34:00,București,11,['papanași'],1,24.0,9.99,42.0,Cash,4.2676493405740885,True,6,6,18,33.99,Ciorbe și Plăcinte,Tradițional,4.4,Mica,Duminica,Normala (31–45 min)
100988,2025-06-29 20:55:00,Timișoara,14,['smoothie'],1,18.0,7.99,27.0,Card,5.0,True,6,6,20,25.990000000000002,Fresh & Fit,Healthy,4.1,Mica,Duminica,Rapida (≤30 min)
100989,2025-06-29 21:48:00,București,11,"['mici cu muștar (5 buc)', 'șnițel cu piure', 'papanași']",3,92.0,12.99,64.0,Card,4.0,False,6,6,21,104.99,Ciorbe și Plăcinte,Tradițional,4.4,Medie,Duminica,Lenta (>45 min)
100990,2025-06-29 22:53:00,Iași,17,['cartofi prăjiți'],1,12.0,9.99,20.0,Card,4.0,True,6,6,22,21.990000000000002,Shaorma King,Fast-food,3.9,Mica,Duminica,Rapida (≤30 min)
100991,2025-06-30 14:20:00,Brașov,2,"['pizza diavola', 'pizza margherita', 'pizza quattro formaggi', 'tiramisu']",4,132.0,0.0,12.0,Cash,4.0,False,6,0,14,132.0,Forno Rustico,Pizza,4.3,Mare,Luni,Rapida (≤30 min)
100992,2025-06-30 14:32:00,București,15,"['cheesecake', 'înghețată', 'cafea']",3,48.0,9.99,30.0,Cash,4.2676493405740885,False,6,0,14,57.99,Dulce Cofetărie,Desert,4.6,Mica,Luni,Rapida (≤30 min)
100993,2025-06-30 14:39:00,București,8,['pad thai'],1,41.0,7.99,45.0,Card,5.0,False,6,0,14,48.99,Wok Express,Asiatic,4.0,Mica,Luni,Normala (31–45 min)
100994,2025-06-30 15:16:00,Brașov,1,"['cola', 'pizza diavola']",2,47.0,7.99,29.0,Card,4.0,False,6,0,15,54.99,Pizza Napoli,Pizza,4.6,Mica,Luni,Rapida (≤30 min)
100995,2025-06-30 17:03:00,București,1,['tiramisu'],1,19.0,9.99,36.0,Card,4.2676493405740885,False,6,0,17,28.990000000000002,Pizza Napoli,Pizza,4.6,Mica,Luni,Normala (31–45 min)
100996,2025-07-01 14:11:00,Cluj-Napoca,5,"['cartofi prăjiți', 'cheeseburger']",2,49.0,12.99,28.0,Cash,4.2676493405740885,False,7,1,14,61.99,Smash Bros Burgers,Burgeri,4.7,Mica,Marti,Rapida (≤30 min)
100997,2025-07-01 17:10:00,Brașov,1,"['focaccia', 'tiramisu']",2,37.0,7.99,24.0,Card,5.0,True,7,1,17,44.99,Pizza Napoli,Pizza,4.6,Mica,Marti,Rapida (≤30 min)
100998,2025-07-01 20:38:00,București,13,"['salată caesar', 'bowl cu somon', 'bowl vegan', 'apă plată']",4,127.0,0.0,37.0,Cash,5.0,False,7,1,20,127.0,Green Bowl,Healthy,4.5,Mare,Marti,Normala (31–45 min)
100999,2025-07-02 19:29:00,București,18,"['ayran', 'kebab la farfurie', 'cartofi prăjiți', 'falafel wrap']",4,79.0,9.99,44.0,Card,4.0,False,7,2,19,88.99,Kebab Istanbul,Fast-food,4.1,Medie,Miercuri,Normala (31–45 min)
101000,2025-07-02 21:24:00,Iași,1,"['pizza margherita', 'tiramisu', 'pizza diavola', 'focaccia']",4,108.0,0.0,38.0,Card,4.2676493405740885,True,7,2,21,108.0,Pizza Napoli,Pizza,4.6,Mare,Miercuri,Normala (31–45 min)
101001,2025-07-03 10:38:00,București,8,"['supă miso', 'pad thai']",2,56.0,7.99,39.0,Card,4.2676493405740885,False,7,3,10,63.99,Wok Express,Asiatic,4.0,Medie,Joi,Normala (31–45 min)
101002,2025-07-03 11:48:00,București,13,"['bowl cu somon', 'smoothie', 'salată caesar']",3,100.0,0.0,33.0,Card,4.0,False,7,3,11,100.0,Green Bowl,Healthy,4.5,Mare,Joi,Normala (31–45 min)
101003,2025-07-03 12:31:00,București,3,"['pizza quattro formaggi', 'pizza diavola']",2,81.0,7.99,41.0,Card,4.2676493405740885,False,7,3,12,88.99,Pizzeria Vesuvio,Pizza,4.1,Medie,Joi,Normala (31–45 min)
101004,2025-07-03 13:39:00,Iași,6,['cartofi prăjiți'],1,12.0,12.99,32.0,Cash,4.0,False,7,3,13,24.990000000000002,Grill House,Burgeri,4.0,Mica,Joi,Normala (31–45 min)
101005,2025-07-03 14:46:00,Brașov,4,['cartofi prăjiți'],1,12.0,12.99,21.0,Card,4.0,False,7,3,14,24.990000000000002,Burger Point,Burgeri,4.4,Mica,Joi,Rapida (≤30 min)
101006,2025-07-03 15:37:00,Timișoara,4,['milkshake'],1,17.0,12.99,18.0,Card,4.2676493405740885,False,7,3,15,29.990000000000002,Burger Point,Burgeri,4.4,Mica,Joi,Rapida (≤30 min)
101007,2025-07-03 19:35:00,București,6,"['burger bbq', 'cola', 'burger clasic']",3,84.0,9.99,45.0,Card,4.0,True,7,3,19,93.99,Grill House,Burgeri,4.0,Medie,Joi,Normala (31–45 min)
101008,2025-07-03 20:18:00,Cluj-Napoca,17,"['cartofi prăjiți', 'shaorma mare', 'shaorma medie']",3,65.0,7.99,20.0,Card,4.0,False,7,3,20,72.99,Shaorma King,Fast-food,3.9,Medie,Joi,Rapida (≤30 min)
101009,2025-07-03 20:20:00,Brașov,15,['clătite cu ciocolată'],1,21.0,7.99,21.0,Card,5.0,False,7,3,20,28.990000000000002,Dulce Cofetărie,Desert,4.6,Mica,Joi,Rapida (≤30 min)
101010,2025-07-04 15:49:00,București,18,['kebab la farfurie'],1,35.0,9.99,20.0,Card,5.0,False,7,4,15,44.99,Kebab Istanbul,Fast-food,4.1,Mica,Vineri,Rapida (≤30 min)
101011,2025-07-04 17:45:00,Brașov,18,['cartofi prăjiți'],1,12.0,9.99,21.0,Card,4.2676493405740885,True,7,4,17,21.990000000000002,Kebab Istanbul,Fast-food,4.1,Mica,Vineri,Rapida (≤30 min)
101012,2025-07-04 19:38:00,București,7,['ceai verde'],1,9.0,7.99,39.0,Cash,3.0,True,7,4,19,16.990000000000002,Sushi Zen,Asiatic,4.5,Mica,Vineri,Normala (31–45 min)
101013,2025-07-04 21:43:00,București,17,"['ayran', 'cartofi prăjiți']",2,19.0,7.99,34.0,Card,4.0,False,7,4,21,26.990000000000002,Shaorma King,Fast-food,3.9,Mica,Vineri,Normala (31–45 min)
101014,2025-07-05 13:56:00,București,17,"['ayran', 'shaorma medie', 'cartofi prăjiți']",3,43.0,7.99,36.0,Cash,4.0,True,7,5,13,50.99,Shaorma King,Fast-food,3.9,Mica,Sambata,Normala (31–45 min)
101015,2025-07-05 15:34:00,Timișoara,18,"['shaorma mare', 'shaorma medie', 'falafel wrap']",3,78.0,9.99,16.0,Cash,4.2676493405740885,True,7,5,15,87.99,Kebab Istanbul,Fast-food,4.1,Medie,Sambata,Rapida (≤30 min)
101016,2025-07-05 15:40:00,Cluj-Napoca,9,"['pad thai', 'noodles cu pui']",2,77.0,7.99,25.0,Cash,5.0,False,7,5,15,84.99,Bangkok Street,Asiatic,4.2,Medie,Sambata,Rapida (≤30 min)
101017,2025-07-05 16:27:00,Iași,3,"['pizza diavola', 'pizza capricciosa', 'cola', 'focaccia']",4,106.0,0.0,24.0,Card,4.2676493405740885,False,7,5,16,106.0,Pizzeria Vesuvio,Pizza,4.1,Mare,Sambata,Rapida (≤30 min)
101018,2025-07-05 17:03:00,Iași,18,"['shaorma medie', 'shaorma mare', 'falafel wrap']",3,78.0,7.99,32.0,Cash,4.2676493405740885,False,7,5,17,85.99,Kebab Istanbul,Fast-food,4.1,Medie,Sambata,Normala (31–45 min)
101019,2025-07-05 17:59:00,Timișoara,2,"['tiramisu', 'focaccia']",2,37.0,7.99,33.0,Card,4.0,False,7,5,17,44.99,Forno Rustico,Pizza,4.3,Mica,Sambata,Normala (31–45 min)
101020,2025-07-05 20:05:00,București,14,['bowl vegan'],1,39.0,9.99,30.0,Card,5.0,False,7,5,20,48.99,Fresh & Fit,Healthy,4.1,Mica,Sambata,Rapida (≤30 min)
101021,2025-07-05 22:16:00,București,6,"['burger clasic', 'burger bbq']",2,76.0,7.99,23.0,Card,5.0,False,7,5,22,83.99,Grill House,Burgeri,4.0,Medie,Sambata,Rapida (≤30 min)
101022,2025-07-06 13:29:00,Timișoara,2,['pizza quattro formaggi'],1,42.0,9.99,45.0,Card,5.0,False,7,6,13,51.99,Forno Rustico,Pizza,4.3,Mica,Duminica,Normala (31–45 min)
101023,2025-07-06 19:24:00,București,13,"['bowl vegan', 'bowl cu somon']",2,87.0,7.99,42.0,Card,4.2676493405740885,False,7,6,19,94.99,Green Bowl,Healthy,4.5,Medie,Duminica,Normala (31–45 min)
101024,2025-07-06 22:24:00,București,7,"['sushi mix 16 buc', 'noodles cu pui']",2,101.0,0.0,38.0,Card,5.0,True,7,6,22,101.0,Sushi Zen,Asiatic,4.5,Mare,Duminica,Normala (31–45 min)
101025,2025-07-06 23:52:00,București,13,"['smoothie', 'salată caesar', 'apă plată']",3,58.0,7.99,31.518537859007832,Card,4.2676493405740885,True,7,6,23,65.99,Green Bowl,Healthy,4.5,Medie,Duminica,Normala (31–45 min)
101026,2025-07-07 17:14:00,Cluj-Napoca,8,"['ceai verde', 'pad thai', 'supă miso']",3,65.0,7.99,19.0,Card,4.0,False,7,0,17,72.99,Wok Express,Asiatic,4.0,Medie,Luni,Rapida (≤30 min)
101027,2025-07-07 20:54:00,București,8,"['california roll', 'supă miso']",2,53.0,7.99,42.0,Card,4.2676493405740885,False,7,0,20,60.99,Wok Express,Asiatic,4.0,Medie,Luni,Normala (31–45 min)
101028,2025-07-08 14:14:00,București,18,"['shaorma medie', 'ayran', 'kebab la farfurie']",3,66.0,12.99,40.0,Cash,4.2676493405740885,False,7,1,14,78.99,Kebab Istanbul,Fast-food,4.1,Medie,Marti,Normala (31–45 min)
101029,2025-07-08 19:42:00,București,17,['cartofi prăjiți'],1,12.0,12.99,48.0,Card,4.2676493405740885,False,7,1,19,24.990000000000002,Shaorma King,Fast-food,3.9,Mica,Marti,Lenta (>45 min)
101030,2025-07-09 13:51:00,București,3,"['pizza capricciosa', 'focaccia']",2,59.0,12.99,22.0,Cash,4.2676493405740885,False,7,2,13,71.99,Pizzeria Vesuvio,Pizza,4.1,Medie,Miercuri,Rapida (≤30 min)
101031,2025-07-09 15:11:00,Brașov,9,"['noodles cu pui', 'pad thai']",2,77.0,7.99,28.0,Card,4.2676493405740885,False,7,2,15,84.99,Bangkok Street,Asiatic,4.2,Medie,Miercuri,Rapida (≤30 min)
101032,2025-07-09 16:32:00,București,6,['burger clasic'],1,34.0,9.99,39.0,Card,4.2676493405740885,False,7,2,16,43.99,Grill House,Burgeri,4.0,Mica,Miercuri,Normala (31–45 min)
101033,2025-07-10 10:01:00,București,5,"['cheeseburger', 'milkshake']",2,54.0,9.99,34.0,Card,4.0,False,7,3,10,63.99,Smash Bros Burgers,Burgeri,4.7,Medie,Joi,Normala (31–45 min)
101034,2025-07-10 12:59:00,Brașov,3,"['focaccia', 'pizza diavola']",2,57.0,7.99,28.0,Card,3.0,False,7,3,12,64.99,Pizzeria Vesuvio,Pizza,4.1,Medie,Joi,Rapida (≤30 min)
101035,2025-07-10 13:14:00,București,15,"['papanași', 'clătite cu ciocolată']",2,45.0,12.99,36.0,Card,4.0,False,7,3,13,57.99,Dulce Cofetărie,Desert,4.6,Mica,Joi,Normala (31–45 min)
101036,2025-07-10 13:38:00,Timișoara,5,"['burger clasic', 'cartofi prăjiți', 'burger bbq']",3,88.0,9.99,41.0,Card,4.2676493405740885,False,7,3,13,97.99,Smash Bros Burgers,Burgeri,4.7,Medie,Joi,Normala (31–45 min)
101037,2025-07-10 17:49:00,București,17,"['cartofi prăjiți', 'ayran']",2,19.0,9.99,39.0,Card,3.0,True,7,3,17,28.990000000000002,Shaorma King,Fast-food,3.9,Mica,Joi,Normala (31–45 min)
101038,2025-07-10 19:20:00,București,10,"['sarmale cu mămăligă', 'mici cu muștar (5 buc)']",2,66.0,9.99,44.0,Cash,4.2676493405740885,True,7,3,19,75.99,La Mama Acasă,Tradițional,4.8,Medie,Joi,Normala (31–45 min)
101039,2025-07-10 21:07:00,Iași,7,['supă miso'],1,15.0,9.99,32.0,Card,4.0,False,7,3,21,24.990000000000002,Sushi Zen,Asiatic,4.5,Mica,Joi,Normala (31–45 min)
101040,2025-07-11 15:29:00,Iași,10,"['mici cu muștar (5 buc)', 'sarmale cu mămăligă', 'șnițel cu piure']",3,104.0,0.0,26.0,Cash,5.0,False,7,4,15,104.0,La Mama Acasă,Tradițional,4.8,Mare,Vineri,Rapida (≤30 min)
101041,2025-07-11 20:34:00,București,8,"['california roll', 'noodles cu pui']",2,74.0,7.99,46.0,Card,4.0,False,7,4,20,81.99,Wok Express,Asiatic,4.0,Medie,Vineri,Lenta (>45 min)
101042,2025-07-11 20:56:00,Iași,5,"['burger bbq', 'milkshake']",2,59.0,7.99,40.0,Card,4.0,False,7,4,20,66.99,Smash Bros Burgers,Burgeri,4.7,Medie,Vineri,Normala (31–45 min)
101043,2025-07-11 21:20:00,București,13,"['wrap cu pui', 'apă plată']",2,37.0,12.99,35.0,Card,4.0,False,7,4,21,49.99,Green Bowl,Healthy,4.5,Mica,Vineri,Normala (31–45 min)
101044,2025-07-12 18:45:00,București,14,"['apă plată', 'salată caesar', 'smoothie']",3,58.0,9.99,20.0,Card,4.2676493405740885,False,7,5,18,67.99,Fresh & Fit,Healthy,4.1,Medie,Sambata,Rapida (≤30 min)
101045,2025-07-12 18:59:00,Brașov,10,['mici cu muștar (5 buc)'],1,30.0,9.99,30.0,Card,4.2676493405740885,False,7,5,18,39.99,La Mama Acasă,Tradițional,4.8,Mica,Sambata,Rapida (≤30 min)
101046,2025-07-12 19:17:00,București,2,"['pizza diavola', 'cola', 'focaccia']",3,65.0,9.99,29.0,Card,5.0,True,7,5,19,74.99,Forno Rustico,Pizza,4.3,Medie,Sambata,Rapida (≤30 min)
101047,2025-07-12 19:21:00,Timișoara,17,"['shaorma medie', 'kebab la farfurie']",2,59.0,12.99,25.0,Card,5.0,False,7,5,19,71.99,Shaorma King,Fast-food,3.9,Medie,Sambata,Rapida (≤30 min)
101048,2025-07-12 19:57:00,Iași,13,['salată caesar'],1,34.0,9.99,34.0,Card,4.0,True,7,5,19,43.99,Green Bowl,Healthy,4.5,Mica,Sambata,Normala (31–45 min)
101049,2025-07-12 22:01:00,București,5,"['milkshake', 'burger clasic']",2,51.0,9.99,40.0,Card,4.0,False,7,5,22,60.99,Smash Bros Burgers,Burgeri,4.7,Medie,Sambata,Normala (31–45 min)
101050,2025-07-12 23:47:00,București,11,['mici cu muștar (5 buc)'],1,30.0,12.99,33.0,Cash,4.0,False,7,5,23,42.99,Ciorbe și Plăcinte,Tradițional,4.4,Mica,Sambata,Normala (31–45 min)
101051,2025-07-13 10:48:00,Brașov,6,"['onion rings', 'cheeseburger']",2,51.0,9.99,25.0,Cash,5.0,False,7,6,10,60.99,Grill House,Burgeri,4.0,Medie,Duminica,Rapida (≤30 min)
101052,2025-07-13 13:04:00,Cluj-Napoca,2,"['pizza capricciosa', 'pizza margherita', 'tiramisu', 'pizza diavola']",4,131.0,0.0,37.0,Card,4.2676493405740885,False,7,6,13,131.0,Forno Rustico,Pizza,4.3,Mare,Duminica,Normala (31–45 min)
101053,2025-07-13 13:17:00,București,18,"['shaorma medie', 'ayran']",2,31.0,9.99,28.0,Card,5.0,False,7,6,13,40.99,Kebab Istanbul,Fast-food,4.1,Mica,Duminica,Rapida (≤30 min)
101054,2025-07-13 14:38:00,Cluj-Napoca,18,['cartofi prăjiți'],1,12.0,9.99,23.0,Card,5.0,False,7,6,14,21.990000000000002,Kebab Istanbul,Fast-food,4.1,Mica,Duminica,Rapida (≤30 min)
101055,2025-07-13 17:34:00,București,1,"['pizza diavola', 'pizza margherita', 'pizza capricciosa']",3,112.0,0.0,48.0,Cash,4.0,False,7,6,17,112.0,Pizza Napoli,Pizza,4.6,Mare,Duminica,Lenta (>45 min)
101056,2025-07-13 20:02:00,București,9,['pad thai'],1,41.0,9.99,31.518537859007832,Card,3.0,False,7,6,20,50.99,Bangkok Street,Asiatic,4.2,Mica,Duminica,Normala (31–45 min)
101057,2025-07-13 23:15:00,Timișoara,13,['apă plată'],1,6.0,12.99,35.0,Card,4.2676493405740885,False,7,6,23,18.990000000000002,Green Bowl,Healthy,4.5,Mica,Duminica,Normala (31–45 min)
101058,2025-07-14 14:07:00,Timișoara,7,"['pad thai', 'noodles cu pui']",2,77.0,9.99,25.0,Card,4.2676493405740885,False,7,0,14,86.99,Sushi Zen,Asiatic,4.5,Medie,Luni,Rapida (≤30 min)
101059,2025-07-14 21:48:00,Cluj-Napoca,3,"['pizza diavola', 'pizza capricciosa']",2,80.0,7.99,29.0,Card,4.0,False,7,0,21,87.99,Pizzeria Vesuvio,Pizza,4.1,Medie,Luni,Rapida (≤30 min)
101060,2025-07-15 11:10:00,Cluj-Napoca,17,['falafel wrap'],1,25.0,9.99,34.0,Card,4.2676493405740885,False,7,1,11,34.99,Shaorma King,Fast-food,3.9,Mica,Marti,Normala (31–45 min)
101061,2025-07-15 12:29:00,Brașov,3,['pizza quattro formaggi'],1,42.0,12.99,29.0,Card,4.0,False,7,1,12,54.99,Pizzeria Vesuvio,Pizza,4.1,Mica,Marti,Rapida (≤30 min)
101062,2025-07-15 19:10:00,București,6,"['cartofi prăjiți', 'burger clasic']",2,46.0,9.99,29.0,Cash,4.2676493405740885,True,7,1,19,55.99,Grill House,Burgeri,4.0,Mica,Marti,Rapida (≤30 min)
101063,2025-07-15 20:52:00,Cluj-Napoca,16,"['clătite cu ciocolată', 'cheesecake', 'waffle cu fructe']",3,70.0,7.99,40.0,Card,4.0,False,7,1,20,77.99,Waffle Time,Desert,4.2,Medie,Marti,Normala (31–45 min)
101064,2025-07-16 10:17:00,Timișoara,11,"['șnițel cu piure', 'papanași', 'limonadă']",3,74.0,9.99,15.0,Card,5.0,False,7,2,10,83.99,Ciorbe și Plăcinte,Tradițional,4.4,Medie,Miercuri,Rapida (≤30 min)
101065,2025-07-16 11:25:00,București,15,['papanași'],1,24.0,12.99,33.0,Card,4.0,False,7,2,11,36.99,Dulce Cofetărie,Desert,4.6,Mica,Miercuri,Normala (31–45 min)
101066,2025-07-16 13:59:00,Timișoara,1,"['cola', 'focaccia', 'pizza quattro formaggi']",3,68.0,7.99,29.0,Card,4.2676493405740885,False,7,2,13,75.99,Pizza Napoli,Pizza,4.6,Medie,Miercuri,Rapida (≤30 min)
101067,2025-07-16 17:17:00,Brașov,17,"['shaorma medie', 'falafel wrap']",2,49.0,7.99,20.0,Card,5.0,False,7,2,17,56.99,Shaorma King,Fast-food,3.9,Mica,Miercuri,Rapida (≤30 min)
101068,2025-07-16 19:09:00,București,9,"['pad thai', 'sushi mix 16 buc']",2,106.0,0.0,43.0,Card,3.0,False,7,2,19,106.0,Bangkok Street,Asiatic,4.2,Mare,Miercuri,Normala (31–45 min)
101069,2025-07-16 20:13:00,Cluj-Napoca,8,['noodles cu pui'],1,36.0,7.99,40.0,Cash,4.0,False,7,2,20,43.99,Wok Express,Asiatic,4.0,Mica,Miercuri,Normala (31–45 min)
101070,2025-07-16 20:33:00,Iași,3,['pizza diavola'],1,39.0,9.99,31.0,Cash,5.0,False,7,2,20,48.99,Pizzeria Vesuvio,Pizza,4.1,Mica,Miercuri,Normala (31–45 min)
101071,2025-07-16 22:50:00,Cluj-Napoca,12,"['papanași', 'limonadă']",2,36.0,7.99,15.0,Card,3.0,False,7,2,22,43.99,Hanul Bunicii,Tradițional,4.3,Mica,Miercuri,Rapida (≤30 min)
101072,2025-07-17 15:29:00,Iași,8,"['noodles cu pui', 'sushi mix 16 buc']",2,101.0,0.0,38.0,Cash,3.0,True,7,3,15,101.0,Wok Express,Asiatic,4.0,Mare,Joi,Normala (31–45 min)
101073,2025-07-17 22:08:00,Cluj-Napoca,2,['pizza diavola'],1,39.0,7.99,12.0,Cash,5.0,False,7,3,22,46.99,Forno Rustico,Pizza,4.3,Mica,Joi,Rapida (≤30 min)
101074,2025-07-18 12:45:00,Brașov,12,"['ciorbă de burtă', 'sarmale cu mămăligă']",2,58.0,9.99,36.0,Cash,5.0,False,7,4,12,67.99,Hanul Bunicii,Tradițional,4.3,Medie,Vineri,Normala (31–45 min)
101075,2025-07-18 16:14:00,Cluj-Napoca,12,['sarmale cu mămăligă'],1,36.0,9.99,21.0,Card,4.0,False,7,4,16,45.99,Hanul Bunicii,Tradițional,4.3,Mica,Vineri,Rapida (≤30 min)
101076,2025-07-18 19:32:00,București,4,"['cola', 'cheeseburger']",2,45.0,7.99,40.0,Cash,3.0,False,7,4,19,52.99,Burger Point,Burgeri,4.4,Mica,Vineri,Normala (31–45 min)
101077,2025-07-18 19:39:00,Cluj-Napoca,3,"['pizza diavola', 'focaccia', 'pizza quattro formaggi', 'pizza capricciosa']",4,140.0,0.0,36.0,Cash,4.0,False,7,4,19,140.0,Pizzeria Vesuvio,Pizza,4.1,Mare,Vineri,Normala (31–45 min)
101078,2025-07-18 20:27:00,București,3,['focaccia'],1,18.0,7.99,37.0,Card,4.0,False,7,4,20,25.990000000000002,Pizzeria Vesuvio,Pizza,4.1,Mica,Vineri,Normala (31–45 min)
101079,2025-07-19 12:17:00,București,1,"['cola', 'pizza diavola']",2,47.0,9.99,36.0,Cash,4.2676493405740885,True,7,5,12,56.99,Pizza Napoli,Pizza,4.6,Mica,Sambata,Normala (31–45 min)
101080,2025-07-19 12:36:00,București,13,"['salată caesar', 'smoothie', 'apă plată', 'wrap cu pui']",4,89.0,9.99,36.0,Cash,4.2676493405740885,True,7,5,12,98.99,Green Bowl,Healthy,4.5,Medie,Sambata,Normala (31–45 min)
101081,2025-07-19 14:58:00,București,3,"['pizza diavola', 'pizza capricciosa', 'pizza quattro formaggi']",3,122.0,0.0,41.0,Card,4.2676493405740885,False,7,5,14,122.0,Pizzeria Vesuvio,Pizza,4.1,Mare,Sambata,Normala (31–45 min)
101082,2025-07-19 16:34:00,București,1,"['pizza margherita', 'pizza quattro formaggi']",2,74.0,7.99,26.0,Card,4.2676493405740885,False,7,5,16,81.99,Pizza Napoli,Pizza,4.6,Medie,Sambata,Rapida (≤30 min)
101083,2025-07-19 18:28:00,București,11,"['limonadă', 'mici cu muștar (5 buc)', 'ciorbă de burtă']",3,64.0,9.99,32.0,Cash,4.2676493405740885,False,7,5,18,73.99,Ciorbe și Plăcinte,Tradițional,4.4,Medie,Sambata,Normala (31–45 min)
101084,2025-07-19 18:50:00,Timișoara,17,"['ayran', 'shaorma mare', 'falafel wrap', 'shaorma medie']",4,85.0,9.99,12.0,Card,4.0,False,7,5,18,94.99,Shaorma King,Fast-food,3.9,Medie,Sambata,Rapida (≤30 min)
101085,2025-07-19 19:27:00,Iași,11,['sarmale cu mămăligă'],1,36.0,9.99,39.0,Card,4.0,True,7,5,19,45.99,Ciorbe și Plăcinte,Tradițional,4.4,Mica,Sambata,Normala (31–45 min)
101086,2025-07-20 10:51:00,București,6,"['burger clasic', 'onion rings']",2,48.0,9.99,36.0,Card,5.0,False,7,6,10,57.99,Grill House,Burgeri,4.0,Mica,Duminica,Normala (31–45 min)
101087,2025-07-20 20:40:00,Timișoara,5,"['burger clasic', 'burger bbq', 'onion rings']",3,90.0,12.99,42.0,Card,3.0,False,7,6,20,102.99,Smash Bros Burgers,Burgeri,4.7,Medie,Duminica,Normala (31–45 min)
101088,2025-07-21 20:06:00,Brașov,1,"['tiramisu', 'pizza diavola', 'pizza capricciosa']",3,99.0,7.99,29.0,Card,4.2676493405740885,True,7,0,20,106.99,Pizza Napoli,Pizza,4.6,Medie,Luni,Rapida (≤30 min)
101089,2025-07-22 13:48:00,București,17,['shaorma mare'],1,29.0,9.99,44.0,Card,4.0,False,7,1,13,38.99,Shaorma King,Fast-food,3.9,Mica,Marti,Normala (31–45 min)
101090,2025-07-22 19:13:00,București,11,"['mici cu muștar (5 buc)', 'șnițel cu piure', 'papanași']",3,92.0,7.99,46.0,Card,4.2676493405740885,True,7,1,19,99.99,Ciorbe și Plăcinte,Tradițional,4.4,Medie,Marti,Lenta (>45 min)
101091,2025-07-22 19:37:00,Timișoara,3,"['focaccia', 'pizza diavola', 'pizza margherita', 'pizza capricciosa']",4,130.0,0.0,29.0,Card,5.0,False,7,1,19,130.0,Pizzeria Vesuvio,Pizza,4.1,Mare,Marti,Rapida (≤30 min)
101092,2025-07-22 19:53:00,Cluj-Napoca,12,"['sarmale cu mămăligă', 'șnițel cu piure', 'papanași']",3,98.0,9.99,35.0,Card,3.0,True,7,1,19,107.99,Hanul Bunicii,Tradițional,4.3,Medie,Marti,Normala (31–45 min)
101093,2025-07-22 19:56:00,Brașov,14,"['wrap cu pui', 'bowl vegan', 'smoothie', 'apă plată']",4,94.0,7.99,28.0,Cash,5.0,False,7,1,19,101.99,Fresh & Fit,Healthy,4.1,Medie,Marti,Rapida (≤30 min)
101094,2025-07-22 21:20:00,Brașov,10,['sarmale cu mămăligă'],1,36.0,12.99,37.0,Cash,4.0,False,7,1,21,48.99,La Mama Acasă,Tradițional,4.8,Mica,Marti,Normala (31–45 min)
101095,2025-07-23 12:23:00,Timișoara,3,"['pizza quattro formaggi', 'pizza margherita']",2,74.0,12.99,35.0,Card,4.0,False,7,2,12,86.99,Pizzeria Vesuvio,Pizza,4.1,Medie,Miercuri,Normala (31–45 min)
101096,2025-07-23 19:21:00,Timișoara,1,"['cola', 'pizza quattro formaggi']",2,50.0,9.99,39.0,Cash,5.0,False,7,2,19,59.99,Pizza Napoli,Pizza,4.6,Medie,Miercuri,Normala (31–45 min)
101097,2025-07-23 20:16:00,București,7,"['supă miso', 'noodles cu pui', 'california roll']",3,89.0,12.99,49.0,Cash,3.0,False,7,2,20,101.99,Sushi Zen,Asiatic,4.5,Medie,Miercuri,Lenta (>45 min)
101098,2025-07-23 20:45:00,București,10,"['sarmale cu mămăligă', 'mici cu muștar (5 buc)', 'ciorbă de burtă', 'limonadă']",4,100.0,0.0,43.0,Card,4.0,False,7,2,20,100.0,La Mama Acasă,Tradițional,4.8,Mare,Miercuri,Normala (31–45 min)
101099,2025-07-23 20:51:00,Iași,7,"['pad thai', 'sushi mix 16 buc']",2,106.0,0.0,28.0,Card,5.0,False,7,2,20,106.0,Sushi Zen,Asiatic,4.5,Mare,Miercuri,Rapida (≤30 min)
101100,2025-07-23 21:00:00,București,17,"['kebab la farfurie', 'shaorma medie']",2,59.0,12.99,41.0,Card,4.0,False,7,2,21,71.99,Shaorma King,Fast-food,3.9,Medie,Miercuri,Normala (31–45 min)
101101,2025-07-23 21:23:00,Iași,15,['clătite cu ciocolată'],1,21.0,7.99,36.0,Card,4.2676493405740885,True,7,2,21,28.990000000000002,Dulce Cofetărie,Desert,4.6,Mica,Miercuri,Normala (31–45 min)
101102,2025-07-24 12:14:00,București,13,['bowl vegan'],1,39.0,9.99,50.0,Card,4.0,False,7,3,12,48.99,Green Bowl,Healthy,4.5,Mica,Joi,Lenta (>45 min)
101103,2025-07-24 20:44:00,Iași,11,"['papanași', 'sarmale cu mămăligă', 'limonadă']",3,72.0,12.99,40.0,Card,5.0,True,7,3,20,84.99,Ciorbe și Plăcinte,Tradițional,4.4,Medie,Joi,Normala (31–45 min)
101104,2025-07-24 20:45:00,București,9,"['noodles cu pui', 'supă miso']",2,51.0,7.99,49.0,Card,4.2676493405740885,True,7,3,20,58.99,Bangkok Street,Asiatic,4.2,Medie,Joi,Lenta (>45 min)
101105,2025-07-24 21:22:00,Iași,10,['ciorbă de burtă'],1,22.0,7.99,32.0,Card,4.2676493405740885,False,7,3,21,29.990000000000002,La Mama Acasă,Tradițional,4.8,Mica,Joi,Normala (31–45 min)
101106,2025-07-24 21:53:00,București,7,"['supă miso', 'noodles cu pui', 'ceai verde']",3,60.0,9.99,49.0,Card,4.2676493405740885,False,7,3,21,69.99,Sushi Zen,Asiatic,4.5,Medie,Joi,Lenta (>45 min)
101107,2025-07-24 22:16:00,București,5,"['cola', 'onion rings', 'cheeseburger']",3,59.0,9.99,32.0,Card,5.0,False,7,3,22,68.99,Smash Bros Burgers,Burgeri,4.7,Medie,Joi,Normala (31–45 min)
101108,2025-07-25 19:34:00,București,2,"['pizza diavola', 'tiramisu']",2,58.0,12.99,39.0,Cash,4.0,True,7,4,19,70.99,Forno Rustico,Pizza,4.3,Medie,Vineri,Normala (31–45 min)
101109,2025-07-25 20:12:00,Cluj-Napoca,12,"['mici cu muștar (5 buc)', 'ciorbă de burtă']",2,52.0,7.99,34.0,Card,4.0,False,7,4,20,59.99,Hanul Bunicii,Tradițional,4.3,Medie,Vineri,Normala (31–45 min)
101110,2025-07-26 10:09:00,Cluj-Napoca,15,['papanași'],1,24.0,9.99,25.0,Card,4.2676493405740885,False,7,5,10,33.99,Dulce Cofetărie,Desert,4.6,Mica,Sambata,Rapida (≤30 min)
101111,2025-07-27 13:42:00,Timișoara,17,['ayran'],1,7.0,7.99,43.0,Cash,3.0,False,7,6,13,14.99,Shaorma King,Fast-food,3.9,Mica,Duminica,Normala (31–45 min)
101112,2025-07-27 15:54:00,București,2,"['pizza capricciosa', 'pizza quattro formaggi']",2,83.0,7.99,40.0,Card,4.0,False,7,6,15,90.99,Forno Rustico,Pizza,4.3,Medie,Duminica,Normala (31–45 min)
101113,2025-07-27 18:08:00,București,16,"['clătite cu ciocolată', 'cheesecake']",2,44.0,9.99,28.0,Card,4.0,False,7,6,18,53.99,Waffle Time,Desert,4.2,Mica,Duminica,Rapida (≤30 min)
101114,2025-07-27 18:35:00,Brașov,4,['burger clasic'],1,34.0,9.99,27.0,Card,4.2676493405740885,True,7,6,18,43.99,Burger Point,Burgeri,4.4,Mica,Duminica,Rapida (≤30 min)
101115,2025-07-27 20:06:00,București,12,"['șnițel cu piure', 'limonadă', 'papanași']",3,74.0,7.99,38.0,Card,5.0,False,7,6,20,81.99,Hanul Bunicii,Tradițional,4.3,Medie,Duminica,Normala (31–45 min)
101116,2025-07-27 22:48:00,București,14,"['wrap cu pui', 'bowl vegan', 'apă plată']",3,76.0,9.99,29.0,Cash,5.0,False,7,6,22,85.99,Fresh & Fit,Healthy,4.1,Medie,Duminica,Rapida (≤30 min)
101117,2025-07-28 18:07:00,Iași,3,"['pizza diavola', 'pizza margherita', 'pizza capricciosa']",3,112.0,0.0,21.0,Card,4.2676493405740885,False,7,0,18,112.0,Pizzeria Vesuvio,Pizza,4.1,Mare,Luni,Rapida (≤30 min)
101118,2025-07-28 18:54:00,București,4,"['burger clasic', 'milkshake', 'burger bbq']",3,93.0,7.99,23.0,Card,5.0,False,7,0,18,100.99,Burger Point,Burgeri,4.4,Medie,Luni,Rapida (≤30 min)
101119,2025-07-28 21:14:00,Cluj-Napoca,18,['shaorma mare'],1,29.0,9.99,28.0,Cash,3.0,False,7,0,21,38.99,Kebab Istanbul,Fast-food,4.1,Mica,Luni,Rapida (≤30 min)
101120,2025-07-29 19:55:00,București,7,"['ceai verde', 'california roll', 'noodles cu pui']",3,83.0,7.99,42.0,Cash,4.2676493405740885,False,7,1,19,90.99,Sushi Zen,Asiatic,4.5,Medie,Marti,Normala (31–45 min)
101121,2025-07-30 12:14:00,Cluj-Napoca,2,"['focaccia', 'pizza diavola', 'tiramisu', 'pizza margherita']",4,108.0,0.0,39.0,Card,4.0,False,7,2,12,108.0,Forno Rustico,Pizza,4.3,Mare,Miercuri,Normala (31–45 min)
101122,2025-07-30 13:41:00,București,11,['șnițel cu piure'],1,38.0,9.99,52.0,Card,3.0,False,7,2,13,47.99,Ciorbe și Plăcinte,Tradițional,4.4,Mica,Miercuri,Lenta (>45 min)
101123,2025-07-30 15:09:00,Iași,7,"['pad thai', 'noodles cu pui', 'sushi mix 16 buc']",3,142.0,0.0,34.0,Card,4.0,True,7,2,15,142.0,Sushi Zen,Asiatic,4.5,Mare,Miercuri,Normala (31–45 min)
101124,2025-07-30 20:56:00,București,6,"['cola', 'onion rings']",2,22.0,12.99,38.0,Card,5.0,False,7,2,20,34.99,Grill House,Burgeri,4.0,Mica,Miercuri,Normala (31–45 min)
101125,2025-07-31 12:00:00,București,10,"['șnițel cu piure', 'limonadă']",2,50.0,12.99,37.0,Card,4.0,False,7,3,12,62.99,La Mama Acasă,Tradițional,4.8,Medie,Joi,Normala (31–45 min)
101126,2025-07-31 17:47:00,Timișoara,7,"['california roll', 'noodles cu pui', 'supă miso', 'sushi mix 16 buc']",4,154.0,0.0,40.0,Card,5.0,True,7,3,17,154.0,Sushi Zen,Asiatic,4.5,Mare,Joi,Normala (31–45 min)
101127,2025-07-31 18:55:00,Brașov,10,"['limonadă', 'ciorbă de burtă']",2,34.0,12.99,25.0,Card,4.2676493405740885,False,7,3,18,46.99,La Mama Acasă,Tradițional,4.8,Mica,Joi,Rapida (≤30 min)
101128,2025-07-31 19:20:00,Brașov,11,"['mici cu muștar (5 buc)', 'sarmale cu mămăligă']",2,66.0,12.99,36.0,Card,3.0,False,7,3,19,78.99,Ciorbe și Plăcinte,Tradițional,4.4,Medie,Joi,Normala (31–45 min)
101129,2025-07-31 22:04:00,Brașov,5,"['burger bbq', 'onion rings', 'burger clasic']",3,90.0,7.99,19.0,Cash,5.0,False,7,3,22,97.99,Smash Bros Burgers,Burgeri,4.7,Medie,Joi,Rapida (≤30 min)
101130,2025-08-01 13:23:00,București,3,"['focaccia', 'pizza quattro formaggi', 'pizza diavola']",3,99.0,7.99,54.0,Card,4.0,False,8,4,13,106.99,Pizzeria Vesuvio,Pizza,4.1,Medie,Vineri,Lenta (>45 min)
101131,2025-08-01 14:44:00,București,5,['cola'],1,8.0,7.99,29.0,Card,4.0,False,8,4,14,15.99,Smash Bros Burgers,Burgeri,4.7,Mica,Vineri,Rapida (≤30 min)
101132,2025-08-01 19:09:00,Brașov,2,['pizza diavola'],1,39.0,9.99,37.0,Card,5.0,False,8,4,19,48.99,Forno Rustico,Pizza,4.3,Mica,Vineri,Normala (31–45 min)
101133,2025-08-01 19:26:00,Iași,8,['ceai verde'],1,9.0,12.99,21.0,Cash,4.2676493405740885,False,8,4,19,21.990000000000002,Wok Express,Asiatic,4.0,Mica,Vineri,Rapida (≤30 min)
101134,2025-08-02 10:58:00,Iași,13,"['apă plată', 'smoothie', 'salată caesar']",3,58.0,12.99,20.0,Cash,4.0,False,8,5,10,70.99,Green Bowl,Healthy,4.5,Medie,Sambata,Rapida (≤30 min)
101135,2025-08-02 12:16:00,Cluj-Napoca,2,"['pizza margherita', 'pizza diavola']",2,71.0,9.99,25.0,Cash,5.0,True,8,5,12,80.99,Forno Rustico,Pizza,4.3,Medie,Sambata,Rapida (≤30 min)
101136,2025-08-02 12:26:00,Timișoara,11,"['sarmale cu mămăligă', 'șnițel cu piure']",2,74.0,9.99,34.0,Card,4.0,False,8,5,12,83.99,Ciorbe și Plăcinte,Tradițional,4.4,Medie,Sambata,Normala (31–45 min)
101137,2025-08-02 13:45:00,Brașov,3,['pizza quattro formaggi'],1,42.0,7.99,28.0,Cash,4.2676493405740885,False,8,5,13,49.99,Pizzeria Vesuvio,Pizza,4.1,Mica,Sambata,Rapida (≤30 min)
101138,2025-08-02 18:52:00,Brașov,16,"['waffle cu fructe', 'papanași']",2,50.0,9.99,23.0,Cash,5.0,True,8,5,18,59.99,Waffle Time,Desert,4.2,Medie,Sambata,Rapida (≤30 min)
101139,2025-08-02 21:58:00,Cluj-Napoca,9,"['pad thai', 'supă miso']",2,56.0,12.99,50.0,Cash,4.0,True,8,5,21,68.99,Bangkok Street,Asiatic,4.2,Medie,Sambata,Lenta (>45 min)
101140,2025-08-02 23:03:00,București,1,"['pizza diavola', 'pizza capricciosa', 'pizza margherita']",3,112.0,0.0,25.0,Card,4.2676493405740885,False,8,5,23,112.0,Pizza Napoli,Pizza,4.6,Mare,Sambata,Rapida (≤30 min)
101141,2025-08-03 13:49:00,Timișoara,10,"['papanași', 'mici cu muștar (5 buc)', 'sarmale cu mămăligă']",3,90.0,7.99,37.0,Cash,4.0,False,8,6,13,97.99,La Mama Acasă,Tradițional,4.8,Medie,Duminica,Normala (31–45 min)
101142,2025-08-03 19:56:00,Cluj-Napoca,7,"['ceai verde', 'california roll']",2,47.0,12.99,43.0,Card,4.2676493405740885,False,8,6,19,59.99,Sushi Zen,Asiatic,4.5,Mica,Duminica,Normala (31–45 min)
101143,2025-08-04 10:25:00,București,18,['falafel wrap'],1,25.0,9.99,35.0,Cash,4.2676493405740885,False,8,0,10,34.99,Kebab Istanbul,Fast-food,4.1,Mica,Luni,Normala (31–45 min)
101144,2025-08-04 11:24:00,București,4,"['burger bbq', 'cola', 'onion rings', 'cartofi prăjiți']",4,76.0,7.99,28.0,Card,4.0,False,8,0,11,83.99,Burger Point,Burgeri,4.4,Medie,Luni,Rapida (≤30 min)
101145,2025-08-04 11:29:00,Cluj-Napoca,4,"['cheeseburger', 'cartofi prăjiți', 'cola']",3,57.0,9.99,22.0,Card,4.2676493405740885,False,8,0,11,66.99,Burger Point,Burgeri,4.4,Medie,Luni,Rapida (≤30 min)
101146,2025-08-04 22:23:00,Timișoara,6,"['burger clasic', 'milkshake']",2,51.0,9.99,14.0,Card,4.0,True,8,0,22,60.99,Grill House,Burgeri,4.0,Medie,Luni,Rapida (≤30 min)
101147,2025-08-05 13:00:00,București,7,"['ceai verde', 'noodles cu pui', 'sushi mix 16 buc']",3,110.0,0.0,41.0,Card,4.0,False,8,1,13,110.0,Sushi Zen,Asiatic,4.5,Mare,Marti,Normala (31–45 min)
101148,2025-08-05 18:27:00,Brașov,10,"['limonadă', 'mici cu muștar (5 buc)']",2,42.0,9.99,16.0,Cash,4.2676493405740885,False,8,1,18,51.99,La Mama Acasă,Tradițional,4.8,Mica,Marti,Rapida (≤30 min)
101149,2025-08-06 15:02:00,Timișoara,11,"['șnițel cu piure', 'ciorbă de burtă']",2,60.0,7.99,22.0,Card,4.2676493405740885,False,8,2,15,67.99,Ciorbe și Plăcinte,Tradițional,4.4,Medie,Miercuri,Rapida (≤30 min)
101150,2025-08-06 18:39:00,București,4,"['onion rings', 'cheeseburger', 'milkshake']",3,68.0,9.99,37.0,Cash,4.0,False,8,2,18,77.99,Burger Point,Burgeri,4.4,Medie,Miercuri,Normala (31–45 min)
101151,2025-08-06 19:02:00,Iași,2,"['pizza quattro formaggi', 'pizza capricciosa', 'focaccia', 'tiramisu']",4,120.0,0.0,21.0,Card,4.2676493405740885,False,8,2,19,120.0,Forno Rustico,Pizza,4.3,Mare,Miercuri,Rapida (≤30 min)
101152,2025-08-06 20:57:00,București,3,"['pizza capricciosa', 'tiramisu']",2,60.0,9.99,42.0,Card,5.0,False,8,2,20,69.99,Pizzeria Vesuvio,Pizza,4.1,Medie,Miercuri,Normala (31–45 min)
101153,2025-08-06 21:23:00,București,6,"['cartofi prăjiți', 'burger bbq', 'milkshake']",3,71.0,9.99,42.0,Card,4.0,False,8,2,21,80.99,Grill House,Burgeri,4.0,Medie,Miercuri,Normala (31–45 min)
101154,2025-08-07 13:13:00,București,5,"['burger clasic', 'cheeseburger', 'cartofi prăjiți']",3,83.0,9.99,40.0,Card,4.2676493405740885,False,8,3,13,92.99,Smash Bros Burgers,Burgeri,4.7,Medie,Joi,Normala (31–45 min)
101155,2025-08-07 13:51:00,București,18,"['falafel wrap', 'cartofi prăjiți']",2,37.0,7.99,55.0,Cash,4.0,True,8,3,13,44.99,Kebab Istanbul,Fast-food,4.1,Mica,Joi,Lenta (>45 min)
101156,2025-08-07 13:58:00,București,3,"['tiramisu', 'cola', 'pizza quattro formaggi', 'focaccia']",4,87.0,12.99,42.0,Cash,5.0,False,8,3,13,99.99,Pizzeria Vesuvio,Pizza,4.1,Medie,Joi,Normala (31–45 min)
101157,2025-08-07 16:33:00,Iași,18,['shaorma medie'],1,24.0,7.99,19.0,Card,5.0,False,8,3,16,31.990000000000002,Kebab Istanbul,Fast-food,4.1,Mica,Joi,Rapida (≤30 min)
101158,2025-08-08 12:03:00,Cluj-Napoca,12,"['limonadă', 'papanași']",2,36.0,7.99,48.0,Card,3.0,False,8,4,12,43.99,Hanul Bunicii,Tradițional,4.3,Mica,Vineri,Lenta (>45 min)
101159,2025-08-08 13:45:00,Iași,3,"['pizza quattro formaggi', 'pizza margherita', 'focaccia']",3,92.0,7.99,35.0,Card,5.0,False,8,4,13,99.99,Pizzeria Vesuvio,Pizza,4.1,Medie,Vineri,Normala (31–45 min)
101160,2025-08-08 19:26:00,Iași,5,"['cartofi prăjiți', 'cola', 'burger bbq', 'burger clasic']",4,96.0,7.99,38.0,Cash,4.2676493405740885,False,8,4,19,103.99,Smash Bros Burgers,Burgeri,4.7,Medie,Vineri,Normala (31–45 min)
101161,2025-08-08 20:37:00,București,8,"['supă miso', 'sushi mix 16 buc', 'ceai verde', 'pad thai']",4,130.0,0.0,38.0,Card,4.2676493405740885,False,8,4,20,130.0,Wok Express,Asiatic,4.0,Mare,Vineri,Normala (31–45 min)
101162,2025-08-09 10:01:00,București,9,"['sushi mix 16 buc', 'pad thai', 'supă miso']",3,121.0,0.0,43.0,Cash,5.0,False,8,5,10,121.0,Bangkok Street,Asiatic,4.2,Mare,Sambata,Normala (31–45 min)
101163,2025-08-09 11:15:00,București,13,"['bowl vegan', 'salată caesar']",2,73.0,12.99,23.0,Cash,4.0,True,8,5,11,85.99,Green Bowl,Healthy,4.5,Medie,Sambata,Rapida (≤30 min)
101164,2025-08-09 12:40:00,Timișoara,5,"['burger clasic', 'onion rings']",2,48.0,7.99,32.0,Card,5.0,False,8,5,12,55.99,Smash Bros Burgers,Burgeri,4.7,Mica,Sambata,Normala (31–45 min)
101165,2025-08-09 13:49:00,Iași,5,['burger clasic'],1,34.0,12.99,34.0,Card,5.0,False,8,5,13,46.99,Smash Bros Burgers,Burgeri,4.7,Mica,Sambata,Normala (31–45 min)
101166,2025-08-09 18:10:00,Iași,3,"['tiramisu', 'cola', 'pizza diavola', 'pizza margherita']",4,98.0,9.99,19.0,Card,5.0,False,8,5,18,107.99,Pizzeria Vesuvio,Pizza,4.1,Medie,Sambata,Rapida (≤30 min)
101167,2025-08-09 20:23:00,Iași,7,['california roll'],1,38.0,9.99,32.0,Cash,4.2676493405740885,False,8,5,20,47.99,Sushi Zen,Asiatic,4.5,Mica,Sambata,Normala (31–45 min)
101168,2025-08-09 22:38:00,Brașov,1,"['pizza diavola', 'tiramisu', 'focaccia']",3,76.0,9.99,14.0,Cash,4.2676493405740885,False,8,5,22,85.99,Pizza Napoli,Pizza,4.6,Medie,Sambata,Rapida (≤30 min)
101169,2025-08-10 19:28:00,Cluj-Napoca,7,['california roll'],1,38.0,9.99,35.0,Cash,5.0,False,8,6,19,47.99,Sushi Zen,Asiatic,4.5,Mica,Duminica,Normala (31–45 min)
101170,2025-08-10 19:44:00,București,3,"['tiramisu', 'pizza diavola', 'pizza quattro formaggi']",3,100.0,0.0,39.0,Card,4.2676493405740885,False,8,6,19,100.0,Pizzeria Vesuvio,Pizza,4.1,Mare,Duminica,Normala (31–45 min)
101171,2025-08-11 20:09:00,Timișoara,3,"['cola', 'focaccia']",2,26.0,7.99,32.0,Card,4.0,False,8,0,20,33.99,Pizzeria Vesuvio,Pizza,4.1,Mica,Luni,Normala (31–45 min)
101172,2025-08-11 21:27:00,Cluj-Napoca,11,"['mici cu muștar (5 buc)', 'ciorbă de burtă', 'papanași', 'sarmale cu mămăligă']",4,112.0,0.0,33.0,Card,4.0,False,8,0,21,112.0,Ciorbe și Plăcinte,Tradițional,4.4,Mare,Luni,Normala (31–45 min)
101173,2025-08-12 18:38:00,Brașov,6,"['burger clasic', 'milkshake', 'cola', 'cheeseburger']",4,96.0,7.99,21.0,Card,4.0,False,8,1,18,103.99,Grill House,Burgeri,4.0,Medie,Marti,Rapida (≤30 min)
101174,2025-08-12 18:51:00,București,1,"['pizza diavola', 'cola', 'tiramisu', 'pizza capricciosa']",4,107.0,0.0,25.0,Card,5.0,False,8,1,18,107.0,Pizza Napoli,Pizza,4.6,Mare,Marti,Rapida (≤30 min)
101175,2025-08-13 16:56:00,București,11,"['sarmale cu mămăligă', 'mici cu muștar (5 buc)']",2,66.0,12.99,29.0,Card,4.0,False,8,2,16,78.99,Ciorbe și Plăcinte,Tradițional,4.4,Medie,Miercuri,Rapida (≤30 min)
101176,2025-08-13 18:10:00,București,10,"['papanași', 'limonadă', 'mici cu muștar (5 buc)', 'ciorbă de burtă']",4,88.0,9.99,36.0,Cash,4.0,False,8,2,18,97.99,La Mama Acasă,Tradițional,4.8,Medie,Miercuri,Normala (31–45 min)
101177,2025-08-13 18:48:00,București,15,"['cheesecake', 'cafea']",2,33.0,9.99,27.0,Card,5.0,True,8,2,18,42.99,Dulce Cofetărie,Desert,4.6,Mica,Miercuri,Rapida (≤30 min)
101178,2025-08-13 19:04:00,București,3,"['pizza capricciosa', 'pizza diavola', 'focaccia', 'pizza quattro formaggi']",4,140.0,0.0,29.0,Card,4.2676493405740885,False,8,2,19,140.0,Pizzeria Vesuvio,Pizza,4.1,Mare,Miercuri,Rapida (≤30 min)
101179,2025-08-13 20:28:00,Cluj-Napoca,4,"['cartofi prăjiți', 'burger clasic']",2,46.0,7.99,16.0,Cash,4.0,False,8,2,20,53.99,Burger Point,Burgeri,4.4,Mica,Miercuri,Rapida (≤30 min)
101180,2025-08-14 11:36:00,Iași,11,"['mici cu muștar (5 buc)', 'sarmale cu mămăligă', 'ciorbă de burtă', 'papanași']",4,112.0,0.0,18.0,Card,4.2676493405740885,False,8,3,11,112.0,Ciorbe și Plăcinte,Tradițional,4.4,Mare,Joi,Rapida (≤30 min)
101181,2025-08-14 12:05:00,Cluj-Napoca,17,"['kebab la farfurie', 'cartofi prăjiți']",2,47.0,9.99,23.0,Card,4.2676493405740885,True,8,3,12,56.99,Shaorma King,Fast-food,3.9,Mica,Joi,Rapida (≤30 min)
101182,2025-08-14 13:52:00,București,16,"['papanași', 'cafea', 'waffle cu fructe']",3,60.0,12.99,25.0,Card,5.0,False,8,3,13,72.99,Waffle Time,Desert,4.2,Medie,Joi,Rapida (≤30 min)
101183,2025-08-14 20:17:00,Brașov,2,"['pizza margherita', 'tiramisu', 'pizza capricciosa']",3,92.0,9.99,39.0,Cash,4.0,False,8,3,20,101.99,Forno Rustico,Pizza,4.3,Medie,Joi,Normala (31–45 min)
101184,2025-08-15 13:15:00,București,2,"['focaccia', 'pizza diavola']",2,57.0,7.99,46.0,Cash,3.0,False,8,4,13,64.99,Forno Rustico,Pizza,4.3,Medie,Vineri,Lenta (>45 min)
101185,2025-08-15 21:12:00,Cluj-Napoca,1,"['tiramisu', 'pizza capricciosa']",2,60.0,7.99,26.0,Cash,5.0,False,8,4,21,67.99,Pizza Napoli,Pizza,4.6,Medie,Vineri,Rapida (≤30 min)
101186,2025-08-15 21:17:00,Cluj-Napoca,17,"['shaorma mare', 'shaorma medie', 'kebab la farfurie']",3,88.0,9.99,40.0,Card,5.0,True,8,4,21,97.99,Shaorma King,Fast-food,3.9,Medie,Vineri,Normala (31–45 min)
101187,2025-08-16 12:24:00,Brașov,3,"['pizza margherita', 'pizza quattro formaggi']",2,74.0,7.99,26.0,Card,5.0,True,8,5,12,81.99,Pizzeria Vesuvio,Pizza,4.1,Medie,Sambata,Rapida (≤30 min)
101188,2025-08-16 13:21:00,Iași,12,"['ciorbă de burtă', 'sarmale cu mămăligă']",2,58.0,9.99,36.0,Card,4.2676493405740885,True,8,5,13,67.99,Hanul Bunicii,Tradițional,4.3,Medie,Sambata,Normala (31–45 min)
101189,2025-08-16 13:27:00,București,14,"['apă plată', 'salată caesar', 'bowl cu somon', 'wrap cu pui']",4,119.0,0.0,47.0,Cash,4.0,False,8,5,13,119.0,Fresh & Fit,Healthy,4.1,Mare,Sambata,Lenta (>45 min)
101190,2025-08-16 17:07:00,București,18,"['kebab la farfurie', 'shaorma mare']",2,64.0,7.99,30.0,Card,5.0,False,8,5,17,71.99,Kebab Istanbul,Fast-food,4.1,Medie,Sambata,Rapida (≤30 min)
101191,2025-08-16 20:04:00,Iași,7,"['supă miso', 'pad thai']",2,56.0,7.99,30.0,Cash,4.2676493405740885,False,8,5,20,63.99,Sushi Zen,Asiatic,4.5,Medie,Sambata,Rapida (≤30 min)
101192,2025-08-17 11:02:00,Iași,1,"['focaccia', 'pizza margherita', 'pizza diavola']",3,89.0,12.99,27.0,Cash,4.0,False,8,6,11,101.99,Pizza Napoli,Pizza,4.6,Medie,Duminica,Rapida (≤30 min)
101193,2025-08-17 11:47:00,București,2,"['tiramisu', 'pizza diavola', 'cola']",3,66.0,7.99,37.0,Cash,4.2676493405740885,False,8,6,11,73.99,Forno Rustico,Pizza,4.3,Medie,Duminica,Normala (31–45 min)
101194,2025-08-17 12:48:00,Iași,2,"['pizza capricciosa', 'cola', 'pizza diavola']",3,88.0,7.99,24.0,Card,4.0,True,8,6,12,95.99,Forno Rustico,Pizza,4.3,Medie,Duminica,Rapida (≤30 min)
101195,2025-08-17 16:02:00,București,3,['cola'],1,8.0,7.99,31.518537859007832,Cash,4.2676493405740885,False,8,6,16,15.99,Pizzeria Vesuvio,Pizza,4.1,Mica,Duminica,Normala (31–45 min)
101196,2025-08-18 13:15:00,Iași,6,"['onion rings', 'burger clasic', 'burger bbq']",3,90.0,7.99,35.0,Card,4.2676493405740885,False,8,0,13,97.99,Grill House,Burgeri,4.0,Medie,Luni,Normala (31–45 min)
101197,2025-08-18 13:44:00,Timișoara,5,"['burger clasic', 'burger bbq']",2,76.0,9.99,38.0,Card,4.0,False,8,0,13,85.99,Smash Bros Burgers,Burgeri,4.7,Medie,Luni,Normala (31–45 min)
101198,2025-08-18 18:16:00,București,6,"['burger clasic', 'cartofi prăjiți']",2,46.0,7.99,45.0,Cash,4.2676493405740885,False,8,0,18,53.99,Grill House,Burgeri,4.0,Mica,Luni,Normala (31–45 min)
101199,2025-08-19 12:53:00,Brașov,12,"['papanași', 'sarmale cu mămăligă']",2,60.0,9.99,24.0,Card,4.2676493405740885,True,8,1,12,69.99,Hanul Bunicii,Tradițional,4.3,Medie,Marti,Rapida (≤30 min)
101200,2025-08-19 14:32:00,Cluj-Napoca,8,"['sushi mix 16 buc', 'supă miso', 'noodles cu pui']",3,116.0,0.0,28.0,Cash,5.0,False,8,1,14,116.0,Wok Express,Asiatic,4.0,Mare,Marti,Rapida (≤30 min)
101201,2025-08-19 19:32:00,București,3,"['pizza quattro formaggi', 'pizza diavola']",2,81.0,12.99,30.0,Card,4.2676493405740885,False,8,1,19,93.99,Pizzeria Vesuvio,Pizza,4.1,Medie,Marti,Rapida (≤30 min)
101202,2025-08-19 21:08:00,Timișoara,11,"['papanași', 'limonadă', 'sarmale cu mămăligă']",3,72.0,9.99,36.0,Cash,4.2676493405740885,False,8,1,21,81.99,Ciorbe și Plăcinte,Tradițional,4.4,Medie,Marti,Normala (31–45 min)
101203,2025-08-20 16:34:00,București,17,['kebab la farfurie'],1,35.0,12.99,24.0,Card,5.0,True,8,2,16,47.99,Shaorma King,Fast-food,3.9,Mica,Miercuri,Rapida (≤30 min)
101204,2025-08-20 17:51:00,Timișoara,13,"['apă plată', 'wrap cu pui']",2,37.0,12.99,24.0,Card,4.2676493405740885,False,8,2,17,49.99,Green Bowl,Healthy,4.5,Mica,Miercuri,Rapida (≤30 min)
101205,2025-08-20 22:51:00,Brașov,14,"['bowl cu somon', 'apă plată']",2,54.0,9.99,32.0,Cash,4.2676493405740885,False,8,2,22,63.99,Fresh & Fit,Healthy,4.1,Medie,Miercuri,Normala (31–45 min)
101206,2025-08-21 18:00:00,Cluj-Napoca,17,['falafel wrap'],1,25.0,7.99,21.0,Card,4.0,True,8,3,18,32.99,Shaorma King,Fast-food,3.9,Mica,Joi,Rapida (≤30 min)
101207,2025-08-21 19:04:00,Cluj-Napoca,17,"['cartofi prăjiți', 'kebab la farfurie']",2,47.0,9.99,38.0,Card,4.2676493405740885,True,8,3,19,56.99,Shaorma King,Fast-food,3.9,Mica,Joi,Normala (31–45 min)
101208,2025-08-21 19:12:00,Brașov,4,"['cola', 'cartofi prăjiți', 'cheeseburger']",3,57.0,12.99,22.0,Card,4.2676493405740885,False,8,3,19,69.99,Burger Point,Burgeri,4.4,Medie,Joi,Rapida (≤30 min)
101209,2025-08-21 20:08:00,București,2,['cola'],1,8.0,12.99,47.0,Cash,4.0,False,8,3,20,20.990000000000002,Forno Rustico,Pizza,4.3,Mica,Joi,Lenta (>45 min)
101210,2025-08-22 11:44:00,Iași,13,"['wrap cu pui', 'salată caesar']",2,65.0,9.99,32.0,Cash,4.0,False,8,4,11,74.99,Green Bowl,Healthy,4.5,Medie,Vineri,Normala (31–45 min)
101211,2025-08-22 12:38:00,București,9,"['supă miso', 'sushi mix 16 buc']",2,80.0,9.99,40.0,Card,4.0,False,8,4,12,89.99,Bangkok Street,Asiatic,4.2,Medie,Vineri,Normala (31–45 min)
101212,2025-08-22 14:00:00,Cluj-Napoca,2,"['cola', 'pizza margherita']",2,40.0,7.99,12.0,Card,4.2676493405740885,False,8,4,14,47.99,Forno Rustico,Pizza,4.3,Mica,Vineri,Rapida (≤30 min)
101213,2025-08-22 16:33:00,Timișoara,1,"['pizza capricciosa', 'focaccia', 'tiramisu']",3,78.0,12.99,25.0,Cash,4.0,True,8,4,16,90.99,Pizza Napoli,Pizza,4.6,Medie,Vineri,Rapida (≤30 min)
101214,2025-08-22 18:04:00,Timișoara,14,['smoothie'],1,18.0,9.99,28.0,Card,4.0,False,8,4,18,27.990000000000002,Fresh & Fit,Healthy,4.1,Mica,Vineri,Rapida (≤30 min)
101215,2025-08-22 18:54:00,Timișoara,1,"['pizza diavola', 'pizza capricciosa']",2,80.0,7.99,30.0,Card,5.0,True,8,4,18,87.99,Pizza Napoli,Pizza,4.6,Medie,Vineri,Rapida (≤30 min)
101216,2025-08-22 19:35:00,Brașov,4,"['burger clasic', 'milkshake', 'cola']",3,59.0,9.99,31.0,Card,4.0,False,8,4,19,68.99,Burger Point,Burgeri,4.4,Medie,Vineri,Normala (31–45 min)
101217,2025-08-23 13:12:00,Cluj-Napoca,18,"['shaorma mare', 'falafel wrap']",2,54.0,12.99,25.0,Card,4.2676493405740885,True,8,5,13,66.99,Kebab Istanbul,Fast-food,4.1,Medie,Sambata,Rapida (≤30 min)
101218,2025-08-23 14:18:00,București,5,"['cheeseburger', 'burger bbq']",2,79.0,12.99,31.518537859007832,Card,4.0,False,8,5,14,91.99,Smash Bros Burgers,Burgeri,4.7,Medie,Sambata,Normala (31–45 min)
101219,2025-08-23 18:44:00,București,1,"['tiramisu', 'pizza margherita', 'pizza diavola']",3,90.0,7.99,45.0,Card,4.2676493405740885,True,8,5,18,97.99,Pizza Napoli,Pizza,4.6,Medie,Sambata,Normala (31–45 min)
101220,2025-08-23 19:20:00,București,10,"['mici cu muștar (5 buc)', 'papanași']",2,54.0,9.99,41.0,Cash,5.0,False,8,5,19,63.99,La Mama Acasă,Tradițional,4.8,Medie,Sambata,Normala (31–45 min)
101221,2025-08-23 20:08:00,Iași,18,['kebab la farfurie'],1,35.0,7.99,19.0,Card,3.0,False,8,5,20,42.99,Kebab Istanbul,Fast-food,4.1,Mica,Sambata,Rapida (≤30 min)
101222,2025-08-24 13:06:00,Timișoara,17,"['kebab la farfurie', 'ayran']",2,42.0,7.99,30.0,Card,4.0,False,8,6,13,49.99,Shaorma King,Fast-food,3.9,Mica,Duminica,Rapida (≤30 min)
101223,2025-08-24 17:01:00,București,7,['sushi mix 16 buc'],1,65.0,9.99,34.0,Card,4.2676493405740885,False,8,6,17,74.99,Sushi Zen,Asiatic,4.5,Medie,Duminica,Normala (31–45 min)
101224,2025-08-24 22:40:00,Iași,4,"['milkshake', 'burger bbq', 'burger clasic']",3,93.0,9.99,19.0,Card,5.0,True,8,6,22,102.99,Burger Point,Burgeri,4.4,Medie,Duminica,Rapida (≤30 min)
101225,2025-08-25 14:27:00,București,11,['limonadă'],1,12.0,7.99,41.0,Card,3.0,False,8,0,14,19.990000000000002,Ciorbe și Plăcinte,Tradițional,4.4,Mica,Luni,Normala (31–45 min)
101226,2025-08-25 15:59:00,Timișoara,2,['focaccia'],1,18.0,9.99,25.0,Card,4.2676493405740885,True,8,0,15,27.990000000000002,Forno Rustico,Pizza,4.3,Mica,Luni,Rapida (≤30 min)
101227,2025-08-25 19:26:00,Timișoara,10,"['ciorbă de burtă', 'limonadă']",2,34.0,7.99,39.0,Card,5.0,False,8,0,19,41.99,La Mama Acasă,Tradițional,4.8,Mica,Luni,Normala (31–45 min)
101228,2025-08-25 19:26:00,Cluj-Napoca,18,"['shaorma medie', 'ayran', 'cartofi prăjiți']",3,43.0,9.99,34.0,Card,5.0,True,8,0,19,52.99,Kebab Istanbul,Fast-food,4.1,Mica,Luni,Normala (31–45 min)
101229,2025-08-25 20:40:00,București,6,"['onion rings', 'burger clasic', 'cola']",3,56.0,7.99,31.518537859007832,Card,4.0,True,8,0,20,63.99,Grill House,Burgeri,4.0,Medie,Luni,Normala (31–45 min)
101230,2025-08-26 20:24:00,Cluj-Napoca,17,"['shaorma mare', 'ayran']",2,36.0,12.99,26.0,Cash,5.0,False,8,1,20,48.99,Shaorma King,Fast-food,3.9,Mica,Marti,Rapida (≤30 min)
101231,2025-08-26 21:05:00,București,2,"['pizza margherita', 'tiramisu']",2,51.0,12.99,46.0,Cash,4.0,True,8,1,21,63.99,Forno Rustico,Pizza,4.3,Medie,Marti,Lenta (>45 min)
101232,2025-08-26 21:12:00,București,17,['shaorma medie'],1,24.0,7.99,32.0,Cash,4.0,False,8,1,21,31.990000000000002,Shaorma King,Fast-food,3.9,Mica,Marti,Normala (31–45 min)
101233,2025-08-26 21:57:00,București,3,"['focaccia', 'cola']",2,26.0,9.99,39.0,Cash,4.0,True,8,1,21,35.99,Pizzeria Vesuvio,Pizza,4.1,Mica,Marti,Normala (31–45 min)
101234,2025-08-26 23:39:00,Cluj-Napoca,8,"['pad thai', 'sushi mix 16 buc']",2,106.0,0.0,37.0,Card,4.0,False,8,1,23,106.0,Wok Express,Asiatic,4.0,Mare,Marti,Normala (31–45 min)
101235,2025-08-27 18:07:00,București,11,"['ciorbă de burtă', 'limonadă']",2,34.0,9.99,32.0,Card,4.2676493405740885,False,8,2,18,43.99,Ciorbe și Plăcinte,Tradițional,4.4,Mica,Miercuri,Normala (31–45 min)
101236,2025-08-27 20:15:00,Timișoara,9,"['pad thai', 'ceai verde', 'noodles cu pui']",3,86.0,7.99,35.0,Card,5.0,True,8,2,20,93.99,Bangkok Street,Asiatic,4.2,Medie,Miercuri,Normala (31–45 min)
101237,2025-08-27 20:41:00,Cluj-Napoca,5,"['cartofi prăjiți', 'cheeseburger']",2,49.0,9.99,31.0,Card,4.0,False,8,2,20,58.99,Smash Bros Burgers,Burgeri,4.7,Mica,Miercuri,Normala (31–45 min)
101238,2025-08-28 20:13:00,București,7,"['supă miso', 'sushi mix 16 buc']",2,80.0,7.99,50.0,Cash,3.0,False,8,3,20,87.99,Sushi Zen,Asiatic,4.5,Medie,Joi,Lenta (>45 min)
101239,2025-08-28 20:51:00,București,17,"['cartofi prăjiți', 'shaorma medie', 'shaorma mare']",3,65.0,9.99,39.0,Card,4.0,False,8,3,20,74.99,Shaorma King,Fast-food,3.9,Medie,Joi,Normala (31–45 min)
101240,2025-08-29 11:23:00,București,18,"['shaorma mare', 'kebab la farfurie']",2,64.0,9.99,39.0,Card,4.0,True,8,4,11,73.99,Kebab Istanbul,Fast-food,4.1,Medie,Vineri,Normala (31–45 min)
101241,2025-08-29 13:44:00,Cluj-Napoca,13,"['smoothie', 'salată caesar']",2,52.0,7.99,17.0,Card,5.0,False,8,4,13,59.99,Green Bowl,Healthy,4.5,Medie,Vineri,Rapida (≤30 min)
101242,2025-08-29 14:50:00,Cluj-Napoca,7,"['supă miso', 'ceai verde']",2,24.0,12.99,23.0,Card,5.0,False,8,4,14,36.99,Sushi Zen,Asiatic,4.5,Mica,Vineri,Rapida (≤30 min)
101243,2025-08-29 20:50:00,Cluj-Napoca,4,"['burger clasic', 'onion rings', 'cartofi prăjiți']",3,60.0,7.99,32.0,Card,4.0,False,8,4,20,67.99,Burger Point,Burgeri,4.4,Medie,Vineri,Normala (31–45 min)
101244,2025-08-29 21:04:00,București,3,"['cola', 'tiramisu', 'pizza margherita']",3,59.0,9.99,35.0,Cash,4.2676493405740885,True,8,4,21,68.99,Pizzeria Vesuvio,Pizza,4.1,Medie,Vineri,Normala (31–45 min)
101245,2025-08-29 21:36:00,Brașov,8,"['pad thai', 'ceai verde']",2,50.0,12.99,24.0,Cash,4.0,False,8,4,21,62.99,Wok Express,Asiatic,4.0,Medie,Vineri,Rapida (≤30 min)
101246,2025-08-30 11:03:00,Iași,10,['șnițel cu piure'],1,38.0,9.99,32.0,Card,4.2676493405740885,False,8,5,11,47.99,La Mama Acasă,Tradițional,4.8,Mica,Sambata,Normala (31–45 min)
101247,2025-08-30 18:49:00,Cluj-Napoca,14,"['salată caesar', 'apă plată', 'bowl vegan', 'wrap cu pui']",4,110.0,0.0,12.0,Card,5.0,True,8,5,18,110.0,Fresh & Fit,Healthy,4.1,Mare,Sambata,Rapida (≤30 min)
101248,2025-08-30 23:06:00,Cluj-Napoca,4,"['milkshake', 'cartofi prăjiți', 'burger bbq', 'burger clasic']",4,105.0,0.0,17.0,Card,4.0,False,8,5,23,105.0,Burger Point,Burgeri,4.4,Mare,Sambata,Rapida (≤30 min)
101249,2025-08-31 13:39:00,Cluj-Napoca,3,['pizza capricciosa'],1,41.0,9.99,20.0,Card,4.0,False,8,6,13,50.99,Pizzeria Vesuvio,Pizza,4.1,Mica,Duminica,Rapida (≤30 min)
101250,2025-08-31 14:18:00,Timișoara,18,"['kebab la farfurie', 'falafel wrap', 'cartofi prăjiți', 'shaorma medie']",4,96.0,7.99,32.0,Cash,4.0,False,8,6,14,103.99,Kebab Istanbul,Fast-food,4.1,Medie,Duminica,Normala (31–45 min)
101251,2025-08-31 14:31:00,Brașov,17,"['shaorma medie', 'ayran', 'shaorma mare', 'falafel wrap']",4,85.0,12.99,15.0,Cash,4.0,False,8,6,14,97.99,Shaorma King,Fast-food,3.9,Medie,Duminica,Rapida (≤30 min)
101252,2025-08-31 18:18:00,Iași,8,['supă miso'],1,15.0,9.99,38.0,Card,5.0,False,8,6,18,24.990000000000002,Wok Express,Asiatic,4.0,Mica,Duminica,Normala (31–45 min)
101253,2025-08-31 23:44:00,București,9,"['pad thai', 'california roll', 'ceai verde']",3,88.0,7.99,34.0,Card,5.0,False,8,6,23,95.99,Bangkok Street,Asiatic,4.2,Medie,Duminica,Normala (31–45 min)
101254,2025-08-31 23:55:00,Brașov,6,"['cola', 'burger bbq']",2,50.0,7.99,20.0,Cash,4.2676493405740885,False,8,6,23,57.99,Grill House,Burgeri,4.0,Medie,Duminica,Rapida (≤30 min)
101255,2025-08-31 23:56:00,București,15,"['clătite cu ciocolată', 'cafea', 'înghețată']",3,46.0,12.99,32.0,Card,4.2676493405740885,False,8,6,23,58.99,Dulce Cofetărie,Desert,4.6,Mica,Duminica,Normala (31–45 min)
101256,2025-09-01 13:23:00,București,18,"['cartofi prăjiți', 'shaorma mare']",2,41.0,7.99,37.0,Card,4.0,True,9,0,13,48.99,Kebab Istanbul,Fast-food,4.1,Mica,Luni,Normala (31–45 min)
101257,2025-09-01 18:20:00,Timișoara,11,"['mici cu muștar (5 buc)', 'șnițel cu piure', 'papanași']",3,92.0,9.99,21.0,Card,5.0,False,9,0,18,101.99,Ciorbe și Plăcinte,Tradițional,4.4,Medie,Luni,Rapida (≤30 min)
101258,2025-09-01 20:53:00,Timișoara,3,"['tiramisu', 'pizza quattro formaggi', 'pizza diavola']",3,100.0,0.0,29.0,Card,5.0,False,9,0,20,100.0,Pizzeria Vesuvio,Pizza,4.1,Mare,Luni,Rapida (≤30 min)
101259,2025-09-01 21:09:00,București,7,['supă miso'],1,15.0,9.99,45.0,Cash,3.0,False,9,0,21,24.990000000000002,Sushi Zen,Asiatic,4.5,Mica,Luni,Normala (31–45 min)
101260,2025-09-01 23:56:00,București,9,['california roll'],1,38.0,7.99,33.0,Card,4.2676493405740885,True,9,0,23,45.99,Bangkok Street,Asiatic,4.2,Mica,Luni,Normala (31–45 min)
101261,2025-09-02 16:29:00,Iași,1,['tiramisu'],1,19.0,7.99,34.0,Cash,4.0,False,9,1,16,26.990000000000002,Pizza Napoli,Pizza,4.6,Mica,Marti,Normala (31–45 min)
101262,2025-09-03 12:40:00,Timișoara,8,"['pad thai', 'sushi mix 16 buc', 'ceai verde']",3,115.0,0.0,31.0,Cash,4.2676493405740885,False,9,2,12,115.0,Wok Express,Asiatic,4.0,Mare,Miercuri,Normala (31–45 min)
101263,2025-09-03 13:40:00,Timișoara,15,"['waffle cu fructe', 'cafea']",2,36.0,9.99,31.0,Card,4.2676493405740885,False,9,2,13,45.99,Dulce Cofetărie,Desert,4.6,Mica,Miercuri,Normala (31–45 min)
101264,2025-09-03 18:19:00,Iași,15,['cafea'],1,10.0,7.99,18.0,Cash,5.0,False,9,2,18,17.990000000000002,Dulce Cofetărie,Desert,4.6,Mica,Miercuri,Rapida (≤30 min)
101265,2025-09-03 22:18:00,București,4,['cheeseburger'],1,37.0,9.99,21.0,Card,4.0,False,9,2,22,46.99,Burger Point,Burgeri,4.4,Mica,Miercuri,Rapida (≤30 min)
101266,2025-09-04 14:53:00,Timișoara,17,"['ayran', 'cartofi prăjiți']",2,19.0,7.99,32.0,Card,4.2676493405740885,False,9,3,14,26.990000000000002,Shaorma King,Fast-food,3.9,Mica,Joi,Normala (31–45 min)
101267,2025-09-04 17:39:00,Brașov,11,['limonadă'],1,12.0,12.99,18.0,Cash,4.0,False,9,3,17,24.990000000000002,Ciorbe și Plăcinte,Tradițional,4.4,Mica,Joi,Rapida (≤30 min)
101268,2025-09-04 18:45:00,București,3,['pizza quattro formaggi'],1,42.0,7.99,33.0,Cash,5.0,False,9,3,18,49.99,Pizzeria Vesuvio,Pizza,4.1,Mica,Joi,Normala (31–45 min)
101269,2025-09-04 20:00:00,Brașov,7,"['sushi mix 16 buc', 'ceai verde', 'pad thai']",3,115.0,0.0,45.0,Card,4.0,False,9,3,20,115.0,Sushi Zen,Asiatic,4.5,Mare,Joi,Normala (31–45 min)
101270,2025-09-04 21:02:00,Timișoara,2,"['pizza capricciosa', 'pizza margherita', 'pizza quattro formaggi']",3,115.0,0.0,30.0,Cash,5.0,False,9,3,21,115.0,Forno Rustico,Pizza,4.3,Mare,Joi,Rapida (≤30 min)
101271,2025-09-05 12:58:00,Iași,6,"['onion rings', 'milkshake', 'burger clasic']",3,65.0,7.99,30.0,Card,4.0,False,9,4,12,72.99,Grill House,Burgeri,4.0,Medie,Vineri,Rapida (≤30 min)
101272,2025-09-05 13:54:00,Brașov,13,"['apă plată', 'smoothie', 'salată caesar', 'bowl vegan']",4,97.0,9.99,35.0,Card,4.2676493405740885,False,9,4,13,106.99,Green Bowl,Healthy,4.5,Medie,Vineri,Normala (31–45 min)
101273,2025-09-05 18:52:00,Iași,10,"['sarmale cu mămăligă', 'papanași']",2,60.0,9.99,21.0,Cash,4.2676493405740885,False,9,4,18,69.99,La Mama Acasă,Tradițional,4.8,Medie,Vineri,Rapida (≤30 min)
101274,2025-09-05 19:42:00,Cluj-Napoca,18,"['shaorma medie', 'shaorma mare', 'kebab la farfurie', 'ayran']",4,95.0,12.99,22.0,Cash,5.0,False,9,4,19,107.99,Kebab Istanbul,Fast-food,4.1,Medie,Vineri,Rapida (≤30 min)
101275,2025-09-05 21:07:00,București,10,['papanași'],1,24.0,7.99,48.0,Card,2.0,False,9,4,21,31.990000000000002,La Mama Acasă,Tradițional,4.8,Mica,Vineri,Lenta (>45 min)
101276,2025-09-05 22:24:00,București,12,['limonadă'],1,12.0,7.99,42.0,Card,4.0,False,9,4,22,19.990000000000002,Hanul Bunicii,Tradițional,4.3,Mica,Vineri,Normala (31–45 min)
101277,2025-09-06 14:14:00,Cluj-Napoca,17,['ayran'],1,7.0,7.99,25.0,Card,4.2676493405740885,False,9,5,14,14.99,Shaorma King,Fast-food,3.9,Mica,Sambata,Rapida (≤30 min)
101278,2025-09-06 14:26:00,București,18,['shaorma mare'],1,29.0,9.99,24.0,Card,4.0,True,9,5,14,38.99,Kebab Istanbul,Fast-food,4.1,Mica,Sambata,Rapida (≤30 min)
101279,2025-09-06 14:35:00,București,2,"['focaccia', 'tiramisu', 'pizza margherita']",3,69.0,9.99,44.0,Card,3.0,False,9,5,14,78.99,Forno Rustico,Pizza,4.3,Medie,Sambata,Normala (31–45 min)
101280,2025-09-06 16:16:00,Brașov,7,"['supă miso', 'california roll', 'noodles cu pui']",3,89.0,12.99,23.0,Card,5.0,False,9,5,16,101.99,Sushi Zen,Asiatic,4.5,Medie,Sambata,Rapida (≤30 min)
101281,2025-09-06 21:34:00,Cluj-Napoca,13,"['salată caesar', 'apă plată', 'bowl vegan']",3,79.0,9.99,27.0,Card,5.0,False,9,5,21,88.99,Green Bowl,Healthy,4.5,Medie,Sambata,Rapida (≤30 min)
101282,2025-09-07 19:00:00,București,7,"['sushi mix 16 buc', 'pad thai', 'california roll']",3,144.0,0.0,41.0,Card,4.2676493405740885,False,9,6,19,144.0,Sushi Zen,Asiatic,4.5,Mare,Duminica,Normala (31–45 min)
101283,2025-09-07 20:01:00,Iași,12,"['ciorbă de burtă', 'șnițel cu piure', 'mici cu muștar (5 buc)']",3,90.0,9.99,48.0,Card,4.2676493405740885,True,9,6,20,99.99,Hanul Bunicii,Tradițional,4.3,Medie,Duminica,Lenta (>45 min)
101284,2025-09-07 20:30:00,București,18,"['kebab la farfurie', 'falafel wrap', 'cartofi prăjiți']",3,72.0,9.99,44.0,Cash,4.2676493405740885,True,9,6,20,81.99,Kebab Istanbul,Fast-food,4.1,Medie,Duminica,Normala (31–45 min)
101285,2025-09-07 20:40:00,Cluj-Napoca,9,"['california roll', 'ceai verde', 'supă miso']",3,62.0,9.99,31.518537859007832,Cash,4.0,False,9,6,20,71.99,Bangkok Street,Asiatic,4.2,Medie,Duminica,Normala (31–45 min)
101286,2025-09-07 21:36:00,Cluj-Napoca,3,"['pizza margherita', 'pizza diavola']",2,71.0,9.99,23.0,Cash,5.0,True,9,6,21,80.99,Pizzeria Vesuvio,Pizza,4.1,Medie,Duminica,Rapida (≤30 min)
101287,2025-09-07 21:55:00,București,17,['falafel wrap'],1,25.0,7.99,38.0,Card,4.2676493405740885,True,9,6,21,32.99,Shaorma King,Fast-food,3.9,Mica,Duminica,Normala (31–45 min)
101288,2025-09-07 23:06:00,Iași,13,"['salată caesar', 'bowl vegan', 'smoothie']",3,91.0,7.99,22.0,Card,4.2676493405740885,False,9,6,23,98.99,Green Bowl,Healthy,4.5,Medie,Duminica,Rapida (≤30 min)
101289,2025-09-07 23:30:00,Iași,17,['shaorma medie'],1,24.0,9.99,40.0,Cash,4.2676493405740885,False,9,6,23,33.99,Shaorma King,Fast-food,3.9,Mica,Duminica,Normala (31–45 min)
101290,2025-09-08 19:18:00,Cluj-Napoca,4,"['burger bbq', 'cartofi prăjiți']",2,54.0,9.99,39.0,Card,5.0,False,9,0,19,63.99,Burger Point,Burgeri,4.4,Medie,Luni,Normala (31–45 min)
101291,2025-09-08 19:39:00,București,15,"['cafea', 'înghețată', 'cheesecake']",3,48.0,7.99,48.0,Cash,4.0,False,9,0,19,55.99,Dulce Cofetărie,Desert,4.6,Mica,Luni,Lenta (>45 min)
101292,2025-09-08 20:20:00,Iași,18,['ayran'],1,7.0,9.99,24.0,Card,4.2676493405740885,False,9,0,20,16.990000000000002,Kebab Istanbul,Fast-food,4.1,Mica,Luni,Rapida (≤30 min)
101293,2025-09-08 20:58:00,Timișoara,3,"['pizza quattro formaggi', 'tiramisu']",2,61.0,7.99,36.0,Card,3.0,False,9,0,20,68.99,Pizzeria Vesuvio,Pizza,4.1,Medie,Luni,Normala (31–45 min)
101294,2025-09-08 21:19:00,Iași,3,"['pizza margherita', 'pizza diavola', 'focaccia', 'pizza capricciosa']",4,130.0,0.0,22.0,Card,4.0,True,9,0,21,130.0,Pizzeria Vesuvio,Pizza,4.1,Mare,Luni,Rapida (≤30 min)
101295,2025-09-08 21:29:00,Iași,12,"['ciorbă de burtă', 'șnițel cu piure']",2,60.0,9.99,40.0,Card,4.2676493405740885,True,9,0,21,69.99,Hanul Bunicii,Tradițional,4.3,Medie,Luni,Normala (31–45 min)
101296,2025-09-08 21:56:00,Iași,4,"['burger bbq', 'cheeseburger', 'cola']",3,87.0,7.99,24.0,Card,5.0,False,9,0,21,94.99,Burger Point,Burgeri,4.4,Medie,Luni,Rapida (≤30 min)
101297,2025-09-09 18:20:00,Cluj-Napoca,16,['cafea'],1,10.0,9.99,22.0,Cash,4.2676493405740885,True,9,1,18,19.990000000000002,Waffle Time,Desert,4.2,Mica,Marti,Rapida (≤30 min)
101298,2025-09-09 22:13:00,București,12,"['papanași', 'ciorbă de burtă']",2,46.0,9.99,37.0,Cash,4.0,False,9,1,22,55.99,Hanul Bunicii,Tradițional,4.3,Mica,Marti,Normala (31–45 min)
101299,2025-09-10 11:15:00,București,13,"['bowl vegan', 'bowl cu somon', 'apă plată']",3,93.0,7.99,32.0,Cash,5.0,False,9,2,11,100.99,Green Bowl,Healthy,4.5,Medie,Miercuri,Normala (31–45 min)
101300,2025-09-10 15:50:00,București,17,"['ayran', 'shaorma mare', 'shaorma medie']",3,60.0,9.99,32.0,Card,4.2676493405740885,False,9,2,15,69.99,Shaorma King,Fast-food,3.9,Medie,Miercuri,Normala (31–45 min)
101301,2025-09-10 18:41:00,Cluj-Napoca,9,"['sushi mix 16 buc', 'pad thai', 'ceai verde']",3,115.0,0.0,28.0,Cash,4.2676493405740885,False,9,2,18,115.0,Bangkok Street,Asiatic,4.2,Mare,Miercuri,Rapida (≤30 min)
101302,2025-09-10 18:46:00,Iași,17,"['ayran', 'cartofi prăjiți']",2,19.0,12.99,30.0,Card,4.2676493405740885,False,9,2,18,31.990000000000002,Shaorma King,Fast-food,3.9,Mica,Miercuri,Rapida (≤30 min)
101303,2025-09-10 19:17:00,Cluj-Napoca,3,"['pizza quattro formaggi', 'pizza capricciosa', 'cola']",3,91.0,7.99,40.0,Card,4.2676493405740885,True,9,2,19,98.99,Pizzeria Vesuvio,Pizza,4.1,Medie,Miercuri,Normala (31–45 min)
101304,2025-09-10 19:17:00,Cluj-Napoca,17,"['cartofi prăjiți', 'ayran']",2,19.0,9.99,30.0,Card,4.2676493405740885,False,9,2,19,28.990000000000002,Shaorma King,Fast-food,3.9,Mica,Miercuri,Rapida (≤30 min)
101305,2025-09-10 21:44:00,București,12,"['limonadă', 'ciorbă de burtă']",2,34.0,12.99,41.0,Card,4.0,False,9,2,21,46.99,Hanul Bunicii,Tradițional,4.3,Mica,Miercuri,Normala (31–45 min)
101306,2025-09-11 11:53:00,Timișoara,17,['falafel wrap'],1,25.0,12.99,12.0,Card,4.2676493405740885,False,9,3,11,37.99,Shaorma King,Fast-food,3.9,Mica,Joi,Rapida (≤30 min)
101307,2025-09-11 14:59:00,București,2,"['pizza quattro formaggi', 'pizza margherita']",2,74.0,7.99,41.0,Cash,4.0,True,9,3,14,81.99,Forno Rustico,Pizza,4.3,Medie,Joi,Normala (31–45 min)
101308,2025-09-11 19:39:00,București,14,"['apă plată', 'bowl vegan']",2,45.0,12.99,42.0,Card,3.0,False,9,3,19,57.99,Fresh & Fit,Healthy,4.1,Mica,Joi,Normala (31–45 min)
101309,2025-09-12 12:23:00,Timișoara,15,"['papanași', 'cheesecake']",2,47.0,9.99,19.0,Card,5.0,False,9,4,12,56.99,Dulce Cofetărie,Desert,4.6,Mica,Vineri,Rapida (≤30 min)
101310,2025-09-12 13:06:00,București,3,"['pizza margherita', 'pizza capricciosa', 'cola', 'pizza quattro formaggi']",4,123.0,0.0,31.0,Card,4.0,False,9,4,13,123.0,Pizzeria Vesuvio,Pizza,4.1,Mare,Vineri,Normala (31–45 min)
101311,2025-09-12 18:18:00,București,18,"['kebab la farfurie', 'shaorma mare']",2,64.0,12.99,36.0,Cash,4.2676493405740885,False,9,4,18,76.99,Kebab Istanbul,Fast-food,4.1,Medie,Vineri,Normala (31–45 min)
101312,2025-09-12 19:06:00,Cluj-Napoca,17,"['falafel wrap', 'shaorma medie']",2,49.0,9.99,18.0,Card,4.0,False,9,4,19,58.99,Shaorma King,Fast-food,3.9,Mica,Vineri,Rapida (≤30 min)
101313,2025-09-12 19:20:00,Timișoara,6,"['milkshake', 'burger clasic', 'cheeseburger']",3,88.0,9.99,31.0,Card,4.2676493405740885,False,9,4,19,97.99,Grill House,Burgeri,4.0,Medie,Vineri,Normala (31–45 min)
101314,2025-09-12 19:27:00,București,5,['cheeseburger'],1,37.0,9.99,21.0,Card,3.0,False,9,4,19,46.99,Smash Bros Burgers,Burgeri,4.7,Mica,Vineri,Rapida (≤30 min)
101315,2025-09-12 20:09:00,Iași,12,['ciorbă de burtă'],1,22.0,9.99,29.0,Card,5.0,False,9,4,20,31.990000000000002,Hanul Bunicii,Tradițional,4.3,Mica,Vineri,Rapida (≤30 min)
101316,2025-09-13 13:07:00,București,4,"['cartofi prăjiți', 'burger bbq', 'cheeseburger']",3,91.0,7.99,30.0,Card,4.2676493405740885,False,9,5,13,98.99,Burger Point,Burgeri,4.4,Medie,Sambata,Rapida (≤30 min)
101317,2025-09-13 19:51:00,București,11,['mici cu muștar (5 buc)'],1,30.0,7.99,48.0,Card,5.0,False,9,5,19,37.99,Ciorbe și Plăcinte,Tradițional,4.4,Mica,Sambata,Lenta (>45 min)
101318,2025-09-13 20:35:00,Timișoara,6,"['cartofi prăjiți', 'cola']",2,20.0,7.99,29.0,Cash,5.0,True,9,5,20,27.990000000000002,Grill House,Burgeri,4.0,Mica,Sambata,Rapida (≤30 min)
101319,2025-09-13 21:38:00,București,1,"['focaccia', 'pizza quattro formaggi', 'pizza margherita']",3,92.0,9.99,37.0,Cash,3.0,False,9,5,21,101.99,Pizza Napoli,Pizza,4.6,Medie,Sambata,Normala (31–45 min)
101320,2025-09-13 22:02:00,Cluj-Napoca,2,"['pizza margherita', 'cola']",2,40.0,9.99,12.0,Cash,4.2676493405740885,False,9,5,22,49.99,Forno Rustico,Pizza,4.3,Mica,Sambata,Rapida (≤30 min)
101321,2025-09-13 23:19:00,București,8,"['ceai verde', 'sushi mix 16 buc']",2,74.0,7.99,24.0,Card,5.0,False,9,5,23,81.99,Wok Express,Asiatic,4.0,Medie,Sambata,Rapida (≤30 min)
101322,2025-09-14 19:20:00,Cluj-Napoca,5,"['burger bbq', 'cola', 'cartofi prăjiți', 'onion rings']",4,76.0,12.99,40.0,Cash,4.2676493405740885,False,9,6,19,88.99,Smash Bros Burgers,Burgeri,4.7,Medie,Duminica,Normala (31–45 min)
101323,2025-09-14 21:31:00,Iași,12,"['limonadă', 'papanași', 'mici cu muștar (5 buc)']",3,66.0,12.99,23.0,Card,5.0,False,9,6,21,78.99,Hanul Bunicii,Tradițional,4.3,Medie,Duminica,Rapida (≤30 min)
101324,2025-09-15 18:26:00,București,18,['cartofi prăjiți'],1,12.0,7.99,29.0,Card,5.0,False,9,0,18,19.990000000000002,Kebab Istanbul,Fast-food,4.1,Mica,Luni,Rapida (≤30 min)
101325,2025-09-16 13:24:00,Cluj-Napoca,2,"['pizza diavola', 'pizza capricciosa']",2,80.0,9.99,27.0,Card,5.0,False,9,1,13,89.99,Forno Rustico,Pizza,4.3,Medie,Marti,Rapida (≤30 min)
101326,2025-09-16 20:37:00,București,3,"['pizza diavola', 'pizza capricciosa']",2,80.0,9.99,44.0,Card,5.0,True,9,1,20,89.99,Pizzeria Vesuvio,Pizza,4.1,Medie,Marti,Normala (31–45 min)
101327,2025-09-17 11:09:00,București,9,['ceai verde'],1,9.0,12.99,41.0,Card,4.0,False,9,2,11,21.990000000000002,Bangkok Street,Asiatic,4.2,Mica,Miercuri,Normala (31–45 min)
101328,2025-09-17 14:49:00,București,5,['cheeseburger'],1,37.0,9.99,33.0,Card,5.0,True,9,2,14,46.99,Smash Bros Burgers,Burgeri,4.7,Mica,Miercuri,Normala (31–45 min)
101329,2025-09-17 15:53:00,Brașov,6,['onion rings'],1,14.0,9.99,27.0,Card,4.2676493405740885,False,9,2,15,23.990000000000002,Grill House,Burgeri,4.0,Mica,Miercuri,Rapida (≤30 min)
101330,2025-09-17 16:26:00,Brașov,6,"['burger clasic', 'onion rings', 'burger bbq']",3,90.0,9.99,23.0,Cash,5.0,False,9,2,16,99.99,Grill House,Burgeri,4.0,Medie,Miercuri,Rapida (≤30 min)
101331,2025-09-17 17:34:00,Timișoara,6,"['cheeseburger', 'burger clasic']",2,71.0,12.99,31.518537859007832,Cash,4.2676493405740885,False,9,2,17,83.99,Grill House,Burgeri,4.0,Medie,Miercuri,Normala (31–45 min)
101332,2025-09-17 21:17:00,Cluj-Napoca,7,"['pad thai', 'sushi mix 16 buc', 'noodles cu pui']",3,142.0,0.0,46.0,Card,4.0,True,9,2,21,142.0,Sushi Zen,Asiatic,4.5,Mare,Miercuri,Lenta (>45 min)
101333,2025-09-18 14:42:00,București,14,"['salată caesar', 'bowl cu somon']",2,82.0,7.99,19.0,Card,5.0,True,9,3,14,89.99,Fresh & Fit,Healthy,4.1,Medie,Joi,Rapida (≤30 min)
101334,2025-09-18 19:16:00,București,16,['cafea'],1,10.0,7.99,57.0,Cash,5.0,True,9,3,19,17.990000000000002,Waffle Time,Desert,4.2,Mica,Joi,Lenta (>45 min)
101335,2025-09-18 19:31:00,Brașov,10,"['papanași', 'sarmale cu mămăligă', 'mici cu muștar (5 buc)']",3,90.0,9.99,48.0,Cash,3.0,True,9,3,19,99.99,La Mama Acasă,Tradițional,4.8,Medie,Joi,Lenta (>45 min)
101336,2025-09-18 20:53:00,București,11,"['mici cu muștar (5 buc)', 'șnițel cu piure']",2,68.0,9.99,31.0,Cash,5.0,True,9,3,20,77.99,Ciorbe și Plăcinte,Tradițional,4.4,Medie,Joi,Normala (31–45 min)
101337,2025-09-18 23:45:00,București,4,"['cheeseburger', 'milkshake']",2,54.0,7.99,23.0,Card,3.0,False,9,3,23,61.99,Burger Point,Burgeri,4.4,Medie,Joi,Rapida (≤30 min)
101338,2025-09-19 12:18:00,Iași,10,"['papanași', 'șnițel cu piure', 'mici cu muștar (5 buc)']",3,92.0,12.99,35.0,Card,4.0,True,9,4,12,104.99,La Mama Acasă,Tradițional,4.8,Medie,Vineri,Normala (31–45 min)
101339,2025-09-19 12:34:00,Brașov,12,"['mici cu muștar (5 buc)', 'sarmale cu mămăligă']",2,66.0,7.99,41.0,Card,4.2676493405740885,False,9,4,12,73.99,Hanul Bunicii,Tradițional,4.3,Medie,Vineri,Normala (31–45 min)
101340,2025-09-19 13:48:00,Timișoara,17,"['shaorma mare', 'cartofi prăjiți', 'ayran']",3,48.0,7.99,33.0,Cash,5.0,True,9,4,13,55.99,Shaorma King,Fast-food,3.9,Mica,Vineri,Normala (31–45 min)
101341,2025-09-19 13:50:00,Timișoara,14,"['bowl vegan', 'salată caesar', 'bowl cu somon']",3,121.0,0.0,32.0,Cash,5.0,False,9,4,13,121.0,Fresh & Fit,Healthy,4.1,Mare,Vineri,Normala (31–45 min)
101342,2025-09-19 14:09:00,Cluj-Napoca,8,"['sushi mix 16 buc', 'supă miso', 'ceai verde', 'pad thai']",4,130.0,0.0,22.0,Cash,5.0,False,9,4,14,130.0,Wok Express,Asiatic,4.0,Mare,Vineri,Rapida (≤30 min)
101343,2025-09-19 16:39:00,Cluj-Napoca,4,['cartofi prăjiți'],1,12.0,9.99,24.0,Card,5.0,False,9,4,16,21.990000000000002,Burger Point,Burgeri,4.4,Mica,Vineri,Rapida (≤30 min)
101344,2025-09-19 18:27:00,București,1,"['pizza diavola', 'tiramisu']",2,58.0,7.99,19.0,Card,5.0,True,9,4,18,65.99,Pizza Napoli,Pizza,4.6,Medie,Vineri,Rapida (≤30 min)
101345,2025-09-19 21:37:00,București,16,"['waffle cu fructe', 'clătite cu ciocolată']",2,47.0,9.99,39.0,Card,4.0,False,9,4,21,56.99,Waffle Time,Desert,4.2,Mica,Vineri,Normala (31–45 min)
101346,2025-09-19 22:38:00,București,2,"['pizza margherita', 'pizza capricciosa', 'tiramisu']",3,92.0,9.99,37.0,Card,4.2676493405740885,True,9,4,22,101.99,Forno Rustico,Pizza,4.3,Medie,Vineri,Normala (31–45 min)
101347,2025-09-20 11:38:00,București,3,"['pizza capricciosa', 'pizza quattro formaggi', 'pizza diavola']",3,122.0,0.0,25.0,Card,4.0,False,9,5,11,122.0,Pizzeria Vesuvio,Pizza,4.1,Mare,Sambata,Rapida (≤30 min)
101348,2025-09-20 12:36:00,București,16,"['înghețată', 'cheesecake']",2,38.0,7.99,33.0,Card,4.0,False,9,5,12,45.99,Waffle Time,Desert,4.2,Mica,Sambata,Normala (31–45 min)
101349,2025-09-20 18:43:00,Brașov,17,"['falafel wrap', 'shaorma mare']",2,54.0,7.99,26.0,Card,5.0,False,9,5,18,61.99,Shaorma King,Fast-food,3.9,Medie,Sambata,Rapida (≤30 min)
101350,2025-09-20 19:11:00,București,3,"['pizza quattro formaggi', 'pizza diavola']",2,81.0,7.99,43.0,Card,3.0,False,9,5,19,88.99,Pizzeria Vesuvio,Pizza,4.1,Medie,Sambata,Normala (31–45 min)
101351,2025-09-20 19:43:00,Brașov,9,"['sushi mix 16 buc', 'pad thai', 'ceai verde', 'noodles cu pui']",4,151.0,0.0,42.0,Card,5.0,False,9,5,19,151.0,Bangkok Street,Asiatic,4.2,Mare,Sambata,Normala (31–45 min)
101352,2025-09-20 19:47:00,Cluj-Napoca,4,"['cheeseburger', 'cola']",2,45.0,7.99,27.0,Cash,4.2676493405740885,False,9,5,19,52.99,Burger Point,Burgeri,4.4,Mica,Sambata,Rapida (≤30 min)
101353,2025-09-20 20:54:00,București,4,"['milkshake', 'cola']",2,25.0,7.99,32.0,Cash,4.0,False,9,5,20,32.99,Burger Point,Burgeri,4.4,Mica,Sambata,Normala (31–45 min)
101354,2025-09-20 23:23:00,Cluj-Napoca,12,"['șnițel cu piure', 'mici cu muștar (5 buc)', 'limonadă']",3,80.0,12.99,12.0,Cash,5.0,False,9,5,23,92.99,Hanul Bunicii,Tradițional,4.3,Medie,Sambata,Rapida (≤30 min)
101355,2025-09-21 11:31:00,București,8,['pad thai'],1,41.0,9.99,42.0,Card,4.2676493405740885,False,9,6,11,50.99,Wok Express,Asiatic,4.0,Mica,Duminica,Normala (31–45 min)
101356,2025-09-21 12:27:00,Cluj-Napoca,9,"['pad thai', 'sushi mix 16 buc', 'supă miso']",3,121.0,0.0,32.0,Card,4.2676493405740885,False,9,6,12,121.0,Bangkok Street,Asiatic,4.2,Mare,Duminica,Normala (31–45 min)
101357,2025-09-21 13:06:00,București,14,"['wrap cu pui', 'bowl vegan']",2,70.0,9.99,44.0,Cash,4.2676493405740885,False,9,6,13,79.99,Fresh & Fit,Healthy,4.1,Medie,Duminica,Normala (31–45 min)
101358,2025-09-21 13:15:00,Timișoara,12,"['sarmale cu mămăligă', 'papanași', 'șnițel cu piure', 'mici cu muștar (5 buc)']",4,128.0,0.0,35.0,Card,4.2676493405740885,True,9,6,13,128.0,Hanul Bunicii,Tradițional,4.3,Mare,Duminica,Normala (31–45 min)
101359,2025-09-21 14:05:00,București,18,"['cartofi prăjiți', 'kebab la farfurie']",2,47.0,12.99,27.0,Cash,4.2676493405740885,False,9,6,14,59.99,Kebab Istanbul,Fast-food,4.1,Mica,Duminica,Rapida (≤30 min)
101360,2025-09-21 17:55:00,Cluj-Napoca,1,"['pizza quattro formaggi', 'pizza diavola', 'focaccia']",3,99.0,7.99,20.0,Cash,4.2676493405740885,False,9,6,17,106.99,Pizza Napoli,Pizza,4.6,Medie,Duminica,Rapida (≤30 min)
101361,2025-09-21 21:49:00,București,5,"['milkshake', 'burger clasic', 'cola', 'cheeseburger']",4,96.0,7.99,24.0,Card,5.0,False,9,6,21,103.99,Smash Bros Burgers,Burgeri,4.7,Medie,Duminica,Rapida (≤30 min)
101362,2025-09-22 14:03:00,București,18,['falafel wrap'],1,25.0,9.99,33.0,Cash,4.0,True,9,0,14,34.99,Kebab Istanbul,Fast-food,4.1,Mica,Luni,Normala (31–45 min)
101363,2025-09-22 16:54:00,Iași,11,['limonadă'],1,12.0,9.99,38.0,Card,4.0,False,9,0,16,21.990000000000002,Ciorbe și Plăcinte,Tradițional,4.4,Mica,Luni,Normala (31–45 min)
101364,2025-09-22 18:53:00,Cluj-Napoca,10,"['sarmale cu mămăligă', 'ciorbă de burtă']",2,58.0,7.99,26.0,Card,4.2676493405740885,True,9,0,18,65.99,La Mama Acasă,Tradițional,4.8,Medie,Luni,Rapida (≤30 min)
101365,2025-09-22 19:19:00,București,1,['pizza margherita'],1,32.0,7.99,36.0,Card,5.0,True,9,0,19,39.99,Pizza Napoli,Pizza,4.6,Mica,Luni,Normala (31–45 min)
101366,2025-09-22 22:22:00,București,18,['shaorma mare'],1,29.0,7.99,21.0,Card,4.2676493405740885,False,9,0,22,36.99,Kebab Istanbul,Fast-food,4.1,Mica,Luni,Rapida (≤30 min)
101367,2025-09-23 15:15:00,București,2,"['pizza quattro formaggi', 'pizza diavola', 'focaccia', 'pizza margherita']",4,131.0,0.0,27.0,Card,5.0,False,9,1,15,131.0,Forno Rustico,Pizza,4.3,Mare,Marti,Rapida (≤30 min)
101368,2025-09-23 22:27:00,Iași,6,"['cheeseburger', 'onion rings', 'milkshake', 'cola']",4,76.0,7.99,27.0,Card,4.0,False,9,1,22,83.99,Grill House,Burgeri,4.0,Medie,Marti,Rapida (≤30 min)
101369,2025-09-24 13:47:00,București,13,"['bowl cu somon', 'salată caesar']",2,82.0,7.99,38.0,Card,5.0,True,9,2,13,89.99,Green Bowl,Healthy,4.5,Medie,Miercuri,Normala (31–45 min)
101370,2025-09-24 13:48:00,Cluj-Napoca,5,"['cheeseburger', 'cola']",2,45.0,12.99,32.0,Cash,4.2676493405740885,True,9,2,13,57.99,Smash Bros Burgers,Burgeri,4.7,Mica,Miercuri,Normala (31–45 min)
101371,2025-09-24 16:38:00,Cluj-Napoca,7,"['supă miso', 'california roll', 'ceai verde']",3,62.0,9.99,24.0,Card,5.0,True,9,2,16,71.99,Sushi Zen,Asiatic,4.5,Medie,Miercuri,Rapida (≤30 min)
101372,2025-09-24 18:43:00,Cluj-Napoca,16,"['papanași', 'clătite cu ciocolată', 'cheesecake']",3,68.0,12.99,14.0,Card,4.0,False,9,2,18,80.99,Waffle Time,Desert,4.2,Medie,Miercuri,Rapida (≤30 min)
101373,2025-09-24 18:53:00,Timișoara,2,['focaccia'],1,18.0,9.99,35.0,Card,4.2676493405740885,True,9,2,18,27.990000000000002,Forno Rustico,Pizza,4.3,Mica,Miercuri,Normala (31–45 min)
101374,2025-09-24 19:45:00,București,11,"['sarmale cu mămăligă', 'mici cu muștar (5 buc)']",2,66.0,7.99,43.0,Card,4.0,False,9,2,19,73.99,Ciorbe și Plăcinte,Tradițional,4.4,Medie,Miercuri,Normala (31–45 min)
101375,2025-09-25 13:13:00,București,13,"['bowl cu somon', 'salată caesar', 'apă plată']",3,88.0,7.99,33.0,Card,5.0,True,9,3,13,95.99,Green Bowl,Healthy,4.5,Medie,Joi,Normala (31–45 min)
101376,2025-09-25 14:18:00,Iași,1,"['pizza margherita', 'pizza capricciosa']",2,73.0,9.99,16.0,Card,4.0,False,9,3,14,82.99,Pizza Napoli,Pizza,4.6,Medie,Joi,Rapida (≤30 min)
101377,2025-09-25 18:33:00,București,10,['șnițel cu piure'],1,38.0,9.99,29.0,Card,4.2676493405740885,False,9,3,18,47.99,La Mama Acasă,Tradițional,4.8,Mica,Joi,Rapida (≤30 min)
101378,2025-09-25 19:38:00,Brașov,2,['pizza capricciosa'],1,41.0,7.99,39.0,Cash,4.2676493405740885,False,9,3,19,48.99,Forno Rustico,Pizza,4.3,Mica,Joi,Normala (31–45 min)
101379,2025-09-25 20:20:00,Brașov,18,"['kebab la farfurie', 'ayran', 'cartofi prăjiți', 'falafel wrap']",4,79.0,7.99,20.0,Cash,4.2676493405740885,True,9,3,20,86.99,Kebab Istanbul,Fast-food,4.1,Medie,Joi,Rapida (≤30 min)
101380,2025-09-25 20:21:00,București,10,"['șnițel cu piure', 'mici cu muștar (5 buc)', 'ciorbă de burtă']",3,90.0,9.99,37.0,Cash,4.2676493405740885,False,9,3,20,99.99,La Mama Acasă,Tradițional,4.8,Medie,Joi,Normala (31–45 min)
101381,2025-09-25 20:27:00,Timișoara,5,"['onion rings', 'cartofi prăjiți', 'cheeseburger', 'burger clasic']",4,97.0,12.99,28.0,Card,4.2676493405740885,False,9,3,20,109.99,Smash Bros Burgers,Burgeri,4.7,Medie,Joi,Rapida (≤30 min)
101382,2025-09-25 23:58:00,Timișoara,17,"['cartofi prăjiți', 'falafel wrap']",2,37.0,7.99,15.0,Card,4.0,False,9,3,23,44.99,Shaorma King,Fast-food,3.9,Mica,Joi,Rapida (≤30 min)
101383,2025-09-26 13:04:00,Timișoara,12,"['ciorbă de burtă', 'papanași', 'șnițel cu piure', 'limonadă']",4,96.0,9.99,34.0,Card,4.0,True,9,4,13,105.99,Hanul Bunicii,Tradițional,4.3,Medie,Vineri,Normala (31–45 min)
101384,2025-09-26 13:35:00,Iași,4,['cartofi prăjiți'],1,12.0,12.99,22.0,Card,4.2676493405740885,False,9,4,13,24.990000000000002,Burger Point,Burgeri,4.4,Mica,Vineri,Rapida (≤30 min)
101385,2025-09-26 14:27:00,Iași,3,"['cola', 'pizza capricciosa']",2,49.0,7.99,33.0,Card,4.2676493405740885,False,9,4,14,56.99,Pizzeria Vesuvio,Pizza,4.1,Mica,Vineri,Normala (31–45 min)
101386,2025-09-26 14:37:00,Iași,10,"['ciorbă de burtă', 'limonadă', 'papanași']",3,58.0,9.99,30.0,Card,5.0,True,9,4,14,67.99,La Mama Acasă,Tradițional,4.8,Medie,Vineri,Rapida (≤30 min)
101387,2025-09-26 14:57:00,Cluj-Napoca,14,"['wrap cu pui', 'apă plată', 'smoothie']",3,55.0,12.99,17.0,Card,4.0,True,9,4,14,67.99,Fresh & Fit,Healthy,4.1,Medie,Vineri,Rapida (≤30 min)
101388,2025-09-26 18:54:00,București,4,"['cheeseburger', 'burger clasic']",2,71.0,9.99,47.0,Card,4.0,True,9,4,18,80.99,Burger Point,Burgeri,4.4,Medie,Vineri,Lenta (>45 min)
101389,2025-09-26 19:39:00,Timișoara,8,"['noodles cu pui', 'ceai verde', 'sushi mix 16 buc']",3,110.0,0.0,29.0,Cash,5.0,True,9,4,19,110.0,Wok Express,Asiatic,4.0,Mare,Vineri,Rapida (≤30 min)
101390,2025-09-26 20:54:00,București,16,"['cafea', 'clătite cu ciocolată', 'papanași', 'waffle cu fructe']",4,81.0,7.99,39.0,Cash,5.0,False,9,4,20,88.99,Waffle Time,Desert,4.2,Medie,Vineri,Normala (31–45 min)
101391,2025-09-26 23:10:00,București,12,"['mici cu muștar (5 buc)', 'ciorbă de burtă', 'papanași', 'sarmale cu mămăligă']",4,112.0,0.0,41.0,Card,4.0,False,9,4,23,112.0,Hanul Bunicii,Tradițional,4.3,Mare,Vineri,Normala (31–45 min)
101392,2025-09-27 10:34:00,Timișoara,2,"['pizza margherita', 'pizza quattro formaggi', 'focaccia', 'tiramisu']",4,111.0,0.0,12.0,Card,4.2676493405740885,False,9,5,10,111.0,Forno Rustico,Pizza,4.3,Mare,Sambata,Rapida (≤30 min)
101393,2025-09-27 12:28:00,București,1,"['pizza quattro formaggi', 'pizza capricciosa', 'tiramisu']",3,102.0,0.0,38.0,Cash,4.2676493405740885,True,9,5,12,102.0,Pizza Napoli,Pizza,4.6,Mare,Sambata,Normala (31–45 min)
101394,2025-09-27 13:15:00,Timișoara,8,['supă miso'],1,15.0,9.99,37.0,Cash,4.0,True,9,5,13,24.990000000000002,Wok Express,Asiatic,4.0,Mica,Sambata,Normala (31–45 min)
101395,2025-09-27 15:00:00,București,10,['sarmale cu mămăligă'],1,36.0,7.99,54.0,Card,4.0,False,9,5,15,43.99,La Mama Acasă,Tradițional,4.8,Mica,Sambata,Lenta (>45 min)
101396,2025-09-27 17:46:00,București,18,"['kebab la farfurie', 'shaorma mare']",2,64.0,12.99,31.0,Card,5.0,True,9,5,17,76.99,Kebab Istanbul,Fast-food,4.1,Medie,Sambata,Normala (31–45 min)
101397,2025-09-28 10:01:00,București,6,"['milkshake', 'burger clasic']",2,51.0,12.99,27.0,Card,4.2676493405740885,True,9,6,10,63.99,Grill House,Burgeri,4.0,Medie,Duminica,Rapida (≤30 min)
101398,2025-09-28 13:37:00,București,2,"['focaccia', 'pizza capricciosa']",2,59.0,7.99,49.0,Card,4.0,False,9,6,13,66.99,Forno Rustico,Pizza,4.3,Medie,Duminica,Lenta (>45 min)
101399,2025-09-28 14:07:00,București,13,"['salată caesar', 'smoothie']",2,52.0,7.99,38.0,Card,4.2676493405740885,False,9,6,14,59.99,Green Bowl,Healthy,4.5,Medie,Duminica,Normala (31–45 min)
101400,2025-09-28 17:45:00,Timișoara,3,"['tiramisu', 'pizza quattro formaggi', 'focaccia']",3,79.0,9.99,37.0,Card,4.0,False,9,6,17,88.99,Pizzeria Vesuvio,Pizza,4.1,Medie,Duminica,Normala (31–45 min)
101401,2025-09-28 19:22:00,București,2,"['cola', 'pizza quattro formaggi']",2,50.0,7.99,38.0,Card,4.2676493405740885,False,9,6,19,57.99,Forno Rustico,Pizza,4.3,Medie,Duminica,Normala (31–45 min)
101402,2025-09-29 11:38:00,Iași,12,"['șnițel cu piure', 'mici cu muștar (5 buc)']",2,68.0,9.99,31.0,Card,4.0,False,9,0,11,77.99,Hanul Bunicii,Tradițional,4.3,Medie,Luni,Normala (31–45 min)
101403,2025-09-29 13:13:00,București,16,['cheesecake'],1,23.0,12.99,30.0,Card,4.2676493405740885,False,9,0,13,35.99,Waffle Time,Desert,4.2,Mica,Luni,Rapida (≤30 min)
101404,2025-09-29 14:20:00,Brașov,6,['onion rings'],1,14.0,12.99,21.0,Card,5.0,False,9,0,14,26.990000000000002,Grill House,Burgeri,4.0,Mica,Luni,Rapida (≤30 min)
101405,2025-09-29 15:21:00,Cluj-Napoca,4,"['cheeseburger', 'burger clasic', 'milkshake']",3,88.0,7.99,25.0,Card,4.0,True,9,0,15,95.99,Burger Point,Burgeri,4.4,Medie,Luni,Rapida (≤30 min)
101406,2025-09-29 18:52:00,București,11,['ciorbă de burtă'],1,22.0,9.99,33.0,Card,4.2676493405740885,False,9,0,18,31.990000000000002,Ciorbe și Plăcinte,Tradițional,4.4,Mica,Luni,Normala (31–45 min)
101407,2025-09-29 18:56:00,București,6,"['burger bbq', 'burger clasic', 'cheeseburger']",3,113.0,0.0,36.0,Cash,4.2676493405740885,True,9,0,18,113.0,Grill House,Burgeri,4.0,Mare,Luni,Normala (31–45 min)
101408,2025-09-29 20:28:00,Timișoara,9,['california roll'],1,38.0,7.99,32.0,Cash,4.2676493405740885,False,9,0,20,45.99,Bangkok Street,Asiatic,4.2,Mica,Luni,Normala (31–45 min)
101409,2025-09-29 20:31:00,București,12,['limonadă'],1,12.0,12.99,55.0,Card,3.0,False,9,0,20,24.990000000000002,Hanul Bunicii,Tradițional,4.3,Mica,Luni,Lenta (>45 min)
101410,2025-09-30 12:21:00,Cluj-Napoca,17,"['shaorma medie', 'kebab la farfurie', 'ayran']",3,66.0,9.99,27.0,Card,4.0,False,9,1,12,75.99,Shaorma King,Fast-food,3.9,Medie,Marti,Rapida (≤30 min)
101411,2025-09-30 13:07:00,Cluj-Napoca,2,"['pizza capricciosa', 'cola', 'pizza margherita', 'tiramisu']",4,100.0,0.0,40.0,Card,4.2676493405740885,False,9,1,13,100.0,Forno Rustico,Pizza,4.3,Mare,Marti,Normala (31–45 min)
101412,2025-09-30 16:31:00,București,5,['burger bbq'],1,42.0,7.99,23.0,Card,4.0,True,9,1,16,49.99,Smash Bros Burgers,Burgeri,4.7,Mica,Marti,Rapida (≤30 min)
101413,2025-09-30 19:08:00,Cluj-Napoca,1,"['tiramisu', 'pizza capricciosa', 'pizza quattro formaggi', 'pizza margherita']",4,134.0,0.0,23.0,Cash,5.0,False,9,1,19,134.0,Pizza Napoli,Pizza,4.6,Mare,Marti,Rapida (≤30 min)
101414,2025-10-01 11:19:00,București,9,"['pad thai', 'supă miso', 'california roll']",3,94.0,9.99,27.0,Card,4.2676493405740885,True,10,2,11,103.99,Bangkok Street,Asiatic,4.2,Medie,Miercuri,Rapida (≤30 min)
101415,2025-10-01 18:39:00,Timișoara,2,"['tiramisu', 'pizza capricciosa']",2,60.0,7.99,20.0,Card,4.0,False,10,2,18,67.99,Forno Rustico,Pizza,4.3,Medie,Miercuri,Rapida (≤30 min)
101416,2025-10-01 21:08:00,București,16,"['clătite cu ciocolată', 'cheesecake']",2,44.0,7.99,41.0,Card,3.0,True,10,2,21,51.99,Waffle Time,Desert,4.2,Mica,Miercuri,Normala (31–45 min)
101417,2025-10-02 13:57:00,Timișoara,14,"['bowl cu somon', 'bowl vegan', 'wrap cu pui', 'salată caesar']",4,152.0,0.0,32.0,Card,4.2676493405740885,False,10,3,13,152.0,Fresh & Fit,Healthy,4.1,Mare,Joi,Normala (31–45 min)
101418,2025-10-02 17:56:00,București,7,"['california roll', 'noodles cu pui']",2,74.0,7.99,40.0,Card,3.0,True,10,3,17,81.99,Sushi Zen,Asiatic,4.5,Medie,Joi,Normala (31–45 min)
101419,2025-10-02 20:43:00,Timișoara,8,"['pad thai', 'california roll']",2,79.0,9.99,33.0,Card,4.2676493405740885,False,10,3,20,88.99,Wok Express,Asiatic,4.0,Medie,Joi,Normala (31–45 min)
101420,2025-10-03 11:28:00,București,6,"['burger clasic', 'milkshake']",2,51.0,12.99,35.0,Card,4.0,False,10,4,11,63.99,Grill House,Burgeri,4.0,Medie,Vineri,Normala (31–45 min)
101421,2025-10-03 12:00:00,Cluj-Napoca,18,"['kebab la farfurie', 'falafel wrap']",2,60.0,7.99,31.0,Card,4.2676493405740885,False,10,4,12,67.99,Kebab Istanbul,Fast-food,4.1,Medie,Vineri,Normala (31–45 min)
101422,2025-10-03 12:50:00,București,16,['waffle cu fructe'],1,26.0,9.99,39.0,Card,4.0,False,10,4,12,35.99,Waffle Time,Desert,4.2,Mica,Vineri,Normala (31–45 min)
101423,2025-10-03 15:04:00,Iași,18,['shaorma medie'],1,24.0,7.99,21.0,Card,4.2676493405740885,False,10,4,15,31.990000000000002,Kebab Istanbul,Fast-food,4.1,Mica,Vineri,Rapida (≤30 min)
101424,2025-10-03 15:22:00,Timișoara,3,['focaccia'],1,18.0,9.99,26.0,Card,5.0,False,10,4,15,27.990000000000002,Pizzeria Vesuvio,Pizza,4.1,Mica,Vineri,Rapida (≤30 min)
101425,2025-10-03 17:41:00,Cluj-Napoca,7,"['supă miso', 'ceai verde', 'noodles cu pui']",3,60.0,7.99,12.0,Card,4.0,False,10,4,17,67.99,Sushi Zen,Asiatic,4.5,Medie,Vineri,Rapida (≤30 min)
101426,2025-10-03 18:00:00,București,8,"['supă miso', 'noodles cu pui']",2,51.0,7.99,39.0,Cash,4.0,False,10,4,18,58.99,Wok Express,Asiatic,4.0,Medie,Vineri,Normala (31–45 min)
101427,2025-10-03 19:03:00,Cluj-Napoca,7,['ceai verde'],1,9.0,9.99,30.0,Card,4.0,True,10,4,19,18.990000000000002,Sushi Zen,Asiatic,4.5,Mica,Vineri,Rapida (≤30 min)
101428,2025-10-03 20:08:00,Cluj-Napoca,13,"['bowl vegan', 'apă plată']",2,45.0,9.99,28.0,Cash,4.2676493405740885,False,10,4,20,54.99,Green Bowl,Healthy,4.5,Mica,Vineri,Rapida (≤30 min)
101429,2025-10-03 22:02:00,Brașov,6,"['cola', 'burger clasic']",2,42.0,9.99,16.0,Cash,4.0,True,10,4,22,51.99,Grill House,Burgeri,4.0,Mica,Vineri,Rapida (≤30 min)
101430,2025-10-04 18:20:00,Cluj-Napoca,4,"['milkshake', 'onion rings', 'cola']",3,39.0,12.99,14.0,Card,5.0,False,10,5,18,51.99,Burger Point,Burgeri,4.4,Mica,Sambata,Rapida (≤30 min)
101431,2025-10-04 19:03:00,Cluj-Napoca,9,"['supă miso', 'ceai verde']",2,24.0,7.99,41.0,Card,4.2676493405740885,False,10,5,19,31.990000000000002,Bangkok Street,Asiatic,4.2,Mica,Sambata,Normala (31–45 min)
101432,2025-10-04 19:34:00,București,18,"['kebab la farfurie', 'shaorma medie']",2,59.0,12.99,32.0,Cash,4.0,False,10,5,19,71.99,Kebab Istanbul,Fast-food,4.1,Medie,Sambata,Normala (31–45 min)
101433,2025-10-04 23:50:00,Cluj-Napoca,15,['papanași'],1,24.0,9.99,19.0,Card,4.2676493405740885,False,10,5,23,33.99,Dulce Cofetărie,Desert,4.6,Mica,Sambata,Rapida (≤30 min)
101434,2025-10-05 14:52:00,Brașov,4,['onion rings'],1,14.0,7.99,21.0,Cash,5.0,False,10,6,14,21.990000000000002,Burger Point,Burgeri,4.4,Mica,Duminica,Rapida (≤30 min)
101435,2025-10-05 15:03:00,București,4,"['milkshake', 'burger clasic', 'cartofi prăjiți']",3,63.0,9.99,25.0,Cash,4.0,False,10,6,15,72.99,Burger Point,Burgeri,4.4,Medie,Duminica,Rapida (≤30 min)
101436,2025-10-05 15:20:00,București,11,"['papanași', 'sarmale cu mămăligă']",2,60.0,9.99,47.0,Card,4.2676493405740885,True,10,6,15,69.99,Ciorbe și Plăcinte,Tradițional,4.4,Medie,Duminica,Lenta (>45 min)
101437,2025-10-05 20:01:00,București,11,"['șnițel cu piure', 'papanași']",2,62.0,9.99,42.0,Card,4.2676493405740885,False,10,6,20,71.99,Ciorbe și Plăcinte,Tradițional,4.4,Medie,Duminica,Normala (31–45 min)
101438,2025-10-06 12:47:00,București,7,"['pad thai', 'ceai verde']",2,50.0,9.99,41.0,Card,3.0,False,10,0,12,59.99,Sushi Zen,Asiatic,4.5,Medie,Luni,Normala (31–45 min)
101439,2025-10-06 17:26:00,Cluj-Napoca,12,"['ciorbă de burtă', 'limonadă']",2,34.0,12.99,23.0,Card,4.0,False,10,0,17,46.99,Hanul Bunicii,Tradițional,4.3,Mica,Luni,Rapida (≤30 min)
101440,2025-10-06 20:11:00,București,4,"['cheeseburger', 'onion rings']",2,51.0,12.99,30.0,Card,5.0,False,10,0,20,63.99,Burger Point,Burgeri,4.4,Medie,Luni,Rapida (≤30 min)
101441,2025-10-07 12:28:00,Brașov,5,['cartofi prăjiți'],1,12.0,7.99,39.0,Card,4.0,False,10,1,12,19.990000000000002,Smash Bros Burgers,Burgeri,4.7,Mica,Marti,Normala (31–45 min)
101442,2025-10-07 12:59:00,București,10,"['limonadă', 'papanași']",2,36.0,9.99,40.0,Card,4.0,True,10,1,12,45.99,La Mama Acasă,Tradițional,4.8,Mica,Marti,Normala (31–45 min)
101443,2025-10-07 14:01:00,Timișoara,3,"['tiramisu', 'pizza quattro formaggi', 'pizza margherita']",3,93.0,9.99,25.0,Cash,5.0,False,10,1,14,102.99,Pizzeria Vesuvio,Pizza,4.1,Medie,Marti,Rapida (≤30 min)
101444,2025-10-07 22:23:00,București,13,"['smoothie', 'salată caesar', 'bowl vegan']",3,91.0,9.99,38.0,Cash,4.0,False,10,1,22,100.99,Green Bowl,Healthy,4.5,Medie,Marti,Normala (31–45 min)
101445,2025-10-08 12:03:00,Brașov,12,['sarmale cu mămăligă'],1,36.0,7.99,30.0,Cash,4.0,False,10,2,12,43.99,Hanul Bunicii,Tradițional,4.3,Mica,Miercuri,Rapida (≤30 min)
101446,2025-10-08 14:51:00,București,4,"['milkshake', 'onion rings', 'burger bbq']",3,73.0,7.99,32.0,Card,4.0,False,10,2,14,80.99,Burger Point,Burgeri,4.4,Medie,Miercuri,Normala (31–45 min)
101447,2025-10-08 20:47:00,Cluj-Napoca,5,"['milkshake', 'cola', 'cartofi prăjiți']",3,37.0,9.99,33.0,Card,4.2676493405740885,False,10,2,20,46.99,Smash Bros Burgers,Burgeri,4.7,Mica,Miercuri,Normala (31–45 min)
101448,2025-10-08 22:13:00,Timișoara,13,"['wrap cu pui', 'smoothie', 'bowl vegan']",3,88.0,9.99,18.0,Card,4.2676493405740885,False,10,2,22,97.99,Green Bowl,Healthy,4.5,Medie,Miercuri,Rapida (≤30 min)
101449,2025-10-09 11:29:00,București,7,"['noodles cu pui', 'pad thai']",2,77.0,7.99,51.0,Card,3.0,True,10,3,11,84.99,Sushi Zen,Asiatic,4.5,Medie,Joi,Lenta (>45 min)
101450,2025-10-09 13:48:00,București,15,['cafea'],1,10.0,7.99,34.0,Card,4.0,False,10,3,13,17.990000000000002,Dulce Cofetărie,Desert,4.6,Mica,Joi,Normala (31–45 min)
101451,2025-10-09 15:54:00,București,12,"['mici cu muștar (5 buc)', 'sarmale cu mămăligă', 'limonadă']",3,78.0,9.99,35.0,Cash,4.0,False,10,3,15,87.99,Hanul Bunicii,Tradițional,4.3,Medie,Joi,Normala (31–45 min)
101452,2025-10-09 16:25:00,București,9,"['noodles cu pui', 'california roll', 'pad thai', 'supă miso']",4,130.0,0.0,41.0,Card,3.0,False,10,3,16,130.0,Bangkok Street,Asiatic,4.2,Mare,Joi,Normala (31–45 min)
101453,2025-10-10 13:38:00,București,18,"['shaorma mare', 'shaorma medie']",2,53.0,7.99,47.0,Card,3.0,True,10,4,13,60.99,Kebab Istanbul,Fast-food,4.1,Medie,Vineri,Lenta (>45 min)
101454,2025-10-10 13:56:00,Iași,3,"['pizza diavola', 'focaccia']",2,57.0,7.99,31.0,Card,4.0,True,10,4,13,64.99,Pizzeria Vesuvio,Pizza,4.1,Medie,Vineri,Normala (31–45 min)
101455,2025-10-10 19:05:00,București,3,"['pizza margherita', 'pizza quattro formaggi', 'pizza diavola']",3,113.0,0.0,29.0,Card,5.0,False,10,4,19,113.0,Pizzeria Vesuvio,Pizza,4.1,Mare,Vineri,Rapida (≤30 min)
101456,2025-10-10 20:41:00,București,15,"['cafea', 'cheesecake', 'înghețată']",3,48.0,12.99,32.0,Card,4.2676493405740885,True,10,4,20,60.99,Dulce Cofetărie,Desert,4.6,Mica,Vineri,Normala (31–45 min)
101457,2025-10-10 20:53:00,Cluj-Napoca,1,"['focaccia', 'pizza quattro formaggi']",2,60.0,12.99,37.0,Card,3.0,True,10,4,20,72.99,Pizza Napoli,Pizza,4.6,Medie,Vineri,Normala (31–45 min)
101458,2025-10-10 21:30:00,București,12,"['sarmale cu mămăligă', 'mici cu muștar (5 buc)', 'ciorbă de burtă']",3,88.0,7.99,36.0,Card,4.0,False,10,4,21,95.99,Hanul Bunicii,Tradițional,4.3,Medie,Vineri,Normala (31–45 min)
101459,2025-10-11 12:17:00,București,18,['kebab la farfurie'],1,35.0,9.99,36.0,Cash,4.2676493405740885,False,10,5,12,44.99,Kebab Istanbul,Fast-food,4.1,Mica,Sambata,Normala (31–45 min)
101460,2025-10-11 12:36:00,Brașov,2,"['tiramisu', 'pizza quattro formaggi']",2,61.0,7.99,33.0,Cash,4.0,True,10,5,12,68.99,Forno Rustico,Pizza,4.3,Medie,Sambata,Normala (31–45 min)
101461,2025-10-11 13:52:00,Brașov,17,['cartofi prăjiți'],1,12.0,9.99,29.0,Cash,5.0,False,10,5,13,21.990000000000002,Shaorma King,Fast-food,3.9,Mica,Sambata,Rapida (≤30 min)
101462,2025-10-11 17:23:00,Timișoara,4,"['cheeseburger', 'cola']",2,45.0,7.99,25.0,Cash,4.0,False,10,5,17,52.99,Burger Point,Burgeri,4.4,Mica,Sambata,Rapida (≤30 min)
101463,2025-10-11 18:26:00,Iași,10,"['papanași', 'mici cu muștar (5 buc)']",2,54.0,7.99,22.0,Cash,5.0,False,10,5,18,61.99,La Mama Acasă,Tradițional,4.8,Medie,Sambata,Rapida (≤30 min)
101464,2025-10-11 19:16:00,București,15,['waffle cu fructe'],1,26.0,9.99,47.0,Cash,3.0,False,10,5,19,35.99,Dulce Cofetărie,Desert,4.6,Mica,Sambata,Lenta (>45 min)
101465,2025-10-11 19:54:00,București,18,"['ayran', 'shaorma mare', 'falafel wrap']",3,61.0,7.99,38.0,Card,4.2676493405740885,False,10,5,19,68.99,Kebab Istanbul,Fast-food,4.1,Medie,Sambata,Normala (31–45 min)
101466,2025-10-11 20:01:00,București,12,['șnițel cu piure'],1,38.0,9.99,38.0,Cash,4.0,False,10,5,20,47.99,Hanul Bunicii,Tradițional,4.3,Mica,Sambata,Normala (31–45 min)
101467,2025-10-11 20:10:00,Timișoara,12,['limonadă'],1,12.0,9.99,27.0,Card,4.2676493405740885,False,10,5,20,21.990000000000002,Hanul Bunicii,Tradițional,4.3,Mica,Sambata,Rapida (≤30 min)
101468,2025-10-11 21:33:00,Iași,1,"['tiramisu', 'pizza capricciosa', 'focaccia']",3,78.0,7.99,28.0,Card,4.0,False,10,5,21,85.99,Pizza Napoli,Pizza,4.6,Medie,Sambata,Rapida (≤30 min)
101469,2025-10-12 13:49:00,Cluj-Napoca,18,"['shaorma medie', 'falafel wrap', 'cartofi prăjiți', 'ayran']",4,68.0,7.99,29.0,Card,5.0,False,10,6,13,75.99,Kebab Istanbul,Fast-food,4.1,Medie,Duminica,Rapida (≤30 min)
101470,2025-10-12 16:11:00,Timișoara,2,"['pizza diavola', 'cola']",2,47.0,9.99,20.0,Card,5.0,False,10,6,16,56.99,Forno Rustico,Pizza,4.3,Mica,Duminica,Rapida (≤30 min)
101471,2025-10-12 17:27:00,București,14,"['bowl vegan', 'bowl cu somon']",2,87.0,12.99,36.0,Card,4.0,False,10,6,17,99.99,Fresh & Fit,Healthy,4.1,Medie,Duminica,Normala (31–45 min)
101472,2025-10-12 20:57:00,Brașov,11,"['papanași', 'limonadă', 'ciorbă de burtă']",3,58.0,12.99,32.0,Card,4.0,False,10,6,20,70.99,Ciorbe și Plăcinte,Tradițional,4.4,Medie,Duminica,Normala (31–45 min)
101473,2025-10-12 23:16:00,București,18,['cartofi prăjiți'],1,12.0,12.99,41.0,Card,4.2676493405740885,False,10,6,23,24.990000000000002,Kebab Istanbul,Fast-food,4.1,Mica,Duminica,Normala (31–45 min)
101474,2025-10-13 15:14:00,Timișoara,6,"['milkshake', 'cheeseburger']",2,54.0,9.99,14.0,Card,4.2676493405740885,True,10,0,15,63.99,Grill House,Burgeri,4.0,Medie,Luni,Rapida (≤30 min)
101475,2025-10-13 16:44:00,București,10,['limonadă'],1,12.0,9.99,19.0,Card,4.0,False,10,0,16,21.990000000000002,La Mama Acasă,Tradițional,4.8,Mica,Luni,Rapida (≤30 min)
101476,2025-10-13 19:20:00,București,15,['papanași'],1,24.0,12.99,25.0,Card,4.0,False,10,0,19,36.99,Dulce Cofetărie,Desert,4.6,Mica,Luni,Rapida (≤30 min)
101477,2025-10-13 23:20:00,București,15,"['înghețată', 'cheesecake', 'clătite cu ciocolată']",3,59.0,7.99,26.0,Card,5.0,False,10,0,23,66.99,Dulce Cofetărie,Desert,4.6,Medie,Luni,Rapida (≤30 min)
101478,2025-10-14 10:45:00,Cluj-Napoca,14,"['salată caesar', 'apă plată', 'bowl cu somon']",3,88.0,9.99,20.0,Card,4.2676493405740885,True,10,1,10,97.99,Fresh & Fit,Healthy,4.1,Medie,Marti,Rapida (≤30 min)
101479,2025-10-14 12:25:00,Iași,9,['pad thai'],1,41.0,9.99,31.0,Card,4.0,False,10,1,12,50.99,Bangkok Street,Asiatic,4.2,Mica,Marti,Normala (31–45 min)
101480,2025-10-14 12:45:00,București,5,"['cola', 'onion rings']",2,22.0,9.99,55.0,Cash,3.0,False,10,1,12,31.990000000000002,Smash Bros Burgers,Burgeri,4.7,Mica,Marti,Lenta (>45 min)
101481,2025-10-14 20:17:00,Brașov,4,['milkshake'],1,17.0,9.99,30.0,Cash,3.0,False,10,1,20,26.990000000000002,Burger Point,Burgeri,4.4,Mica,Marti,Rapida (≤30 min)
101482,2025-10-14 23:32:00,Iași,2,"['cola', 'pizza capricciosa', 'tiramisu', 'pizza quattro formaggi']",4,110.0,0.0,24.0,Card,5.0,False,10,1,23,110.0,Forno Rustico,Pizza,4.3,Mare,Marti,Rapida (≤30 min)
101483,2025-10-15 16:46:00,București,4,"['milkshake', 'burger bbq']",2,59.0,9.99,28.0,Cash,4.0,False,10,2,16,68.99,Burger Point,Burgeri,4.4,Medie,Miercuri,Rapida (≤30 min)
101484,2025-10-15 19:21:00,Cluj-Napoca,8,"['pad thai', 'noodles cu pui', 'sushi mix 16 buc']",3,142.0,0.0,29.0,Cash,5.0,False,10,2,19,142.0,Wok Express,Asiatic,4.0,Mare,Miercuri,Rapida (≤30 min)
101485,2025-10-15 21:04:00,Brașov,8,"['supă miso', 'sushi mix 16 buc', 'noodles cu pui', 'ceai verde']",4,125.0,0.0,33.0,Card,3.0,True,10,2,21,125.0,Wok Express,Asiatic,4.0,Mare,Miercuri,Normala (31–45 min)
101486,2025-10-15 21:46:00,București,9,"['noodles cu pui', 'california roll', 'pad thai', 'supă miso']",4,130.0,0.0,44.0,Card,4.0,False,10,2,21,130.0,Bangkok Street,Asiatic,4.2,Mare,Miercuri,Normala (31–45 min)
101487,2025-10-16 12:17:00,București,4,"['cartofi prăjiți', 'cola', 'cheeseburger']",3,57.0,12.99,28.0,Cash,5.0,False,10,3,12,69.99,Burger Point,Burgeri,4.4,Medie,Joi,Rapida (≤30 min)
101488,2025-10-16 13:46:00,Cluj-Napoca,3,"['pizza diavola', 'pizza quattro formaggi']",2,81.0,9.99,39.0,Card,4.0,False,10,3,13,90.99,Pizzeria Vesuvio,Pizza,4.1,Medie,Joi,Normala (31–45 min)
101489,2025-10-16 14:44:00,București,3,"['pizza quattro formaggi', 'pizza diavola']",2,81.0,9.99,30.0,Cash,4.2676493405740885,False,10,3,14,90.99,Pizzeria Vesuvio,Pizza,4.1,Medie,Joi,Rapida (≤30 min)
101490,2025-10-16 19:36:00,București,4,"['burger bbq', 'onion rings', 'cola']",3,64.0,7.99,29.0,Cash,4.2676493405740885,True,10,3,19,71.99,Burger Point,Burgeri,4.4,Medie,Joi,Rapida (≤30 min)
101491,2025-10-17 11:18:00,București,1,"['tiramisu', 'cola', 'pizza diavola']",3,66.0,12.99,31.0,Cash,3.0,False,10,4,11,78.99,Pizza Napoli,Pizza,4.6,Medie,Vineri,Normala (31–45 min)
101492,2025-10-17 13:00:00,București,2,"['focaccia', 'pizza diavola']",2,57.0,9.99,44.0,Card,4.0,False,10,4,13,66.99,Forno Rustico,Pizza,4.3,Medie,Vineri,Normala (31–45 min)
101493,2025-10-17 15:22:00,Brașov,3,"['focaccia', 'tiramisu']",2,37.0,9.99,24.0,Cash,5.0,True,10,4,15,46.99,Pizzeria Vesuvio,Pizza,4.1,Mica,Vineri,Rapida (≤30 min)
101494,2025-10-17 19:06:00,București,12,['papanași'],1,24.0,9.99,28.0,Card,5.0,False,10,4,19,33.99,Hanul Bunicii,Tradițional,4.3,Mica,Vineri,Rapida (≤30 min)
101495,2025-10-17 21:44:00,Timișoara,4,"['onion rings', 'milkshake']",2,31.0,7.99,22.0,Card,5.0,False,10,4,21,38.99,Burger Point,Burgeri,4.4,Mica,Vineri,Rapida (≤30 min)
101496,2025-10-18 13:39:00,București,1,"['pizza capricciosa', 'focaccia', 'tiramisu', 'pizza margherita']",4,110.0,0.0,27.0,Cash,5.0,False,10,5,13,110.0,Pizza Napoli,Pizza,4.6,Mare,Sambata,Rapida (≤30 min)
101498,2025-10-18 15:21:00,Iași,11,"['șnițel cu piure', 'sarmale cu mămăligă']",2,74.0,9.99,26.0,Cash,5.0,False,10,5,15,83.99,Ciorbe și Plăcinte,Tradițional,4.4,Medie,Sambata,Rapida (≤30 min)
101499,2025-10-18 18:06:00,București,12,"['șnițel cu piure', 'sarmale cu mămăligă']",2,74.0,9.99,38.0,Card,5.0,False,10,5,18,83.99,Hanul Bunicii,Tradițional,4.3,Medie,Sambata,Normala (31–45 min)
101500,2025-10-18 19:39:00,București,17,"['cartofi prăjiți', 'falafel wrap', 'kebab la farfurie']",3,72.0,7.99,31.518537859007832,Cash,4.0,False,10,5,19,79.99,Shaorma King,Fast-food,3.9,Medie,Sambata,Normala (31–45 min)
101501,2025-10-18 21:58:00,București,14,"['bowl vegan', 'smoothie']",2,57.0,7.99,38.0,Card,5.0,True,10,5,21,64.99,Fresh & Fit,Healthy,4.1,Medie,Sambata,Normala (31–45 min)
101502,2025-10-19 13:16:00,Brașov,18,"['shaorma medie', 'shaorma mare']",2,53.0,9.99,40.0,Card,4.2676493405740885,False,10,6,13,62.99,Kebab Istanbul,Fast-food,4.1,Medie,Duminica,Normala (31–45 min)
101503,2025-10-19 15:52:00,Iași,11,['mici cu muștar (5 buc)'],1,30.0,9.99,19.0,Card,5.0,False,10,6,15,39.99,Ciorbe și Plăcinte,Tradițional,4.4,Mica,Duminica,Rapida (≤30 min)
101504,2025-10-19 18:34:00,Brașov,18,"['shaorma medie', 'shaorma mare', 'kebab la farfurie']",3,88.0,9.99,19.0,Cash,5.0,False,10,6,18,97.99,Kebab Istanbul,Fast-food,4.1,Medie,Duminica,Rapida (≤30 min)
101505,2025-10-19 19:06:00,București,17,"['ayran', 'falafel wrap', 'kebab la farfurie']",3,67.0,9.99,47.0,Cash,4.2676493405740885,True,10,6,19,76.99,Shaorma King,Fast-food,3.9,Medie,Duminica,Lenta (>45 min)
101506,2025-10-19 20:22:00,Iași,13,['wrap cu pui'],1,31.0,7.99,24.0,Card,4.2676493405740885,False,10,6,20,38.99,Green Bowl,Healthy,4.5,Mica,Duminica,Rapida (≤30 min)
101507,2025-10-19 22:05:00,Iași,5,"['milkshake', 'cartofi prăjiți']",2,29.0,9.99,30.0,Card,4.2676493405740885,False,10,6,22,38.99,Smash Bros Burgers,Burgeri,4.7,Mica,Duminica,Rapida (≤30 min)
101508,2025-10-19 22:49:00,Timișoara,4,['burger clasic'],1,34.0,7.99,12.0,Cash,5.0,False,10,6,22,41.99,Burger Point,Burgeri,4.4,Mica,Duminica,Rapida (≤30 min)
101509,2025-10-20 12:48:00,București,10,"['papanași', 'șnițel cu piure']",2,62.0,9.99,42.0,Cash,5.0,False,10,0,12,71.99,La Mama Acasă,Tradițional,4.8,Medie,Luni,Normala (31–45 min)
101510,2025-10-20 15:16:00,București,3,['pizza capricciosa'],1,41.0,7.99,37.0,Card,4.2676493405740885,False,10,0,15,48.99,Pizzeria Vesuvio,Pizza,4.1,Mica,Luni,Normala (31–45 min)
101511,2025-10-20 16:39:00,București,16,['clătite cu ciocolată'],1,21.0,7.99,25.0,Card,4.0,True,10,0,16,28.990000000000002,Waffle Time,Desert,4.2,Mica,Luni,Rapida (≤30 min)
101512,2025-10-20 20:20:00,Cluj-Napoca,9,['sushi mix 16 buc'],1,65.0,12.99,31.0,Card,5.0,False,10,0,20,77.99,Bangkok Street,Asiatic,4.2,Medie,Luni,Normala (31–45 min)
101513,2025-10-20 21:41:00,Cluj-Napoca,8,"['noodles cu pui', 'ceai verde']",2,45.0,9.99,34.0,Card,4.2676493405740885,True,10,0,21,54.99,Wok Express,Asiatic,4.0,Mica,Luni,Normala (31–45 min)
101514,2025-10-21 12:28:00,Cluj-Napoca,4,['burger bbq'],1,42.0,9.99,32.0,Card,4.2676493405740885,False,10,1,12,51.99,Burger Point,Burgeri,4.4,Mica,Marti,Normala (31–45 min)
101515,2025-10-21 13:29:00,Cluj-Napoca,11,['sarmale cu mămăligă'],1,36.0,7.99,34.0,Cash,3.0,False,10,1,13,43.99,Ciorbe și Plăcinte,Tradițional,4.4,Mica,Marti,Normala (31–45 min)
101516,2025-10-21 15:53:00,Brașov,18,['kebab la farfurie'],1,35.0,7.99,30.0,Card,5.0,False,10,1,15,42.99,Kebab Istanbul,Fast-food,4.1,Mica,Marti,Rapida (≤30 min)
101517,2025-10-21 19:07:00,București,1,['tiramisu'],1,19.0,9.99,29.0,Card,4.2676493405740885,False,10,1,19,28.990000000000002,Pizza Napoli,Pizza,4.6,Mica,Marti,Rapida (≤30 min)
101518,2025-10-21 19:53:00,București,2,"['pizza quattro formaggi', 'focaccia', 'pizza margherita']",3,92.0,12.99,34.0,Card,4.2676493405740885,False,10,1,19,104.99,Forno Rustico,Pizza,4.3,Medie,Marti,Normala (31–45 min)
101519,2025-10-22 13:33:00,București,3,"['pizza quattro formaggi', 'pizza diavola', 'focaccia']",3,99.0,7.99,36.0,Card,5.0,True,10,2,13,106.99,Pizzeria Vesuvio,Pizza,4.1,Medie,Miercuri,Normala (31–45 min)
101520,2025-10-22 20:26:00,Brașov,18,['ayran'],1,7.0,9.99,24.0,Card,5.0,True,10,2,20,16.990000000000002,Kebab Istanbul,Fast-food,4.1,Mica,Miercuri,Rapida (≤30 min)
101521,2025-10-22 22:41:00,București,2,"['pizza margherita', 'tiramisu']",2,51.0,9.99,44.0,Card,4.0,False,10,2,22,60.99,Forno Rustico,Pizza,4.3,Medie,Miercuri,Normala (31–45 min)
101522,2025-10-23 12:51:00,București,9,"['noodles cu pui', 'california roll', 'sushi mix 16 buc']",3,139.0,0.0,37.0,Card,4.2676493405740885,False,10,3,12,139.0,Bangkok Street,Asiatic,4.2,Mare,Joi,Normala (31–45 min)
101523,2025-10-23 16:42:00,București,8,['pad thai'],1,41.0,7.99,28.0,Card,5.0,True,10,3,16,48.99,Wok Express,Asiatic,4.0,Mica,Joi,Rapida (≤30 min)
101524,2025-10-23 16:42:00,Brașov,6,['cola'],1,8.0,9.99,31.518537859007832,Cash,4.0,False,10,3,16,17.990000000000002,Grill House,Burgeri,4.0,Mica,Joi,Normala (31–45 min)
101525,2025-10-23 16:45:00,Timișoara,4,"['cola', 'burger bbq', 'milkshake', 'cheeseburger']",4,104.0,0.0,17.0,Card,5.0,False,10,3,16,104.0,Burger Point,Burgeri,4.4,Mare,Joi,Rapida (≤30 min)
101526,2025-10-23 16:48:00,Iași,17,"['shaorma mare', 'falafel wrap']",2,54.0,9.99,19.0,Cash,4.2676493405740885,True,10,3,16,63.99,Shaorma King,Fast-food,3.9,Medie,Joi,Rapida (≤30 min)
101527,2025-10-23 23:10:00,Timișoara,11,"['limonadă', 'mici cu muștar (5 buc)']",2,42.0,7.99,33.0,Cash,4.2676493405740885,False,10,3,23,49.99,Ciorbe și Plăcinte,Tradițional,4.4,Mica,Joi,Normala (31–45 min)
101528,2025-10-24 17:09:00,București,2,"['pizza quattro formaggi', 'focaccia', 'pizza margherita']",3,92.0,7.99,27.0,Card,5.0,True,10,4,17,99.99,Forno Rustico,Pizza,4.3,Medie,Vineri,Rapida (≤30 min)
101529,2025-10-24 17:41:00,Timișoara,1,"['pizza margherita', 'pizza diavola', 'pizza capricciosa']",3,112.0,0.0,25.0,Cash,5.0,False,10,4,17,112.0,Pizza Napoli,Pizza,4.6,Mare,Vineri,Rapida (≤30 min)
101530,2025-10-24 18:36:00,Iași,2,['pizza diavola'],1,39.0,7.99,18.0,Card,5.0,False,10,4,18,46.99,Forno Rustico,Pizza,4.3,Mica,Vineri,Rapida (≤30 min)
101531,2025-10-24 19:05:00,Timișoara,17,['ayran'],1,7.0,12.99,28.0,Cash,3.0,False,10,4,19,19.990000000000002,Shaorma King,Fast-food,3.9,Mica,Vineri,Rapida (≤30 min)
101532,2025-10-24 19:19:00,Cluj-Napoca,4,"['burger clasic', 'milkshake', 'burger bbq']",3,93.0,12.99,33.0,Cash,4.0,True,10,4,19,105.99,Burger Point,Burgeri,4.4,Medie,Vineri,Normala (31–45 min)
101533,2025-10-24 19:49:00,București,7,['supă miso'],1,15.0,7.99,48.0,Card,4.2676493405740885,True,10,4,19,22.990000000000002,Sushi Zen,Asiatic,4.5,Mica,Vineri,Lenta (>45 min)
101534,2025-10-24 22:41:00,Timișoara,3,"['tiramisu', 'pizza diavola']",2,58.0,7.99,21.0,Card,4.2676493405740885,False,10,4,22,65.99,Pizzeria Vesuvio,Pizza,4.1,Medie,Vineri,Rapida (≤30 min)
101535,2025-10-25 11:37:00,Cluj-Napoca,5,"['burger bbq', 'burger clasic']",2,76.0,7.99,18.0,Card,4.2676493405740885,False,10,5,11,83.99,Smash Bros Burgers,Burgeri,4.7,Medie,Sambata,Rapida (≤30 min)
101536,2025-10-25 12:20:00,Iași,3,"['pizza margherita', 'focaccia', 'pizza diavola']",3,89.0,9.99,34.0,Card,5.0,False,10,5,12,98.99,Pizzeria Vesuvio,Pizza,4.1,Medie,Sambata,Normala (31–45 min)
101537,2025-10-25 13:56:00,București,17,"['cartofi prăjiți', 'falafel wrap']",2,37.0,7.99,35.0,Card,4.0,False,10,5,13,44.99,Shaorma King,Fast-food,3.9,Mica,Sambata,Normala (31–45 min)
101538,2025-10-25 18:00:00,Cluj-Napoca,4,['cola'],1,8.0,9.99,12.0,Card,4.2676493405740885,False,10,5,18,17.990000000000002,Burger Point,Burgeri,4.4,Mica,Sambata,Rapida (≤30 min)
101539,2025-10-25 18:17:00,Cluj-Napoca,14,"['bowl vegan', 'apă plată']",2,45.0,9.99,12.0,Card,3.0,True,10,5,18,54.99,Fresh & Fit,Healthy,4.1,Mica,Sambata,Rapida (≤30 min)
101540,2025-10-25 19:04:00,Iași,10,"['papanași', 'sarmale cu mămăligă', 'mici cu muștar (5 buc)']",3,90.0,9.99,42.0,Cash,4.2676493405740885,False,10,5,19,99.99,La Mama Acasă,Tradițional,4.8,Medie,Sambata,Normala (31–45 min)
101541,2025-10-25 19:17:00,București,9,"['supă miso', 'sushi mix 16 buc']",2,80.0,7.99,35.0,Cash,4.2676493405740885,False,10,5,19,87.99,Bangkok Street,Asiatic,4.2,Medie,Sambata,Normala (31–45 min)
101542,2025-10-25 19:54:00,București,17,"['kebab la farfurie', 'cartofi prăjiți']",2,47.0,7.99,30.0,Card,4.0,False,10,5,19,54.99,Shaorma King,Fast-food,3.9,Mica,Sambata,Rapida (≤30 min)
101543,2025-10-25 21:00:00,Cluj-Napoca,14,"['wrap cu pui', 'smoothie', 'apă plată', 'salată caesar']",4,89.0,9.99,35.0,Cash,4.0,False,10,5,21,98.99,Fresh & Fit,Healthy,4.1,Medie,Sambata,Normala (31–45 min)
101544,2025-10-25 22:31:00,București,17,"['kebab la farfurie', 'ayran']",2,42.0,12.99,32.0,Card,4.2676493405740885,False,10,5,22,54.99,Shaorma King,Fast-food,3.9,Mica,Sambata,Normala (31–45 min)
101545,2025-10-26 12:35:00,Timișoara,18,"['shaorma medie', 'cartofi prăjiți', 'kebab la farfurie']",3,71.0,7.99,24.0,Card,5.0,False,10,6,12,78.99,Kebab Istanbul,Fast-food,4.1,Medie,Duminica,Rapida (≤30 min)
101546,2025-10-26 14:41:00,Iași,17,"['kebab la farfurie', 'falafel wrap']",2,60.0,12.99,20.0,Card,4.0,False,10,6,14,72.99,Shaorma King,Fast-food,3.9,Medie,Duminica,Rapida (≤30 min)
101547,2025-10-26 18:59:00,București,8,"['noodles cu pui', 'pad thai', 'supă miso']",3,92.0,9.99,46.0,Cash,4.2676493405740885,False,10,6,18,101.99,Wok Express,Asiatic,4.0,Medie,Duminica,Lenta (>45 min)
101548,2025-10-26 20:10:00,Iași,16,"['cafea', 'înghețată', 'cheesecake']",3,48.0,9.99,30.0,Card,4.2676493405740885,False,10,6,20,57.99,Waffle Time,Desert,4.2,Mica,Duminica,Rapida (≤30 min)
101549,2025-10-26 20:34:00,Timișoara,1,['cola'],1,8.0,7.99,32.0,Card,4.2676493405740885,False,10,6,20,15.99,Pizza Napoli,Pizza,4.6,Mica,Duminica,Normala (31–45 min)
101550,2025-10-26 21:35:00,București,7,"['pad thai', 'california roll']",2,79.0,12.99,40.0,Card,4.0,False,10,6,21,91.99,Sushi Zen,Asiatic,4.5,Medie,Duminica,Normala (31–45 min)
101551,2025-10-27 21:00:00,Brașov,6,"['cartofi prăjiți', 'burger clasic', 'milkshake']",3,63.0,9.99,31.0,Card,4.2676493405740885,False,10,0,21,72.99,Grill House,Burgeri,4.0,Medie,Luni,Normala (31–45 min)
101552,2025-10-28 12:29:00,Iași,17,['ayran'],1,7.0,7.99,26.0,Cash,4.2676493405740885,False,10,1,12,14.99,Shaorma King,Fast-food,3.9,Mica,Marti,Rapida (≤30 min)
101553,2025-10-28 18:18:00,București,3,['tiramisu'],1,19.0,9.99,40.0,Cash,4.2676493405740885,True,10,1,18,28.990000000000002,Pizzeria Vesuvio,Pizza,4.1,Mica,Marti,Normala (31–45 min)
101554,2025-10-28 19:00:00,Cluj-Napoca,3,"['pizza margherita', 'pizza diavola', 'focaccia']",3,89.0,12.99,40.0,Cash,5.0,False,10,1,19,101.99,Pizzeria Vesuvio,Pizza,4.1,Medie,Marti,Normala (31–45 min)
101555,2025-10-28 20:09:00,București,2,"['focaccia', 'pizza quattro formaggi', 'tiramisu']",3,79.0,9.99,49.0,Card,4.2676493405740885,False,10,1,20,88.99,Forno Rustico,Pizza,4.3,Medie,Marti,Lenta (>45 min)
101556,2025-10-28 20:52:00,București,1,['pizza margherita'],1,32.0,7.99,43.0,Card,4.0,False,10,1,20,39.99,Pizza Napoli,Pizza,4.6,Mica,Marti,Normala (31–45 min)
101557,2025-10-28 21:41:00,Cluj-Napoca,7,"['noodles cu pui', 'california roll', 'supă miso']",3,89.0,9.99,34.0,Cash,4.0,False,10,1,21,98.99,Sushi Zen,Asiatic,4.5,Medie,Marti,Normala (31–45 min)
101558,2025-10-29 18:52:00,București,17,['shaorma medie'],1,24.0,12.99,31.0,Card,5.0,False,10,2,18,36.99,Shaorma King,Fast-food,3.9,Mica,Miercuri,Normala (31–45 min)
101559,2025-10-30 15:50:00,București,17,"['ayran', 'shaorma mare']",2,36.0,7.99,23.0,Card,4.2676493405740885,False,10,3,15,43.99,Shaorma King,Fast-food,3.9,Mica,Joi,Rapida (≤30 min)
101560,2025-10-30 20:43:00,București,11,"['papanași', 'mici cu muștar (5 buc)']",2,54.0,9.99,42.0,Card,4.0,False,10,3,20,63.99,Ciorbe și Plăcinte,Tradițional,4.4,Medie,Joi,Normala (31–45 min)
101561,2025-10-31 12:22:00,Brașov,12,"['sarmale cu mămăligă', 'ciorbă de burtă']",2,58.0,7.99,33.0,Card,5.0,False,10,4,12,65.99,Hanul Bunicii,Tradițional,4.3,Medie,Vineri,Normala (31–45 min)
101562,2025-10-31 16:19:00,Timișoara,7,"['ceai verde', 'supă miso']",2,24.0,9.99,28.0,Card,4.0,False,10,4,16,33.99,Sushi Zen,Asiatic,4.5,Mica,Vineri,Rapida (≤30 min)
101563,2025-10-31 18:11:00,București,3,"['pizza margherita', 'pizza quattro formaggi']",2,74.0,12.99,33.0,Cash,5.0,False,10,4,18,86.99,Pizzeria Vesuvio,Pizza,4.1,Medie,Vineri,Normala (31–45 min)
101564,2025-10-31 18:32:00,Timișoara,2,"['focaccia', 'pizza diavola']",2,57.0,7.99,18.0,Card,4.0,False,10,4,18,64.99,Forno Rustico,Pizza,4.3,Medie,Vineri,Rapida (≤30 min)
101565,2025-11-01 17:03:00,Brașov,7,"['california roll', 'ceai verde']",2,47.0,12.99,44.0,Card,4.2676493405740885,True,11,5,17,59.99,Sushi Zen,Asiatic,4.5,Mica,Sambata,Normala (31–45 min)
101566,2025-11-01 17:27:00,București,16,['papanași'],1,24.0,7.99,29.0,Card,4.2676493405740885,True,11,5,17,31.990000000000002,Waffle Time,Desert,4.2,Mica,Sambata,Rapida (≤30 min)
101567,2025-11-01 18:14:00,București,14,"['bowl cu somon', 'bowl vegan', 'apă plată']",3,93.0,9.99,26.0,Card,5.0,True,11,5,18,102.99,Fresh & Fit,Healthy,4.1,Medie,Sambata,Rapida (≤30 min)
101568,2025-11-01 20:50:00,București,16,['cafea'],1,10.0,7.99,51.0,Card,4.2676493405740885,False,11,5,20,17.990000000000002,Waffle Time,Desert,4.2,Mica,Sambata,Lenta (>45 min)
101569,2025-11-02 11:48:00,București,14,"['salată caesar', 'bowl vegan']",2,73.0,7.99,26.0,Cash,4.2676493405740885,False,11,6,11,80.99,Fresh & Fit,Healthy,4.1,Medie,Duminica,Rapida (≤30 min)
101570,2025-11-02 13:03:00,Brașov,13,"['bowl cu somon', 'apă plată']",2,54.0,9.99,31.0,Cash,5.0,False,11,6,13,63.99,Green Bowl,Healthy,4.5,Medie,Duminica,Normala (31–45 min)
101571,2025-11-02 14:50:00,Timișoara,1,"['cola', 'pizza margherita']",2,40.0,9.99,22.0,Cash,4.0,False,11,6,14,49.99,Pizza Napoli,Pizza,4.6,Mica,Duminica,Rapida (≤30 min)
101572,2025-11-02 16:09:00,Cluj-Napoca,17,['shaorma medie'],1,24.0,9.99,21.0,Card,4.0,False,11,6,16,33.99,Shaorma King,Fast-food,3.9,Mica,Duminica,Rapida (≤30 min)
101573,2025-11-02 17:51:00,Iași,7,['supă miso'],1,15.0,12.99,27.0,Card,5.0,False,11,6,17,27.990000000000002,Sushi Zen,Asiatic,4.5,Mica,Duminica,Rapida (≤30 min)
101574,2025-11-02 18:58:00,Cluj-Napoca,1,"['cola', 'pizza capricciosa', 'tiramisu', 'focaccia']",4,86.0,7.99,34.0,Card,4.2676493405740885,False,11,6,18,93.99,Pizza Napoli,Pizza,4.6,Medie,Duminica,Normala (31–45 min)
101575,2025-11-02 19:52:00,Timișoara,3,['tiramisu'],1,19.0,9.99,28.0,Card,4.2676493405740885,True,11,6,19,28.990000000000002,Pizzeria Vesuvio,Pizza,4.1,Mica,Duminica,Rapida (≤30 min)
101576,2025-11-02 19:58:00,Timișoara,11,"['sarmale cu mămăligă', 'papanași', 'mici cu muștar (5 buc)', 'ciorbă de burtă']",4,112.0,0.0,26.0,Card,4.0,False,11,6,19,112.0,Ciorbe și Plăcinte,Tradițional,4.4,Mare,Duminica,Rapida (≤30 min)
101577,2025-11-02 20:16:00,București,14,"['bowl vegan', 'smoothie']",2,57.0,9.99,43.0,Card,3.0,False,11,6,20,66.99,Fresh & Fit,Healthy,4.1,Medie,Duminica,Normala (31–45 min)
101578,2025-11-02 22:26:00,București,8,"['supă miso', 'noodles cu pui']",2,51.0,9.99,38.0,Card,4.0,False,11,6,22,60.99,Wok Express,Asiatic,4.0,Medie,Duminica,Normala (31–45 min)
101579,2025-11-03 11:41:00,Iași,17,"['kebab la farfurie', 'falafel wrap']",2,60.0,7.99,33.0,Cash,5.0,False,11,0,11,67.99,Shaorma King,Fast-food,3.9,Medie,Luni,Normala (31–45 min)
101580,2025-11-03 12:54:00,Cluj-Napoca,9,"['pad thai', 'ceai verde']",2,50.0,12.99,28.0,Card,5.0,False,11,0,12,62.99,Bangkok Street,Asiatic,4.2,Medie,Luni,Rapida (≤30 min)
101581,2025-11-03 16:04:00,Cluj-Napoca,17,"['ayran', 'shaorma medie']",2,31.0,7.99,29.0,Card,4.0,False,11,0,16,38.99,Shaorma King,Fast-food,3.9,Mica,Luni,Rapida (≤30 min)
101582,2025-11-03 18:52:00,Brașov,6,['onion rings'],1,14.0,9.99,34.0,Card,5.0,False,11,0,18,23.990000000000002,Grill House,Burgeri,4.0,Mica,Luni,Normala (31–45 min)
101583,2025-11-03 20:48:00,Cluj-Napoca,16,['clătite cu ciocolată'],1,21.0,12.99,33.0,Cash,4.0,False,11,0,20,33.99,Waffle Time,Desert,4.2,Mica,Luni,Normala (31–45 min)
101584,2025-11-03 23:59:00,Brașov,3,['pizza diavola'],1,39.0,12.99,28.0,Card,4.0,False,11,0,23,51.99,Pizzeria Vesuvio,Pizza,4.1,Mica,Luni,Rapida (≤30 min)
101585,2025-11-04 15:12:00,București,14,"['wrap cu pui', 'bowl cu somon', 'smoothie']",3,97.0,7.99,35.0,Card,4.2676493405740885,False,11,1,15,104.99,Fresh & Fit,Healthy,4.1,Medie,Marti,Normala (31–45 min)
101586,2025-11-04 17:01:00,București,6,"['cola', 'burger clasic']",2,42.0,7.99,37.0,Cash,5.0,False,11,1,17,49.99,Grill House,Burgeri,4.0,Mica,Marti,Normala (31–45 min)
101587,2025-11-04 19:13:00,București,5,"['onion rings', 'milkshake', 'burger clasic']",3,65.0,7.99,44.0,Cash,4.2676493405740885,False,11,1,19,72.99,Smash Bros Burgers,Burgeri,4.7,Medie,Marti,Normala (31–45 min)
101588,2025-11-04 21:04:00,București,17,['shaorma medie'],1,24.0,9.99,42.0,Card,4.0,False,11,1,21,33.99,Shaorma King,Fast-food,3.9,Mica,Marti,Normala (31–45 min)
101589,2025-11-05 11:50:00,București,18,"['shaorma mare', 'ayran']",2,36.0,12.99,37.0,Card,4.2676493405740885,True,11,2,11,48.99,Kebab Istanbul,Fast-food,4.1,Mica,Miercuri,Normala (31–45 min)
101590,2025-11-05 12:52:00,București,3,"['pizza quattro formaggi', 'pizza margherita', 'cola']",3,82.0,9.99,56.0,Card,4.2676493405740885,False,11,2,12,91.99,Pizzeria Vesuvio,Pizza,4.1,Medie,Miercuri,Lenta (>45 min)
101591,2025-11-05 13:23:00,Cluj-Napoca,12,"['limonadă', 'papanași']",2,36.0,12.99,12.0,Card,4.2676493405740885,False,11,2,13,48.99,Hanul Bunicii,Tradițional,4.3,Mica,Miercuri,Rapida (≤30 min)
101592,2025-11-06 13:14:00,București,17,['shaorma medie'],1,24.0,7.99,50.0,Card,4.2676493405740885,False,11,3,13,31.990000000000002,Shaorma King,Fast-food,3.9,Mica,Joi,Lenta (>45 min)
101593,2025-11-06 13:31:00,București,18,"['falafel wrap', 'ayran']",2,32.0,12.99,53.0,Cash,4.0,False,11,3,13,44.99,Kebab Istanbul,Fast-food,4.1,Mica,Joi,Lenta (>45 min)
101594,2025-11-06 13:35:00,Timișoara,3,['pizza capricciosa'],1,41.0,7.99,36.0,Card,4.0,False,11,3,13,48.99,Pizzeria Vesuvio,Pizza,4.1,Mica,Joi,Normala (31–45 min)
101595,2025-11-06 14:56:00,București,8,"['pad thai', 'sushi mix 16 buc']",2,106.0,0.0,43.0,Card,4.2676493405740885,False,11,3,14,106.0,Wok Express,Asiatic,4.0,Mare,Joi,Normala (31–45 min)
101596,2025-11-06 17:21:00,București,10,['mici cu muștar (5 buc)'],1,30.0,7.99,31.0,Card,3.0,False,11,3,17,37.99,La Mama Acasă,Tradițional,4.8,Mica,Joi,Normala (31–45 min)
101597,2025-11-06 18:53:00,Cluj-Napoca,9,['ceai verde'],1,9.0,12.99,23.0,Card,5.0,False,11,3,18,21.990000000000002,Bangkok Street,Asiatic,4.2,Mica,Joi,Rapida (≤30 min)
101598,2025-11-06 19:07:00,București,14,"['bowl vegan', 'wrap cu pui']",2,70.0,12.99,50.0,Card,3.0,False,11,3,19,82.99,Fresh & Fit,Healthy,4.1,Medie,Joi,Lenta (>45 min)
101599,2025-11-06 20:29:00,Brașov,17,['falafel wrap'],1,25.0,9.99,40.0,Cash,3.0,False,11,3,20,34.99,Shaorma King,Fast-food,3.9,Mica,Joi,Normala (31–45 min)
101600,2025-11-07 10:44:00,București,17,['shaorma mare'],1,29.0,7.99,36.0,Card,4.2676493405740885,True,11,4,10,36.99,Shaorma King,Fast-food,3.9,Mica,Vineri,Normala (31–45 min)
101601,2025-11-07 12:05:00,Brașov,11,"['limonadă', 'ciorbă de burtă']",2,34.0,9.99,33.0,Card,5.0,True,11,4,12,43.99,Ciorbe și Plăcinte,Tradițional,4.4,Mica,Vineri,Normala (31–45 min)
101602,2025-11-07 12:38:00,Cluj-Napoca,16,['waffle cu fructe'],1,26.0,9.99,28.0,Card,4.2676493405740885,False,11,4,12,35.99,Waffle Time,Desert,4.2,Mica,Vineri,Rapida (≤30 min)
101603,2025-11-07 12:42:00,Timișoara,6,"['cartofi prăjiți', 'milkshake']",2,29.0,12.99,31.0,Card,4.2676493405740885,False,11,4,12,41.99,Grill House,Burgeri,4.0,Mica,Vineri,Normala (31–45 min)
101604,2025-11-07 15:44:00,București,9,"['sushi mix 16 buc', 'ceai verde', 'noodles cu pui']",3,110.0,0.0,36.0,Card,4.0,False,11,4,15,110.0,Bangkok Street,Asiatic,4.2,Mare,Vineri,Normala (31–45 min)
101605,2025-11-07 17:34:00,Timișoara,10,['sarmale cu mămăligă'],1,36.0,9.99,29.0,Card,4.0,False,11,4,17,45.99,La Mama Acasă,Tradițional,4.8,Mica,Vineri,Rapida (≤30 min)
101606,2025-11-07 17:50:00,Iași,12,"['papanași', 'șnițel cu piure']",2,62.0,12.99,29.0,Card,4.0,False,11,4,17,74.99,Hanul Bunicii,Tradițional,4.3,Medie,Vineri,Rapida (≤30 min)
101607,2025-11-07 18:26:00,București,7,['supă miso'],1,15.0,9.99,29.0,Card,4.2676493405740885,False,11,4,18,24.990000000000002,Sushi Zen,Asiatic,4.5,Mica,Vineri,Rapida (≤30 min)
101608,2025-11-07 18:59:00,București,2,"['tiramisu', 'focaccia', 'pizza diavola']",3,76.0,7.99,33.0,Card,4.2676493405740885,False,11,4,18,83.99,Forno Rustico,Pizza,4.3,Medie,Vineri,Normala (31–45 min)
101609,2025-11-07 20:45:00,București,18,['falafel wrap'],1,25.0,7.99,40.0,Card,4.0,False,11,4,20,32.99,Kebab Istanbul,Fast-food,4.1,Mica,Vineri,Normala (31–45 min)
101610,2025-11-07 21:32:00,Timișoara,12,"['papanași', 'sarmale cu mămăligă', 'limonadă']",3,72.0,12.99,41.0,Card,4.0,False,11,4,21,84.99,Hanul Bunicii,Tradițional,4.3,Medie,Vineri,Normala (31–45 min)
101611,2025-11-08 10:07:00,București,15,"['waffle cu fructe', 'cheesecake', 'papanași']",3,73.0,9.99,25.0,Card,4.2676493405740885,False,11,5,10,82.99,Dulce Cofetărie,Desert,4.6,Medie,Sambata,Rapida (≤30 min)
101612,2025-11-08 12:08:00,Timișoara,8,"['supă miso', 'noodles cu pui', 'california roll']",3,89.0,9.99,36.0,Cash,4.2676493405740885,False,11,5,12,98.99,Wok Express,Asiatic,4.0,Medie,Sambata,Normala (31–45 min)
101613,2025-11-08 12:15:00,București,4,"['milkshake', 'onion rings']",2,31.0,7.99,44.0,Card,5.0,False,11,5,12,38.99,Burger Point,Burgeri,4.4,Mica,Sambata,Normala (31–45 min)
101614,2025-11-08 13:59:00,București,14,"['salată caesar', 'wrap cu pui', 'apă plată']",3,71.0,12.99,47.0,Cash,4.0,False,11,5,13,83.99,Fresh & Fit,Healthy,4.1,Medie,Sambata,Lenta (>45 min)
101615,2025-11-08 16:20:00,București,2,['pizza diavola'],1,39.0,9.99,27.0,Cash,4.0,False,11,5,16,48.99,Forno Rustico,Pizza,4.3,Mica,Sambata,Rapida (≤30 min)
101616,2025-11-08 22:54:00,București,5,['burger bbq'],1,42.0,9.99,28.0,Card,5.0,True,11,5,22,51.99,Smash Bros Burgers,Burgeri,4.7,Mica,Sambata,Rapida (≤30 min)
101617,2025-11-09 14:10:00,București,15,['înghețată'],1,15.0,9.99,41.0,Cash,4.2676493405740885,False,11,6,14,24.990000000000002,Dulce Cofetărie,Desert,4.6,Mica,Duminica,Normala (31–45 min)
101618,2025-11-09 16:57:00,București,4,['cartofi prăjiți'],1,12.0,9.99,32.0,Card,5.0,True,11,6,16,21.990000000000002,Burger Point,Burgeri,4.4,Mica,Duminica,Normala (31–45 min)
101619,2025-11-09 19:33:00,București,3,['pizza diavola'],1,39.0,9.99,37.0,Card,4.0,False,11,6,19,48.99,Pizzeria Vesuvio,Pizza,4.1,Mica,Duminica,Normala (31–45 min)
101620,2025-11-10 10:56:00,Iași,5,['burger bbq'],1,42.0,7.99,17.0,Card,4.2676493405740885,False,11,0,10,49.99,Smash Bros Burgers,Burgeri,4.7,Mica,Luni,Rapida (≤30 min)
101621,2025-11-10 12:15:00,București,2,"['pizza diavola', 'cola']",2,47.0,12.99,43.0,Card,4.0,False,11,0,12,59.99,Forno Rustico,Pizza,4.3,Mica,Luni,Normala (31–45 min)
101622,2025-11-10 12:16:00,Timișoara,4,"['cola', 'onion rings']",2,22.0,9.99,34.0,Card,4.2676493405740885,False,11,0,12,31.990000000000002,Burger Point,Burgeri,4.4,Mica,Luni,Normala (31–45 min)
101623,2025-11-10 14:02:00,Brașov,18,"['ayran', 'cartofi prăjiți', 'kebab la farfurie', 'falafel wrap']",4,79.0,7.99,19.0,Cash,4.2676493405740885,False,11,0,14,86.99,Kebab Istanbul,Fast-food,4.1,Medie,Luni,Rapida (≤30 min)
101624,2025-11-10 19:24:00,București,18,"['shaorma mare', 'kebab la farfurie', 'cartofi prăjiți']",3,76.0,7.99,35.0,Cash,4.2676493405740885,False,11,0,19,83.99,Kebab Istanbul,Fast-food,4.1,Medie,Luni,Normala (31–45 min)
101625,2025-11-10 21:31:00,Brașov,5,"['burger clasic', 'milkshake', 'cola', 'onion rings']",4,73.0,9.99,26.0,Card,5.0,False,11,0,21,82.99,Smash Bros Burgers,Burgeri,4.7,Medie,Luni,Rapida (≤30 min)
101626,2025-11-10 22:04:00,Cluj-Napoca,2,"['pizza margherita', 'focaccia', 'pizza diavola', 'pizza quattro formaggi']",4,131.0,0.0,14.0,Card,5.0,False,11,0,22,131.0,Forno Rustico,Pizza,4.3,Mare,Luni,Rapida (≤30 min)
101627,2025-11-11 11:29:00,București,18,"['shaorma medie', 'ayran', 'shaorma mare']",3,60.0,9.99,38.0,Card,4.0,False,11,1,11,69.99,Kebab Istanbul,Fast-food,4.1,Medie,Marti,Normala (31–45 min)
101628,2025-11-11 15:45:00,Iași,17,"['shaorma medie', 'ayran', 'kebab la farfurie', 'cartofi prăjiți']",4,78.0,12.99,22.0,Cash,4.2676493405740885,False,11,1,15,90.99,Shaorma King,Fast-food,3.9,Medie,Marti,Rapida (≤30 min)
101629,2025-11-11 19:10:00,Cluj-Napoca,10,['mici cu muștar (5 buc)'],1,30.0,7.99,29.0,Cash,5.0,False,11,1,19,37.99,La Mama Acasă,Tradițional,4.8,Mica,Marti,Rapida (≤30 min)
101630,2025-11-11 20:26:00,București,6,['cartofi prăjiți'],1,12.0,12.99,41.0,Card,3.0,True,11,1,20,24.990000000000002,Grill House,Burgeri,4.0,Mica,Marti,Normala (31–45 min)
101631,2025-11-11 20:42:00,Iași,7,['ceai verde'],1,9.0,9.99,38.0,Cash,4.0,False,11,1,20,18.990000000000002,Sushi Zen,Asiatic,4.5,Mica,Marti,Normala (31–45 min)
101632,2025-11-11 20:48:00,București,4,"['cartofi prăjiți', 'cheeseburger', 'onion rings', 'cola']",4,71.0,7.99,45.0,Card,4.0,False,11,1,20,78.99,Burger Point,Burgeri,4.4,Medie,Marti,Normala (31–45 min)
101633,2025-11-11 21:20:00,Brașov,14,"['salată caesar', 'apă plată', 'bowl vegan', 'wrap cu pui']",4,110.0,0.0,25.0,Card,5.0,False,11,1,21,110.0,Fresh & Fit,Healthy,4.1,Mare,Marti,Rapida (≤30 min)
101634,2025-11-11 22:24:00,București,17,"['falafel wrap', 'ayran']",2,32.0,7.99,35.0,Card,4.0,False,11,1,22,39.99,Shaorma King,Fast-food,3.9,Mica,Marti,Normala (31–45 min)
101635,2025-11-12 15:27:00,Iași,16,"['cheesecake', 'înghețată', 'papanași']",3,62.0,9.99,26.0,Cash,4.2676493405740885,False,11,2,15,71.99,Waffle Time,Desert,4.2,Medie,Miercuri,Rapida (≤30 min)
101636,2025-11-12 15:43:00,Brașov,5,"['cartofi prăjiți', 'burger bbq', 'onion rings']",3,68.0,7.99,29.0,Card,5.0,False,11,2,15,75.99,Smash Bros Burgers,Burgeri,4.7,Medie,Miercuri,Rapida (≤30 min)
101637,2025-11-13 11:26:00,Iași,4,"['burger bbq', 'cartofi prăjiți']",2,54.0,7.99,35.0,Card,4.2676493405740885,False,11,3,11,61.99,Burger Point,Burgeri,4.4,Medie,Joi,Normala (31–45 min)
101638,2025-11-13 12:59:00,Cluj-Napoca,18,"['ayran', 'cartofi prăjiți']",2,19.0,9.99,19.0,Card,4.0,True,11,3,12,28.990000000000002,Kebab Istanbul,Fast-food,4.1,Mica,Joi,Rapida (≤30 min)
101639,2025-11-13 14:46:00,Cluj-Napoca,17,"['cartofi prăjiți', 'shaorma medie', 'ayran', 'falafel wrap']",4,68.0,7.99,23.0,Card,4.0,True,11,3,14,75.99,Shaorma King,Fast-food,3.9,Medie,Joi,Rapida (≤30 min)
101640,2025-11-13 17:39:00,Brașov,3,"['pizza margherita', 'cola']",2,40.0,12.99,28.0,Card,5.0,False,11,3,17,52.99,Pizzeria Vesuvio,Pizza,4.1,Mica,Joi,Rapida (≤30 min)
101641,2025-11-13 18:42:00,București,14,"['salată caesar', 'smoothie']",2,52.0,7.99,27.0,Card,4.0,False,11,3,18,59.99,Fresh & Fit,Healthy,4.1,Medie,Joi,Rapida (≤30 min)
101642,2025-11-13 21:33:00,Timișoara,17,['falafel wrap'],1,25.0,9.99,34.0,Card,3.0,True,11,3,21,34.99,Shaorma King,Fast-food,3.9,Mica,Joi,Normala (31–45 min)
101643,2025-11-13 22:42:00,București,7,['california roll'],1,38.0,12.99,37.0,Card,4.0,False,11,3,22,50.99,Sushi Zen,Asiatic,4.5,Mica,Joi,Normala (31–45 min)
101644,2025-11-14 13:08:00,Timișoara,4,"['cheeseburger', 'burger clasic']",2,71.0,7.99,33.0,Cash,5.0,False,11,4,13,78.99,Burger Point,Burgeri,4.4,Medie,Vineri,Normala (31–45 min)
101645,2025-11-14 14:43:00,Brașov,6,['cola'],1,8.0,12.99,31.0,Card,4.2676493405740885,True,11,4,14,20.990000000000002,Grill House,Burgeri,4.0,Mica,Vineri,Normala (31–45 min)
101646,2025-11-14 15:40:00,Timișoara,13,['apă plată'],1,6.0,12.99,17.0,Card,5.0,False,11,4,15,18.990000000000002,Green Bowl,Healthy,4.5,Mica,Vineri,Rapida (≤30 min)
101647,2025-11-14 17:39:00,București,2,"['pizza quattro formaggi', 'tiramisu', 'pizza margherita', 'focaccia']",4,111.0,0.0,38.0,Card,4.0,False,11,4,17,111.0,Forno Rustico,Pizza,4.3,Mare,Vineri,Normala (31–45 min)
101648,2025-11-14 19:19:00,Brașov,6,"['onion rings', 'cola']",2,22.0,9.99,27.0,Card,4.2676493405740885,False,11,4,19,31.990000000000002,Grill House,Burgeri,4.0,Mica,Vineri,Rapida (≤30 min)
101649,2025-11-14 22:58:00,Cluj-Napoca,6,"['cartofi prăjiți', 'cheeseburger', 'cola']",3,57.0,12.99,20.0,Card,5.0,False,11,4,22,69.99,Grill House,Burgeri,4.0,Medie,Vineri,Rapida (≤30 min)
101650,2025-11-14 23:31:00,Iași,16,"['cheesecake', 'papanași', 'clătite cu ciocolată', 'waffle cu fructe']",4,94.0,9.99,27.0,Cash,4.0,True,11,4,23,103.99,Waffle Time,Desert,4.2,Medie,Vineri,Rapida (≤30 min)
101651,2025-11-15 12:21:00,București,10,"['mici cu muștar (5 buc)', 'șnițel cu piure']",2,68.0,9.99,42.0,Card,4.2676493405740885,False,11,5,12,77.99,La Mama Acasă,Tradițional,4.8,Medie,Sambata,Normala (31–45 min)
101652,2025-11-15 13:09:00,Iași,6,"['onion rings', 'cheeseburger']",2,51.0,9.99,29.0,Cash,5.0,True,11,5,13,60.99,Grill House,Burgeri,4.0,Medie,Sambata,Rapida (≤30 min)
101653,2025-11-15 15:36:00,Cluj-Napoca,4,"['milkshake', 'cheeseburger']",2,54.0,7.99,29.0,Cash,4.2676493405740885,False,11,5,15,61.99,Burger Point,Burgeri,4.4,Medie,Sambata,Rapida (≤30 min)
101654,2025-11-15 17:01:00,Timișoara,9,"['sushi mix 16 buc', 'pad thai']",2,106.0,0.0,17.0,Card,4.2676493405740885,False,11,5,17,106.0,Bangkok Street,Asiatic,4.2,Mare,Sambata,Rapida (≤30 min)
101655,2025-11-15 17:29:00,Timișoara,4,['cartofi prăjiți'],1,12.0,12.99,22.0,Card,4.2676493405740885,False,11,5,17,24.990000000000002,Burger Point,Burgeri,4.4,Mica,Sambata,Rapida (≤30 min)
101656,2025-11-15 20:20:00,București,10,"['papanași', 'ciorbă de burtă', 'mici cu muștar (5 buc)']",3,76.0,9.99,36.0,Cash,4.0,False,11,5,20,85.99,La Mama Acasă,Tradițional,4.8,Medie,Sambata,Normala (31–45 min)
101657,2025-11-15 20:40:00,Iași,5,"['cheeseburger', 'milkshake']",2,54.0,9.99,19.0,Cash,4.0,True,11,5,20,63.99,Smash Bros Burgers,Burgeri,4.7,Medie,Sambata,Rapida (≤30 min)
101658,2025-11-15 20:52:00,Iași,11,"['ciorbă de burtă', 'limonadă', 'sarmale cu mămăligă']",3,70.0,9.99,30.0,Cash,4.0,False,11,5,20,79.99,Ciorbe și Plăcinte,Tradițional,4.4,Medie,Sambata,Rapida (≤30 min)
101659,2025-11-15 23:53:00,București,18,"['shaorma mare', 'shaorma medie']",2,53.0,9.99,32.0,Card,3.0,False,11,5,23,62.99,Kebab Istanbul,Fast-food,4.1,Medie,Sambata,Normala (31–45 min)
101660,2025-11-16 18:56:00,București,4,"['burger clasic', 'cartofi prăjiți', 'cola', 'onion rings']",4,68.0,7.99,37.0,Card,5.0,False,11,6,18,75.99,Burger Point,Burgeri,4.4,Medie,Duminica,Normala (31–45 min)
101661,2025-11-16 20:40:00,București,15,['clătite cu ciocolată'],1,21.0,9.99,42.0,Card,5.0,False,11,6,20,30.990000000000002,Dulce Cofetărie,Desert,4.6,Mica,Duminica,Normala (31–45 min)
101662,2025-11-16 21:37:00,București,17,"['shaorma mare', 'ayran', 'falafel wrap', 'shaorma medie']",4,85.0,7.99,32.0,Cash,4.2676493405740885,False,11,6,21,92.99,Shaorma King,Fast-food,3.9,Medie,Duminica,Normala (31–45 min)
101663,2025-11-16 21:41:00,Iași,12,['ciorbă de burtă'],1,22.0,12.99,32.0,Card,4.0,False,11,6,21,34.99,Hanul Bunicii,Tradițional,4.3,Mica,Duminica,Normala (31–45 min)
101664,2025-11-17 11:12:00,București,1,['focaccia'],1,18.0,9.99,24.0,Card,5.0,True,11,0,11,27.990000000000002,Pizza Napoli,Pizza,4.6,Mica,Luni,Rapida (≤30 min)
101665,2025-11-17 13:28:00,București,3,"['pizza diavola', 'pizza quattro formaggi']",2,81.0,9.99,49.0,Card,3.0,True,11,0,13,90.99,Pizzeria Vesuvio,Pizza,4.1,Medie,Luni,Lenta (>45 min)
101666,2025-11-17 18:54:00,Timișoara,12,"['ciorbă de burtă', 'mici cu muștar (5 buc)']",2,52.0,9.99,23.0,Card,4.0,False,11,0,18,61.99,Hanul Bunicii,Tradițional,4.3,Medie,Luni,Rapida (≤30 min)
101667,2025-11-17 19:54:00,Iași,12,"['papanași', 'sarmale cu mămăligă', 'șnițel cu piure']",3,98.0,7.99,35.0,Card,4.0,False,11,0,19,105.99,Hanul Bunicii,Tradițional,4.3,Medie,Luni,Normala (31–45 min)
101668,2025-11-17 19:54:00,Cluj-Napoca,10,"['papanași', 'ciorbă de burtă', 'mici cu muștar (5 buc)']",3,76.0,7.99,38.0,Card,4.0,False,11,0,19,83.99,La Mama Acasă,Tradițional,4.8,Medie,Luni,Normala (31–45 min)
101669,2025-11-17 19:56:00,Timișoara,6,"['milkshake', 'onion rings']",2,31.0,9.99,32.0,Card,4.0,False,11,0,19,40.99,Grill House,Burgeri,4.0,Mica,Luni,Normala (31–45 min)
101670,2025-11-17 19:57:00,București,5,['cola'],1,8.0,9.99,44.0,Cash,4.0,False,11,0,19,17.990000000000002,Smash Bros Burgers,Burgeri,4.7,Mica,Luni,Normala (31–45 min)
101671,2025-11-18 12:13:00,Timișoara,9,"['noodles cu pui', 'california roll']",2,74.0,9.99,37.0,Card,5.0,False,11,1,12,83.99,Bangkok Street,Asiatic,4.2,Medie,Marti,Normala (31–45 min)
101672,2025-11-18 12:23:00,București,1,"['pizza capricciosa', 'tiramisu', 'pizza diavola', 'pizza margherita']",4,131.0,0.0,43.0,Card,4.2676493405740885,True,11,1,12,131.0,Pizza Napoli,Pizza,4.6,Mare,Marti,Normala (31–45 min)
101673,2025-11-18 12:48:00,Timișoara,5,"['cartofi prăjiți', 'milkshake']",2,29.0,7.99,29.0,Card,4.0,False,11,1,12,36.99,Smash Bros Burgers,Burgeri,4.7,Mica,Marti,Rapida (≤30 min)
101674,2025-11-18 14:34:00,Iași,2,"['pizza quattro formaggi', 'pizza capricciosa']",2,83.0,9.99,25.0,Card,4.2676493405740885,False,11,1,14,92.99,Forno Rustico,Pizza,4.3,Medie,Marti,Rapida (≤30 min)
101675,2025-11-18 18:55:00,Cluj-Napoca,10,"['ciorbă de burtă', 'papanași']",2,46.0,7.99,31.0,Card,5.0,False,11,1,18,53.99,La Mama Acasă,Tradițional,4.8,Mica,Marti,Normala (31–45 min)
101676,2025-11-18 19:49:00,București,11,"['șnițel cu piure', 'sarmale cu mămăligă']",2,74.0,7.99,46.0,Card,3.0,False,11,1,19,81.99,Ciorbe și Plăcinte,Tradițional,4.4,Medie,Marti,Lenta (>45 min)
101677,2025-11-18 20:46:00,București,13,"['bowl cu somon', 'apă plată']",2,54.0,7.99,52.0,Cash,3.0,False,11,1,20,61.99,Green Bowl,Healthy,4.5,Medie,Marti,Lenta (>45 min)
101678,2025-11-19 12:25:00,București,3,['tiramisu'],1,19.0,9.99,48.0,Card,4.0,False,11,2,12,28.990000000000002,Pizzeria Vesuvio,Pizza,4.1,Mica,Miercuri,Lenta (>45 min)
101679,2025-11-19 13:20:00,Timișoara,18,"['falafel wrap', 'shaorma medie', 'cartofi prăjiți']",3,61.0,9.99,30.0,Card,4.2676493405740885,False,11,2,13,70.99,Kebab Istanbul,Fast-food,4.1,Medie,Miercuri,Rapida (≤30 min)
101680,2025-11-19 14:08:00,Brașov,1,"['cola', 'pizza quattro formaggi']",2,50.0,7.99,22.0,Card,5.0,True,11,2,14,57.99,Pizza Napoli,Pizza,4.6,Medie,Miercuri,Rapida (≤30 min)
101681,2025-11-19 16:49:00,Brașov,9,"['california roll', 'pad thai']",2,79.0,7.99,37.0,Card,5.0,False,11,2,16,86.99,Bangkok Street,Asiatic,4.2,Medie,Miercuri,Normala (31–45 min)
101682,2025-11-19 19:12:00,București,1,"['tiramisu', 'pizza diavola']",2,58.0,12.99,43.0,Card,5.0,False,11,2,19,70.99,Pizza Napoli,Pizza,4.6,Medie,Miercuri,Normala (31–45 min)
101683,2025-11-19 19:31:00,Cluj-Napoca,2,"['pizza quattro formaggi', 'focaccia', 'pizza margherita']",3,92.0,7.99,28.0,Card,5.0,True,11,2,19,99.99,Forno Rustico,Pizza,4.3,Medie,Miercuri,Rapida (≤30 min)
101684,2025-11-19 20:14:00,București,18,"['cartofi prăjiți', 'shaorma medie', 'falafel wrap']",3,61.0,7.99,40.0,Card,4.0,False,11,2,20,68.99,Kebab Istanbul,Fast-food,4.1,Medie,Miercuri,Normala (31–45 min)
101685,2025-11-19 20:37:00,Timișoara,16,['clătite cu ciocolată'],1,21.0,7.99,29.0,Card,4.2676493405740885,True,11,2,20,28.990000000000002,Waffle Time,Desert,4.2,Mica,Miercuri,Rapida (≤30 min)
101686,2025-11-20 14:17:00,Timișoara,13,['apă plată'],1,6.0,7.99,12.0,Cash,4.2676493405740885,True,11,3,14,13.99,Green Bowl,Healthy,4.5,Mica,Joi,Rapida (≤30 min)
101687,2025-11-20 18:27:00,Timișoara,11,['ciorbă de burtă'],1,22.0,7.99,30.0,Card,4.0,False,11,3,18,29.990000000000002,Ciorbe și Plăcinte,Tradițional,4.4,Mica,Joi,Rapida (≤30 min)
101688,2025-11-20 21:33:00,Cluj-Napoca,8,['noodles cu pui'],1,36.0,12.99,39.0,Card,4.0,False,11,3,21,48.99,Wok Express,Asiatic,4.0,Mica,Joi,Normala (31–45 min)
101689,2025-11-21 11:06:00,București,10,['papanași'],1,24.0,7.99,34.0,Card,3.0,False,11,4,11,31.990000000000002,La Mama Acasă,Tradițional,4.8,Mica,Vineri,Normala (31–45 min)
101690,2025-11-21 13:50:00,București,9,"['california roll', 'ceai verde', 'noodles cu pui', 'sushi mix 16 buc']",4,148.0,0.0,33.0,Card,4.2676493405740885,True,11,4,13,148.0,Bangkok Street,Asiatic,4.2,Mare,Vineri,Normala (31–45 min)
101691,2025-11-21 14:49:00,Cluj-Napoca,1,"['pizza quattro formaggi', 'tiramisu', 'pizza capricciosa']",3,102.0,0.0,35.0,Cash,5.0,True,11,4,14,102.0,Pizza Napoli,Pizza,4.6,Mare,Vineri,Normala (31–45 min)
101692,2025-11-21 17:30:00,București,7,['supă miso'],1,15.0,7.99,22.0,Cash,5.0,False,11,4,17,22.990000000000002,Sushi Zen,Asiatic,4.5,Mica,Vineri,Rapida (≤30 min)
101693,2025-11-21 18:11:00,Timișoara,17,['shaorma medie'],1,24.0,9.99,32.0,Card,4.0,False,11,4,18,33.99,Shaorma King,Fast-food,3.9,Mica,Vineri,Normala (31–45 min)
101694,2025-11-21 18:30:00,Iași,1,"['pizza quattro formaggi', 'focaccia']",2,60.0,9.99,23.0,Card,4.2676493405740885,False,11,4,18,69.99,Pizza Napoli,Pizza,4.6,Medie,Vineri,Rapida (≤30 min)
101695,2025-11-21 20:08:00,București,5,['onion rings'],1,14.0,9.99,39.0,Card,4.2676493405740885,False,11,4,20,23.990000000000002,Smash Bros Burgers,Burgeri,4.7,Mica,Vineri,Normala (31–45 min)
101696,2025-11-21 20:31:00,București,17,"['falafel wrap', 'shaorma medie']",2,49.0,12.99,27.0,Cash,5.0,False,11,4,20,61.99,Shaorma King,Fast-food,3.9,Mica,Vineri,Rapida (≤30 min)
101697,2025-11-21 20:50:00,București,17,"['cartofi prăjiți', 'shaorma mare']",2,41.0,9.99,36.0,Card,5.0,False,11,4,20,50.99,Shaorma King,Fast-food,3.9,Mica,Vineri,Normala (31–45 min)
101698,2025-11-21 20:54:00,București,7,"['supă miso', 'ceai verde']",2,24.0,12.99,54.0,Card,4.0,False,11,4,20,36.99,Sushi Zen,Asiatic,4.5,Mica,Vineri,Lenta (>45 min)
101699,2025-11-21 20:54:00,București,4,"['milkshake', 'burger clasic']",2,51.0,7.99,35.0,Card,4.2676493405740885,False,11,4,20,58.99,Burger Point,Burgeri,4.4,Medie,Vineri,Normala (31–45 min)
101700,2025-11-22 12:16:00,Iași,17,"['shaorma mare', 'cartofi prăjiți']",2,41.0,7.99,20.0,Cash,5.0,True,11,5,12,48.99,Shaorma King,Fast-food,3.9,Mica,Sambata,Rapida (≤30 min)
101701,2025-11-22 12:25:00,București,6,"['cheeseburger', 'burger clasic']",2,71.0,12.99,51.0,Card,3.0,False,11,5,12,83.99,Grill House,Burgeri,4.0,Medie,Sambata,Lenta (>45 min)
101702,2025-11-22 12:55:00,București,16,"['waffle cu fructe', 'cheesecake', 'înghețată']",3,64.0,7.99,39.0,Card,5.0,True,11,5,12,71.99,Waffle Time,Desert,4.2,Medie,Sambata,Normala (31–45 min)
101703,2025-11-22 14:59:00,București,2,"['cola', 'pizza capricciosa', 'pizza quattro formaggi']",3,91.0,9.99,23.0,Card,5.0,False,11,5,14,100.99,Forno Rustico,Pizza,4.3,Medie,Sambata,Rapida (≤30 min)
101704,2025-11-22 16:04:00,Timișoara,18,['shaorma mare'],1,29.0,7.99,21.0,Card,5.0,False,11,5,16,36.99,Kebab Istanbul,Fast-food,4.1,Mica,Sambata,Rapida (≤30 min)
101705,2025-11-22 18:34:00,București,9,"['pad thai', 'ceai verde']",2,50.0,7.99,32.0,Card,4.2676493405740885,True,11,5,18,57.99,Bangkok Street,Asiatic,4.2,Medie,Sambata,Normala (31–45 min)
101706,2025-11-22 19:01:00,București,16,['cafea'],1,10.0,9.99,30.0,Card,4.0,False,11,5,19,19.990000000000002,Waffle Time,Desert,4.2,Mica,Sambata,Rapida (≤30 min)
101707,2025-11-22 19:13:00,Brașov,14,"['bowl cu somon', 'salată caesar', 'smoothie']",3,100.0,0.0,36.0,Cash,4.2676493405740885,False,11,5,19,100.0,Fresh & Fit,Healthy,4.1,Mare,Sambata,Normala (31–45 min)
101708,2025-11-22 19:36:00,Iași,4,['milkshake'],1,17.0,7.99,26.0,Card,5.0,False,11,5,19,24.990000000000002,Burger Point,Burgeri,4.4,Mica,Sambata,Rapida (≤30 min)
101709,2025-11-22 19:54:00,Cluj-Napoca,3,"['pizza diavola', 'focaccia', 'pizza capricciosa', 'tiramisu']",4,117.0,0.0,18.0,Cash,3.0,False,11,5,19,117.0,Pizzeria Vesuvio,Pizza,4.1,Mare,Sambata,Rapida (≤30 min)
101711,2025-11-22 21:43:00,Cluj-Napoca,6,['cheeseburger'],1,37.0,9.99,21.0,Card,4.0,False,11,5,21,46.99,Grill House,Burgeri,4.0,Mica,Sambata,Rapida (≤30 min)
101712,2025-11-22 21:48:00,Timișoara,2,['cola'],1,8.0,9.99,29.0,Cash,4.2676493405740885,True,11,5,21,17.990000000000002,Forno Rustico,Pizza,4.3,Mica,Sambata,Rapida (≤30 min)
101713,2025-11-23 11:17:00,București,1,['cola'],1,8.0,7.99,32.0,Cash,5.0,False,11,6,11,15.99,Pizza Napoli,Pizza,4.6,Mica,Duminica,Normala (31–45 min)
101714,2025-11-23 11:32:00,Cluj-Napoca,8,"['supă miso', 'sushi mix 16 buc']",2,80.0,7.99,23.0,Cash,4.2676493405740885,False,11,6,11,87.99,Wok Express,Asiatic,4.0,Medie,Duminica,Rapida (≤30 min)
101715,2025-11-23 13:09:00,București,1,"['tiramisu', 'pizza capricciosa']",2,60.0,12.99,36.0,Cash,4.2676493405740885,False,11,6,13,72.99,Pizza Napoli,Pizza,4.6,Medie,Duminica,Normala (31–45 min)
101716,2025-11-23 18:54:00,Brașov,10,"['șnițel cu piure', 'papanași']",2,62.0,12.99,23.0,Card,5.0,False,11,6,18,74.99,La Mama Acasă,Tradițional,4.8,Medie,Duminica,Rapida (≤30 min)
101717,2025-11-23 19:46:00,Cluj-Napoca,16,"['cheesecake', 'înghețată']",2,38.0,7.99,17.0,Card,5.0,False,11,6,19,45.99,Waffle Time,Desert,4.2,Mica,Duminica,Rapida (≤30 min)
101718,2025-11-23 20:27:00,București,7,"['supă miso', 'california roll', 'ceai verde']",3,62.0,7.99,44.0,Cash,4.2676493405740885,False,11,6,20,69.99,Sushi Zen,Asiatic,4.5,Medie,Duminica,Normala (31–45 min)
101719,2025-11-23 20:57:00,Cluj-Napoca,16,['cafea'],1,10.0,7.99,24.0,Card,4.0,True,11,6,20,17.990000000000002,Waffle Time,Desert,4.2,Mica,Duminica,Rapida (≤30 min)
101720,2025-11-23 21:50:00,București,15,"['înghețată', 'waffle cu fructe', 'clătite cu ciocolată']",3,62.0,9.99,47.0,Card,4.0,False,11,6,21,71.99,Dulce Cofetărie,Desert,4.6,Medie,Duminica,Lenta (>45 min)
101721,2025-11-24 12:44:00,București,8,['california roll'],1,38.0,9.99,36.0,Card,4.2676493405740885,False,11,0,12,47.99,Wok Express,Asiatic,4.0,Mica,Luni,Normala (31–45 min)
101722,2025-11-24 21:33:00,București,11,['sarmale cu mămăligă'],1,36.0,9.99,49.0,Card,4.0,False,11,0,21,45.99,Ciorbe și Plăcinte,Tradițional,4.4,Mica,Luni,Lenta (>45 min)
101723,2025-11-25 13:01:00,Cluj-Napoca,1,"['pizza quattro formaggi', 'pizza diavola']",2,81.0,9.99,30.0,Card,4.0,False,11,1,13,90.99,Pizza Napoli,Pizza,4.6,Medie,Marti,Rapida (≤30 min)
101724,2025-11-25 13:53:00,Cluj-Napoca,2,['pizza margherita'],1,32.0,9.99,25.0,Card,3.0,False,11,1,13,41.99,Forno Rustico,Pizza,4.3,Mica,Marti,Rapida (≤30 min)
101725,2025-11-25 14:51:00,Timișoara,17,"['falafel wrap', 'cartofi prăjiți']",2,37.0,12.99,12.0,Card,5.0,False,11,1,14,49.99,Shaorma King,Fast-food,3.9,Mica,Marti,Rapida (≤30 min)
101726,2025-11-25 15:49:00,București,17,['shaorma mare'],1,29.0,7.99,25.0,Cash,4.2676493405740885,False,11,1,15,36.99,Shaorma King,Fast-food,3.9,Mica,Marti,Rapida (≤30 min)
101727,2025-11-25 17:39:00,Timișoara,13,"['bowl cu somon', 'apă plată', 'bowl vegan']",3,93.0,7.99,20.0,Card,4.0,False,11,1,17,100.99,Green Bowl,Healthy,4.5,Medie,Marti,Rapida (≤30 min)
101728,2025-11-26 11:03:00,București,17,"['shaorma medie', 'kebab la farfurie']",2,59.0,7.99,33.0,Cash,4.2676493405740885,False,11,2,11,66.99,Shaorma King,Fast-food,3.9,Medie,Miercuri,Normala (31–45 min)
101729,2025-11-26 14:05:00,București,5,"['burger bbq', 'cheeseburger']",2,79.0,9.99,49.0,Cash,4.0,False,11,2,14,88.99,Smash Bros Burgers,Burgeri,4.7,Medie,Miercuri,Lenta (>45 min)
101730,2025-11-26 14:11:00,București,7,"['sushi mix 16 buc', 'ceai verde', 'noodles cu pui']",3,110.0,0.0,31.0,Card,4.0,False,11,2,14,110.0,Sushi Zen,Asiatic,4.5,Mare,Miercuri,Normala (31–45 min)
101731,2025-11-27 12:04:00,Timișoara,4,['cartofi prăjiți'],1,12.0,7.99,27.0,Card,4.0,False,11,3,12,19.990000000000002,Burger Point,Burgeri,4.4,Mica,Joi,Rapida (≤30 min)
101732,2025-11-27 12:14:00,Iași,2,"['pizza capricciosa', 'tiramisu', 'pizza diavola']",3,99.0,7.99,44.0,Cash,4.2676493405740885,False,11,3,12,106.99,Forno Rustico,Pizza,4.3,Medie,Joi,Normala (31–45 min)
101733,2025-11-27 18:18:00,Timișoara,11,"['limonadă', 'ciorbă de burtă', 'șnițel cu piure', 'sarmale cu mămăligă']",4,108.0,0.0,12.0,Card,4.2676493405740885,True,11,3,18,108.0,Ciorbe și Plăcinte,Tradițional,4.4,Mare,Joi,Rapida (≤30 min)
101734,2025-11-27 20:42:00,București,14,"['salată caesar', 'wrap cu pui', 'bowl vegan', 'bowl cu somon']",4,152.0,0.0,37.0,Card,4.2676493405740885,True,11,3,20,152.0,Fresh & Fit,Healthy,4.1,Mare,Joi,Normala (31–45 min)
101735,2025-11-28 13:12:00,Timișoara,6,"['cartofi prăjiți', 'burger clasic', 'burger bbq']",3,88.0,9.99,31.0,Card,4.2676493405740885,False,11,4,13,97.99,Grill House,Burgeri,4.0,Medie,Vineri,Normala (31–45 min)
101736,2025-11-28 14:27:00,Cluj-Napoca,12,"['sarmale cu mămăligă', 'ciorbă de burtă', 'mici cu muștar (5 buc)']",3,88.0,12.99,37.0,Cash,4.2676493405740885,False,11,4,14,100.99,Hanul Bunicii,Tradițional,4.3,Medie,Vineri,Normala (31–45 min)
101737,2025-11-28 15:26:00,Timișoara,11,"['mici cu muștar (5 buc)', 'limonadă']",2,42.0,7.99,36.0,Card,5.0,False,11,4,15,49.99,Ciorbe și Plăcinte,Tradițional,4.4,Mica,Vineri,Normala (31–45 min)
101738,2025-11-28 19:12:00,Cluj-Napoca,3,"['pizza capricciosa', 'pizza margherita']",2,73.0,12.99,34.0,Cash,4.0,True,11,4,19,85.99,Pizzeria Vesuvio,Pizza,4.1,Medie,Vineri,Normala (31–45 min)
101739,2025-11-28 19:25:00,București,10,"['papanași', 'șnițel cu piure']",2,62.0,7.99,37.0,Cash,4.0,True,11,4,19,69.99,La Mama Acasă,Tradițional,4.8,Medie,Vineri,Normala (31–45 min)
101740,2025-11-28 19:44:00,București,1,"['tiramisu', 'pizza diavola']",2,58.0,12.99,45.0,Card,4.0,False,11,4,19,70.99,Pizza Napoli,Pizza,4.6,Medie,Vineri,Normala (31–45 min)
101741,2025-11-28 20:05:00,Timișoara,4,"['milkshake', 'onion rings', 'burger bbq']",3,73.0,9.99,32.0,Cash,4.0,False,11,4,20,82.99,Burger Point,Burgeri,4.4,Medie,Vineri,Normala (31–45 min)
101742,2025-11-28 21:32:00,București,9,"['pad thai', 'california roll']",2,79.0,12.99,55.0,Cash,4.2676493405740885,False,11,4,21,91.99,Bangkok Street,Asiatic,4.2,Medie,Vineri,Lenta (>45 min)
101743,2025-11-28 22:25:00,București,3,"['focaccia', 'pizza quattro formaggi']",2,60.0,7.99,31.0,Card,5.0,False,11,4,22,67.99,Pizzeria Vesuvio,Pizza,4.1,Medie,Vineri,Normala (31–45 min)
101744,2025-11-29 13:08:00,Brașov,1,"['cola', 'focaccia', 'pizza quattro formaggi']",3,68.0,12.99,23.0,Card,5.0,True,11,5,13,80.99,Pizza Napoli,Pizza,4.6,Medie,Sambata,Rapida (≤30 min)
101745,2025-11-29 16:28:00,București,12,"['mici cu muștar (5 buc)', 'sarmale cu mămăligă', 'papanași', 'șnițel cu piure']",4,128.0,0.0,35.0,Card,4.2676493405740885,False,11,5,16,128.0,Hanul Bunicii,Tradițional,4.3,Mare,Sambata,Normala (31–45 min)
101746,2025-11-29 17:56:00,Cluj-Napoca,5,['burger bbq'],1,42.0,9.99,19.0,Cash,4.0,False,11,5,17,51.99,Smash Bros Burgers,Burgeri,4.7,Mica,Sambata,Rapida (≤30 min)
101747,2025-11-29 18:06:00,București,18,"['falafel wrap', 'shaorma medie']",2,49.0,7.99,25.0,Card,5.0,False,11,5,18,56.99,Kebab Istanbul,Fast-food,4.1,Mica,Sambata,Rapida (≤30 min)
101748,2025-11-29 18:22:00,Brașov,3,"['focaccia', 'tiramisu', 'pizza margherita', 'cola']",4,77.0,9.99,24.0,Card,4.0,False,11,5,18,86.99,Pizzeria Vesuvio,Pizza,4.1,Medie,Sambata,Rapida (≤30 min)
101749,2025-11-29 19:10:00,București,4,"['milkshake', 'onion rings']",2,31.0,9.99,46.0,Card,4.0,True,11,5,19,40.99,Burger Point,Burgeri,4.4,Mica,Sambata,Lenta (>45 min)
101750,2025-11-29 21:56:00,Iași,13,"['smoothie', 'salată caesar']",2,52.0,7.99,26.0,Cash,5.0,False,11,5,21,59.99,Green Bowl,Healthy,4.5,Medie,Sambata,Rapida (≤30 min)
101751,2025-11-29 23:06:00,București,8,['noodles cu pui'],1,36.0,9.99,25.0,Cash,4.2676493405740885,False,11,5,23,45.99,Wok Express,Asiatic,4.0,Mica,Sambata,Rapida (≤30 min)
101752,2025-11-30 13:33:00,București,7,"['california roll', 'pad thai', 'noodles cu pui', 'ceai verde']",4,124.0,0.0,43.0,Card,3.0,False,11,6,13,124.0,Sushi Zen,Asiatic,4.5,Mare,Duminica,Normala (31–45 min)
101753,2025-11-30 19:34:00,București,13,"['bowl vegan', 'salată caesar', 'smoothie']",3,91.0,7.99,37.0,Card,5.0,False,11,6,19,98.99,Green Bowl,Healthy,4.5,Medie,Duminica,Normala (31–45 min)
101754,2025-11-30 20:00:00,Cluj-Napoca,10,"['limonadă', 'ciorbă de burtă', 'mici cu muștar (5 buc)']",3,64.0,7.99,31.0,Card,4.0,False,11,6,20,71.99,La Mama Acasă,Tradițional,4.8,Medie,Duminica,Normala (31–45 min)
101755,2025-11-30 20:23:00,Timișoara,4,"['burger bbq', 'cola']",2,50.0,7.99,25.0,Cash,4.0,True,11,6,20,57.99,Burger Point,Burgeri,4.4,Medie,Duminica,Rapida (≤30 min)
101756,2025-11-30 20:38:00,București,5,"['cheeseburger', 'onion rings']",2,51.0,9.99,46.0,Cash,3.0,False,11,6,20,60.99,Smash Bros Burgers,Burgeri,4.7,Medie,Duminica,Lenta (>45 min)
101757,2025-11-30 20:43:00,Brașov,9,['ceai verde'],1,9.0,9.99,35.0,Card,4.0,False,11,6,20,18.990000000000002,Bangkok Street,Asiatic,4.2,Mica,Duminica,Normala (31–45 min)
101758,2025-11-30 20:56:00,București,2,"['tiramisu', 'focaccia']",2,37.0,7.99,37.0,Card,4.2676493405740885,False,11,6,20,44.99,Forno Rustico,Pizza,4.3,Mica,Duminica,Normala (31–45 min)
101759,2025-11-30 22:16:00,București,16,"['waffle cu fructe', 'cafea']",2,36.0,7.99,44.0,Card,3.0,False,11,6,22,43.99,Waffle Time,Desert,4.2,Mica,Duminica,Normala (31–45 min)
101760,2025-12-01 16:00:00,Cluj-Napoca,7,"['pad thai', 'supă miso']",2,56.0,9.99,23.0,Card,4.2676493405740885,False,12,0,16,65.99,Sushi Zen,Asiatic,4.5,Medie,Luni,Rapida (≤30 min)
101761,2025-12-01 16:29:00,Brașov,12,"['ciorbă de burtă', 'limonadă']",2,34.0,9.99,29.0,Cash,4.2676493405740885,False,12,0,16,43.99,Hanul Bunicii,Tradițional,4.3,Mica,Luni,Rapida (≤30 min)
101762,2025-12-01 18:25:00,București,4,"['cheeseburger', 'milkshake']",2,54.0,9.99,31.0,Card,4.0,False,12,0,18,63.99,Burger Point,Burgeri,4.4,Medie,Luni,Normala (31–45 min)
101763,2025-12-02 14:46:00,Iași,10,"['papanași', 'ciorbă de burtă']",2,46.0,12.99,24.0,Card,4.0,False,12,1,14,58.99,La Mama Acasă,Tradițional,4.8,Mica,Marti,Rapida (≤30 min)
101764,2025-12-02 20:22:00,Iași,6,['cola'],1,8.0,12.99,41.0,Card,4.0,False,12,1,20,20.990000000000002,Grill House,Burgeri,4.0,Mica,Marti,Normala (31–45 min)
101765,2025-12-02 21:21:00,Iași,2,"['cola', 'pizza capricciosa']",2,49.0,9.99,15.0,Cash,4.0,False,12,1,21,58.99,Forno Rustico,Pizza,4.3,Mica,Marti,Rapida (≤30 min)
101766,2025-12-03 13:09:00,Brașov,8,"['supă miso', 'pad thai', 'california roll']",3,94.0,9.99,21.0,Card,4.2676493405740885,True,12,2,13,103.99,Wok Express,Asiatic,4.0,Medie,Miercuri,Rapida (≤30 min)
101767,2025-12-03 18:26:00,București,5,"['milkshake', 'burger bbq']",2,59.0,7.99,27.0,Card,4.0,False,12,2,18,66.99,Smash Bros Burgers,Burgeri,4.7,Medie,Miercuri,Rapida (≤30 min)
101768,2025-12-03 19:01:00,Timișoara,17,['ayran'],1,7.0,7.99,35.0,Card,4.0,False,12,2,19,14.99,Shaorma King,Fast-food,3.9,Mica,Miercuri,Normala (31–45 min)
101769,2025-12-03 19:07:00,Timișoara,7,"['ceai verde', 'noodles cu pui']",2,45.0,7.99,41.0,Card,4.2676493405740885,False,12,2,19,52.99,Sushi Zen,Asiatic,4.5,Mica,Miercuri,Normala (31–45 min)
101770,2025-12-03 20:10:00,Timișoara,9,"['noodles cu pui', 'california roll']",2,74.0,7.99,42.0,Cash,3.0,False,12,2,20,81.99,Bangkok Street,Asiatic,4.2,Medie,Miercuri,Normala (31–45 min)
101771,2025-12-03 22:45:00,Cluj-Napoca,13,"['salată caesar', 'bowl cu somon']",2,82.0,9.99,35.0,Cash,4.0,False,12,2,22,91.99,Green Bowl,Healthy,4.5,Medie,Miercuri,Normala (31–45 min)
101772,2025-12-04 11:19:00,București,4,"['onion rings', 'burger bbq', 'milkshake', 'cola']",4,81.0,12.99,34.0,Card,4.0,False,12,3,11,93.99,Burger Point,Burgeri,4.4,Medie,Joi,Normala (31–45 min)
101773,2025-12-04 13:11:00,București,10,"['sarmale cu mămăligă', 'șnițel cu piure']",2,74.0,7.99,39.0,Card,4.2676493405740885,True,12,3,13,81.99,La Mama Acasă,Tradițional,4.8,Medie,Joi,Normala (31–45 min)
101774,2025-12-04 16:00:00,Timișoara,6,"['cheeseburger', 'burger bbq']",2,79.0,12.99,17.0,Card,5.0,True,12,3,16,91.99,Grill House,Burgeri,4.0,Medie,Joi,Rapida (≤30 min)
101775,2025-12-04 17:48:00,Cluj-Napoca,17,['kebab la farfurie'],1,35.0,7.99,15.0,Cash,4.2676493405740885,True,12,3,17,42.99,Shaorma King,Fast-food,3.9,Mica,Joi,Rapida (≤30 min)
101776,2025-12-04 21:03:00,Iași,2,"['pizza diavola', 'focaccia', 'pizza margherita']",3,89.0,7.99,30.0,Cash,4.0,False,12,3,21,96.99,Forno Rustico,Pizza,4.3,Medie,Joi,Rapida (≤30 min)
101777,2025-12-05 15:03:00,Timișoara,1,"['pizza capricciosa', 'focaccia', 'tiramisu']",3,78.0,12.99,29.0,Card,5.0,False,12,4,15,90.99,Pizza Napoli,Pizza,4.6,Medie,Vineri,Rapida (≤30 min)
101778,2025-12-05 19:32:00,București,6,['cartofi prăjiți'],1,12.0,7.99,32.0,Cash,4.2676493405740885,False,12,4,19,19.990000000000002,Grill House,Burgeri,4.0,Mica,Vineri,Normala (31–45 min)
101779,2025-12-05 20:16:00,București,10,"['mici cu muștar (5 buc)', 'șnițel cu piure']",2,68.0,7.99,44.0,Cash,4.0,False,12,4,20,75.99,La Mama Acasă,Tradițional,4.8,Medie,Vineri,Normala (31–45 min)
101780,2025-12-05 21:59:00,București,15,"['clătite cu ciocolată', 'cafea']",2,31.0,7.99,28.0,Card,5.0,False,12,4,21,38.99,Dulce Cofetărie,Desert,4.6,Mica,Vineri,Rapida (≤30 min)
101781,2025-12-06 13:53:00,Iași,10,['mici cu muștar (5 buc)'],1,30.0,7.99,27.0,Card,3.0,False,12,5,13,37.99,La Mama Acasă,Tradițional,4.8,Mica,Sambata,Rapida (≤30 min)
101782,2025-12-06 16:10:00,Cluj-Napoca,18,"['kebab la farfurie', 'ayran', 'cartofi prăjiți']",3,54.0,7.99,24.0,Card,5.0,True,12,5,16,61.99,Kebab Istanbul,Fast-food,4.1,Medie,Sambata,Rapida (≤30 min)
101783,2025-12-06 18:02:00,Cluj-Napoca,2,['focaccia'],1,18.0,7.99,31.518537859007832,Cash,4.0,False,12,5,18,25.990000000000002,Forno Rustico,Pizza,4.3,Mica,Sambata,Normala (31–45 min)
101784,2025-12-06 19:35:00,București,13,"['bowl cu somon', 'apă plată', 'salată caesar']",3,88.0,7.99,51.0,Card,4.2676493405740885,True,12,5,19,95.99,Green Bowl,Healthy,4.5,Medie,Sambata,Lenta (>45 min)
101785,2025-12-06 20:10:00,Iași,9,"['noodles cu pui', 'sushi mix 16 buc', 'california roll', 'supă miso']",4,154.0,0.0,37.0,Cash,4.0,False,12,5,20,154.0,Bangkok Street,Asiatic,4.2,Mare,Sambata,Normala (31–45 min)
101786,2025-12-06 20:30:00,București,3,"['focaccia', 'tiramisu']",2,37.0,12.99,42.0,Card,3.0,False,12,5,20,49.99,Pizzeria Vesuvio,Pizza,4.1,Mica,Sambata,Normala (31–45 min)
101787,2025-12-06 21:26:00,Brașov,3,"['pizza quattro formaggi', 'pizza margherita', 'tiramisu']",3,93.0,7.99,31.518537859007832,Card,5.0,False,12,5,21,100.99,Pizzeria Vesuvio,Pizza,4.1,Medie,Sambata,Normala (31–45 min)
101788,2025-12-07 13:34:00,Brașov,9,"['california roll', 'supă miso', 'pad thai', 'ceai verde']",4,103.0,0.0,44.0,Card,3.0,False,12,6,13,103.0,Bangkok Street,Asiatic,4.2,Mare,Duminica,Normala (31–45 min)
101789,2025-12-07 14:01:00,București,10,"['mici cu muștar (5 buc)', 'sarmale cu mămăligă', 'ciorbă de burtă', 'papanași']",4,112.0,0.0,30.0,Card,5.0,True,12,6,14,112.0,La Mama Acasă,Tradițional,4.8,Mare,Duminica,Rapida (≤30 min)
101790,2025-12-07 14:16:00,Cluj-Napoca,13,['bowl vegan'],1,39.0,12.99,27.0,Card,4.2676493405740885,False,12,6,14,51.99,Green Bowl,Healthy,4.5,Mica,Duminica,Rapida (≤30 min)
101791,2025-12-07 15:22:00,Cluj-Napoca,11,"['ciorbă de burtă', 'șnițel cu piure']",2,60.0,7.99,30.0,Card,4.0,False,12,6,15,67.99,Ciorbe și Plăcinte,Tradițional,4.4,Medie,Duminica,Rapida (≤30 min)
101792,2025-12-07 16:24:00,Timișoara,17,['falafel wrap'],1,25.0,7.99,26.0,Card,4.0,False,12,6,16,32.99,Shaorma King,Fast-food,3.9,Mica,Duminica,Rapida (≤30 min)
101793,2025-12-07 17:09:00,București,7,"['california roll', 'sushi mix 16 buc', 'noodles cu pui']",3,139.0,0.0,31.518537859007832,Card,4.2676493405740885,False,12,6,17,139.0,Sushi Zen,Asiatic,4.5,Mare,Duminica,Normala (31–45 min)
101794,2025-12-07 18:01:00,Cluj-Napoca,1,"['pizza diavola', 'cola']",2,47.0,7.99,30.0,Cash,4.2676493405740885,True,12,6,18,54.99,Pizza Napoli,Pizza,4.6,Mica,Duminica,Rapida (≤30 min)
101795,2025-12-07 21:37:00,Iași,10,"['ciorbă de burtă', 'mici cu muștar (5 buc)']",2,52.0,7.99,39.0,Card,5.0,False,12,6,21,59.99,La Mama Acasă,Tradițional,4.8,Medie,Duminica,Normala (31–45 min)
101796,2025-12-07 22:23:00,Cluj-Napoca,5,['cola'],1,8.0,12.99,25.0,Card,5.0,False,12,6,22,20.990000000000002,Smash Bros Burgers,Burgeri,4.7,Mica,Duminica,Rapida (≤30 min)
101797,2025-12-08 13:48:00,Cluj-Napoca,5,"['burger clasic', 'cola', 'burger bbq']",3,84.0,7.99,30.0,Card,4.2676493405740885,False,12,0,13,91.99,Smash Bros Burgers,Burgeri,4.7,Medie,Luni,Rapida (≤30 min)
101798,2025-12-08 14:06:00,București,4,"['burger clasic', 'onion rings']",2,48.0,12.99,37.0,Card,4.2676493405740885,False,12,0,14,60.99,Burger Point,Burgeri,4.4,Mica,Luni,Normala (31–45 min)
101799,2025-12-09 13:13:00,Iași,13,"['bowl cu somon', 'smoothie', 'salată caesar', 'apă plată']",4,106.0,0.0,36.0,Card,4.2676493405740885,True,12,1,13,106.0,Green Bowl,Healthy,4.5,Mare,Marti,Normala (31–45 min)
101800,2025-12-09 13:15:00,București,14,['salată caesar'],1,34.0,9.99,42.0,Card,4.0,False,12,1,13,43.99,Fresh & Fit,Healthy,4.1,Mica,Marti,Normala (31–45 min)
101801,2025-12-09 19:47:00,Iași,12,"['sarmale cu mămăligă', 'șnițel cu piure', 'papanași']",3,98.0,9.99,37.0,Card,4.2676493405740885,False,12,1,19,107.99,Hanul Bunicii,Tradițional,4.3,Medie,Marti,Normala (31–45 min)
101802,2025-12-10 12:37:00,Cluj-Napoca,16,"['cafea', 'waffle cu fructe']",2,36.0,7.99,33.0,Card,4.0,False,12,2,12,43.99,Waffle Time,Desert,4.2,Mica,Miercuri,Normala (31–45 min)
101803,2025-12-10 13:07:00,Cluj-Napoca,4,['burger bbq'],1,42.0,7.99,35.0,Card,4.2676493405740885,False,12,2,13,49.99,Burger Point,Burgeri,4.4,Mica,Miercuri,Normala (31–45 min)
101804,2025-12-10 13:28:00,București,9,"['sushi mix 16 buc', 'ceai verde', 'california roll']",3,112.0,0.0,50.0,Cash,5.0,False,12,2,13,112.0,Bangkok Street,Asiatic,4.2,Mare,Miercuri,Lenta (>45 min)
101805,2025-12-10 14:12:00,București,14,"['wrap cu pui', 'bowl cu somon', 'bowl vegan', 'apă plată']",4,124.0,0.0,36.0,Cash,4.2676493405740885,True,12,2,14,124.0,Fresh & Fit,Healthy,4.1,Mare,Miercuri,Normala (31–45 min)
101806,2025-12-10 14:52:00,Brașov,7,"['pad thai', 'noodles cu pui', 'ceai verde', 'california roll']",4,124.0,0.0,24.0,Card,4.0,False,12,2,14,124.0,Sushi Zen,Asiatic,4.5,Mare,Miercuri,Rapida (≤30 min)
101807,2025-12-10 18:17:00,Timișoara,10,"['limonadă', 'sarmale cu mămăligă', 'șnițel cu piure']",3,86.0,7.99,32.0,Card,4.2676493405740885,False,12,2,18,93.99,La Mama Acasă,Tradițional,4.8,Medie,Miercuri,Normala (31–45 min)
101808,2025-12-10 22:05:00,Brașov,18,"['ayran', 'shaorma mare']",2,36.0,7.99,18.0,Card,5.0,False,12,2,22,43.99,Kebab Istanbul,Fast-food,4.1,Mica,Miercuri,Rapida (≤30 min)
101809,2025-12-11 11:31:00,Cluj-Napoca,4,['cheeseburger'],1,37.0,12.99,16.0,Card,4.0,False,12,3,11,49.99,Burger Point,Burgeri,4.4,Mica,Joi,Rapida (≤30 min)
101810,2025-12-11 13:44:00,Cluj-Napoca,16,['clătite cu ciocolată'],1,21.0,7.99,17.0,Card,4.0,False,12,3,13,28.990000000000002,Waffle Time,Desert,4.2,Mica,Joi,Rapida (≤30 min)
101811,2025-12-11 13:47:00,București,6,"['cartofi prăjiți', 'burger bbq']",2,54.0,7.99,40.0,Card,4.2676493405740885,False,12,3,13,61.99,Grill House,Burgeri,4.0,Medie,Joi,Normala (31–45 min)
101812,2025-12-11 14:19:00,București,2,"['pizza capricciosa', 'pizza margherita', 'tiramisu']",3,92.0,7.99,34.0,Cash,5.0,False,12,3,14,99.99,Forno Rustico,Pizza,4.3,Medie,Joi,Normala (31–45 min)
101813,2025-12-11 16:27:00,Cluj-Napoca,12,"['mici cu muștar (5 buc)', 'papanași', 'șnițel cu piure']",3,92.0,12.99,28.0,Card,4.2676493405740885,False,12,3,16,104.99,Hanul Bunicii,Tradițional,4.3,Medie,Joi,Rapida (≤30 min)
101814,2025-12-11 18:36:00,Timișoara,4,"['onion rings', 'cartofi prăjiți', 'cheeseburger', 'milkshake']",4,80.0,12.99,15.0,Card,4.0,False,12,3,18,92.99,Burger Point,Burgeri,4.4,Medie,Joi,Rapida (≤30 min)
101815,2025-12-11 19:29:00,București,3,"['pizza quattro formaggi', 'pizza diavola', 'pizza margherita', 'pizza capricciosa']",4,154.0,0.0,40.0,Cash,4.0,True,12,3,19,154.0,Pizzeria Vesuvio,Pizza,4.1,Mare,Joi,Normala (31–45 min)
101816,2025-12-12 11:12:00,București,6,"['burger clasic', 'burger bbq']",2,76.0,7.99,29.0,Card,5.0,False,12,4,11,83.99,Grill House,Burgeri,4.0,Medie,Vineri,Rapida (≤30 min)
101817,2025-12-12 12:39:00,Timișoara,5,"['milkshake', 'burger bbq', 'cartofi prăjiți']",3,71.0,12.99,26.0,Cash,4.2676493405740885,True,12,4,12,83.99,Smash Bros Burgers,Burgeri,4.7,Medie,Vineri,Rapida (≤30 min)
101818,2025-12-12 16:06:00,București,2,"['cola', 'tiramisu', 'pizza margherita', 'focaccia']",4,77.0,9.99,29.0,Card,4.2676493405740885,True,12,4,16,86.99,Forno Rustico,Pizza,4.3,Medie,Vineri,Rapida (≤30 min)
101819,2025-12-12 19:21:00,Cluj-Napoca,17,"['shaorma medie', 'falafel wrap']",2,49.0,9.99,38.0,Card,5.0,False,12,4,19,58.99,Shaorma King,Fast-food,3.9,Mica,Vineri,Normala (31–45 min)
101820,2025-12-12 19:35:00,Iași,11,"['papanași', 'șnițel cu piure', 'ciorbă de burtă', 'limonadă']",4,96.0,12.99,29.0,Card,5.0,False,12,4,19,108.99,Ciorbe și Plăcinte,Tradițional,4.4,Medie,Vineri,Rapida (≤30 min)
101821,2025-12-12 20:01:00,Iași,2,"['tiramisu', 'pizza capricciosa']",2,60.0,7.99,31.0,Card,4.2676493405740885,False,12,4,20,67.99,Forno Rustico,Pizza,4.3,Medie,Vineri,Normala (31–45 min)
101822,2025-12-12 20:40:00,Timișoara,14,"['bowl vegan', 'wrap cu pui']",2,70.0,7.99,45.0,Card,5.0,False,12,4,20,77.99,Fresh & Fit,Healthy,4.1,Medie,Vineri,Normala (31–45 min)
101823,2025-12-12 20:52:00,București,12,"['mici cu muștar (5 buc)', 'limonadă']",2,42.0,9.99,41.0,Cash,3.0,False,12,4,20,51.99,Hanul Bunicii,Tradițional,4.3,Mica,Vineri,Normala (31–45 min)
101824,2025-12-12 20:53:00,Timișoara,1,"['pizza quattro formaggi', 'pizza capricciosa']",2,83.0,9.99,30.0,Cash,4.2676493405740885,False,12,4,20,92.99,Pizza Napoli,Pizza,4.6,Medie,Vineri,Rapida (≤30 min)
101825,2025-12-12 22:32:00,București,10,"['mici cu muștar (5 buc)', 'limonadă']",2,42.0,9.99,32.0,Card,4.2676493405740885,False,12,4,22,51.99,La Mama Acasă,Tradițional,4.8,Mica,Vineri,Normala (31–45 min)
101826,2025-12-13 12:28:00,Cluj-Napoca,6,"['burger clasic', 'cola']",2,42.0,12.99,49.0,Card,4.0,False,12,5,12,54.99,Grill House,Burgeri,4.0,Mica,Sambata,Lenta (>45 min)
101827,2025-12-13 12:52:00,București,5,"['burger bbq', 'cola', 'burger clasic', 'cheeseburger']",4,121.0,0.0,36.0,Cash,5.0,False,12,5,12,121.0,Smash Bros Burgers,Burgeri,4.7,Mare,Sambata,Normala (31–45 min)
101828,2025-12-13 13:58:00,Cluj-Napoca,12,"['mici cu muștar (5 buc)', 'papanași']",2,54.0,7.99,29.0,Card,5.0,False,12,5,13,61.99,Hanul Bunicii,Tradițional,4.3,Medie,Sambata,Rapida (≤30 min)
101829,2025-12-13 14:41:00,Brașov,17,"['falafel wrap', 'shaorma mare']",2,54.0,9.99,22.0,Card,4.2676493405740885,True,12,5,14,63.99,Shaorma King,Fast-food,3.9,Medie,Sambata,Rapida (≤30 min)
101830,2025-12-13 15:10:00,București,12,"['limonadă', 'mici cu muștar (5 buc)', 'papanași', 'ciorbă de burtă']",4,88.0,9.99,25.0,Card,5.0,False,12,5,15,97.99,Hanul Bunicii,Tradițional,4.3,Medie,Sambata,Rapida (≤30 min)
101831,2025-12-14 12:32:00,București,9,"['noodles cu pui', 'supă miso', 'pad thai']",3,92.0,7.99,52.0,Cash,4.2676493405740885,False,12,6,12,99.99,Bangkok Street,Asiatic,4.2,Medie,Duminica,Lenta (>45 min)
101832,2025-12-14 15:12:00,Iași,6,"['cola', 'cartofi prăjiți']",2,20.0,9.99,14.0,Card,4.2676493405740885,True,12,6,15,29.990000000000002,Grill House,Burgeri,4.0,Mica,Duminica,Rapida (≤30 min)
101833,2025-12-14 16:20:00,București,8,"['pad thai', 'ceai verde']",2,50.0,7.99,38.0,Card,3.0,False,12,6,16,57.99,Wok Express,Asiatic,4.0,Medie,Duminica,Normala (31–45 min)
101834,2025-12-14 18:38:00,București,9,"['supă miso', 'sushi mix 16 buc']",2,80.0,9.99,18.0,Card,4.2676493405740885,True,12,6,18,89.99,Bangkok Street,Asiatic,4.2,Medie,Duminica,Rapida (≤30 min)
101835,2025-12-14 22:58:00,București,17,"['falafel wrap', 'kebab la farfurie', 'shaorma mare', 'cartofi prăjiți']",4,101.0,0.0,28.0,Card,4.0,False,12,6,22,101.0,Shaorma King,Fast-food,3.9,Mare,Duminica,Rapida (≤30 min)
101836,2025-12-15 12:49:00,Iași,9,"['sushi mix 16 buc', 'noodles cu pui', 'supă miso']",3,116.0,0.0,45.0,Card,4.0,False,12,0,12,116.0,Bangkok Street,Asiatic,4.2,Mare,Luni,Normala (31–45 min)
101837,2025-12-15 13:04:00,Iași,2,['pizza margherita'],1,32.0,7.99,13.0,Cash,5.0,False,12,0,13,39.99,Forno Rustico,Pizza,4.3,Mica,Luni,Rapida (≤30 min)
101838,2025-12-15 15:43:00,București,17,"['shaorma medie', 'cartofi prăjiți', 'shaorma mare']",3,65.0,9.99,23.0,Card,5.0,False,12,0,15,74.99,Shaorma King,Fast-food,3.9,Medie,Luni,Rapida (≤30 min)
101839,2025-12-15 16:14:00,București,12,"['ciorbă de burtă', 'limonadă']",2,34.0,9.99,38.0,Cash,4.2676493405740885,False,12,0,16,43.99,Hanul Bunicii,Tradițional,4.3,Mica,Luni,Normala (31–45 min)
101840,2025-12-15 18:18:00,București,13,"['apă plată', 'bowl cu somon']",2,54.0,9.99,30.0,Cash,4.0,False,12,0,18,63.99,Green Bowl,Healthy,4.5,Medie,Luni,Rapida (≤30 min)
101841,2025-12-15 21:58:00,Cluj-Napoca,1,"['pizza margherita', 'tiramisu']",2,51.0,12.99,29.0,Card,5.0,True,12,0,21,63.99,Pizza Napoli,Pizza,4.6,Medie,Luni,Rapida (≤30 min)
101842,2025-12-16 12:57:00,București,10,"['ciorbă de burtă', 'limonadă']",2,34.0,7.99,43.0,Cash,4.2676493405740885,False,12,1,12,41.99,La Mama Acasă,Tradițional,4.8,Mica,Marti,Normala (31–45 min)
101843,2025-12-16 14:17:00,Iași,9,['sushi mix 16 buc'],1,65.0,7.99,29.0,Card,4.0,False,12,1,14,72.99,Bangkok Street,Asiatic,4.2,Medie,Marti,Rapida (≤30 min)
101844,2025-12-16 19:11:00,București,9,"['california roll', 'pad thai', 'ceai verde']",3,88.0,7.99,41.0,Card,4.2676493405740885,False,12,1,19,95.99,Bangkok Street,Asiatic,4.2,Medie,Marti,Normala (31–45 min)
101845,2025-12-16 20:03:00,Brașov,7,"['supă miso', 'pad thai']",2,56.0,9.99,29.0,Card,4.0,False,12,1,20,65.99,Sushi Zen,Asiatic,4.5,Medie,Marti,Rapida (≤30 min)
101846,2025-12-16 23:56:00,Cluj-Napoca,7,"['pad thai', 'supă miso', 'sushi mix 16 buc', 'noodles cu pui']",4,157.0,0.0,21.0,Card,5.0,False,12,1,23,157.0,Sushi Zen,Asiatic,4.5,Mare,Marti,Rapida (≤30 min)
101847,2025-12-17 12:37:00,Cluj-Napoca,13,['wrap cu pui'],1,31.0,7.99,35.0,Cash,4.0,False,12,2,12,38.99,Green Bowl,Healthy,4.5,Mica,Miercuri,Normala (31–45 min)
101848,2025-12-17 18:27:00,Iași,1,"['pizza margherita', 'pizza quattro formaggi', 'cola']",3,82.0,9.99,23.0,Card,4.0,False,12,2,18,91.99,Pizza Napoli,Pizza,4.6,Medie,Miercuri,Rapida (≤30 min)
101849,2025-12-17 19:57:00,Cluj-Napoca,18,['falafel wrap'],1,25.0,9.99,28.0,Card,5.0,True,12,2,19,34.99,Kebab Istanbul,Fast-food,4.1,Mica,Miercuri,Rapida (≤30 min)
101850,2025-12-18 12:46:00,Cluj-Napoca,7,['sushi mix 16 buc'],1,65.0,9.99,30.0,Card,5.0,False,12,3,12,74.99,Sushi Zen,Asiatic,4.5,Medie,Joi,Rapida (≤30 min)
101851,2025-12-18 13:51:00,Cluj-Napoca,10,"['mici cu muștar (5 buc)', 'sarmale cu mămăligă']",2,66.0,12.99,39.0,Cash,4.2676493405740885,False,12,3,13,78.99,La Mama Acasă,Tradițional,4.8,Medie,Joi,Normala (31–45 min)
101852,2025-12-18 16:10:00,București,11,['șnițel cu piure'],1,38.0,7.99,27.0,Card,5.0,False,12,3,16,45.99,Ciorbe și Plăcinte,Tradițional,4.4,Mica,Joi,Rapida (≤30 min)
101853,2025-12-18 16:59:00,Cluj-Napoca,4,"['burger bbq', 'cola']",2,50.0,7.99,31.518537859007832,Card,5.0,True,12,3,16,57.99,Burger Point,Burgeri,4.4,Medie,Joi,Normala (31–45 min)
101854,2025-12-18 17:16:00,Brașov,17,['shaorma mare'],1,29.0,7.99,17.0,Card,4.2676493405740885,True,12,3,17,36.99,Shaorma King,Fast-food,3.9,Mica,Joi,Rapida (≤30 min)
101855,2025-12-18 19:33:00,București,10,"['sarmale cu mămăligă', 'ciorbă de burtă']",2,58.0,9.99,41.0,Card,4.2676493405740885,False,12,3,19,67.99,La Mama Acasă,Tradițional,4.8,Medie,Joi,Normala (31–45 min)
101856,2025-12-18 20:06:00,Brașov,17,['shaorma mare'],1,29.0,7.99,40.0,Card,4.0,True,12,3,20,36.99,Shaorma King,Fast-food,3.9,Mica,Joi,Normala (31–45 min)
101857,2025-12-18 21:10:00,Brașov,3,"['focaccia', 'pizza capricciosa']",2,59.0,7.99,44.0,Cash,4.2676493405740885,True,12,3,21,66.99,Pizzeria Vesuvio,Pizza,4.1,Medie,Joi,Normala (31–45 min)
101858,2025-12-19 11:39:00,București,8,"['ceai verde', 'supă miso']",2,24.0,7.99,34.0,Card,4.2676493405740885,False,12,4,11,31.990000000000002,Wok Express,Asiatic,4.0,Mica,Vineri,Normala (31–45 min)
101859,2025-12-19 14:23:00,Brașov,6,['onion rings'],1,14.0,7.99,23.0,Card,4.0,False,12,4,14,21.990000000000002,Grill House,Burgeri,4.0,Mica,Vineri,Rapida (≤30 min)
101860,2025-12-19 14:54:00,Timișoara,11,"['limonadă', 'șnițel cu piure']",2,50.0,7.99,19.0,Card,4.2676493405740885,True,12,4,14,57.99,Ciorbe și Plăcinte,Tradițional,4.4,Medie,Vineri,Rapida (≤30 min)
101861,2025-12-19 15:18:00,București,6,"['cheeseburger', 'cartofi prăjiți', 'burger bbq']",3,91.0,7.99,25.0,Card,4.2676493405740885,False,12,4,15,98.99,Grill House,Burgeri,4.0,Medie,Vineri,Rapida (≤30 min)
101862,2025-12-19 19:23:00,Iași,8,"['sushi mix 16 buc', 'noodles cu pui']",2,101.0,0.0,32.0,Card,4.2676493405740885,False,12,4,19,101.0,Wok Express,Asiatic,4.0,Mare,Vineri,Normala (31–45 min)
101863,2025-12-20 10:49:00,Cluj-Napoca,3,"['pizza margherita', 'tiramisu']",2,51.0,9.99,12.0,Card,4.0,False,12,5,10,60.99,Pizzeria Vesuvio,Pizza,4.1,Medie,Sambata,Rapida (≤30 min)
101864,2025-12-20 11:47:00,Cluj-Napoca,1,"['focaccia', 'pizza diavola', 'tiramisu']",3,76.0,9.99,29.0,Card,4.0,False,12,5,11,85.99,Pizza Napoli,Pizza,4.6,Medie,Sambata,Rapida (≤30 min)
101865,2025-12-20 12:04:00,București,13,['salată caesar'],1,34.0,12.99,45.0,Cash,4.0,False,12,5,12,46.99,Green Bowl,Healthy,4.5,Mica,Sambata,Normala (31–45 min)
101866,2025-12-20 13:11:00,Timișoara,4,['burger bbq'],1,42.0,12.99,32.0,Card,4.0,False,12,5,13,54.99,Burger Point,Burgeri,4.4,Mica,Sambata,Normala (31–45 min)
101867,2025-12-20 13:37:00,București,7,"['sushi mix 16 buc', 'noodles cu pui']",2,101.0,0.0,43.0,Card,4.2676493405740885,False,12,5,13,101.0,Sushi Zen,Asiatic,4.5,Mare,Sambata,Normala (31–45 min)
101868,2025-12-20 16:21:00,Brașov,13,"['wrap cu pui', 'salată caesar']",2,65.0,12.99,12.0,Card,4.0,True,12,5,16,77.99,Green Bowl,Healthy,4.5,Medie,Sambata,Rapida (≤30 min)
101869,2025-12-20 19:34:00,Iași,1,"['pizza capricciosa', 'pizza quattro formaggi']",2,83.0,7.99,36.0,Card,3.0,False,12,5,19,90.99,Pizza Napoli,Pizza,4.6,Medie,Sambata,Normala (31–45 min)
101870,2025-12-20 19:54:00,București,1,"['tiramisu', 'pizza capricciosa']",2,60.0,7.99,51.0,Cash,3.0,False,12,5,19,67.99,Pizza Napoli,Pizza,4.6,Medie,Sambata,Lenta (>45 min)
101871,2025-12-20 20:33:00,București,10,"['mici cu muștar (5 buc)', 'ciorbă de burtă', 'papanași']",3,76.0,7.99,50.0,Card,4.0,False,12,5,20,83.99,La Mama Acasă,Tradițional,4.8,Medie,Sambata,Lenta (>45 min)
101872,2025-12-20 21:41:00,București,18,"['kebab la farfurie', 'shaorma medie', 'ayran']",3,66.0,7.99,38.0,Cash,4.0,False,12,5,21,73.99,Kebab Istanbul,Fast-food,4.1,Medie,Sambata,Normala (31–45 min)
101873,2025-12-21 12:52:00,București,3,['pizza margherita'],1,32.0,7.99,38.0,Card,4.0,False,12,6,12,39.99,Pizzeria Vesuvio,Pizza,4.1,Mica,Duminica,Normala (31–45 min)
101874,2025-12-21 13:19:00,București,12,['șnițel cu piure'],1,38.0,7.99,31.518537859007832,Card,5.0,True,12,6,13,45.99,Hanul Bunicii,Tradițional,4.3,Mica,Duminica,Normala (31–45 min)
101875,2025-12-21 13:20:00,București,11,"['papanași', 'limonadă', 'mici cu muștar (5 buc)', 'șnițel cu piure']",4,104.0,0.0,38.0,Card,5.0,False,12,6,13,104.0,Ciorbe și Plăcinte,Tradițional,4.4,Mare,Duminica,Normala (31–45 min)
101876,2025-12-21 14:08:00,București,6,"['cola', 'cheeseburger', 'milkshake', 'burger clasic']",4,96.0,9.99,32.0,Card,4.0,False,12,6,14,105.99,Grill House,Burgeri,4.0,Medie,Duminica,Normala (31–45 min)
101877,2025-12-21 15:25:00,București,3,"['pizza diavola', 'pizza quattro formaggi']",2,81.0,9.99,33.0,Card,5.0,True,12,6,15,90.99,Pizzeria Vesuvio,Pizza,4.1,Medie,Duminica,Normala (31–45 min)
101878,2025-12-21 18:18:00,Timișoara,14,"['bowl cu somon', 'smoothie']",2,66.0,7.99,19.0,Card,5.0,False,12,6,18,73.99,Fresh & Fit,Healthy,4.1,Medie,Duminica,Rapida (≤30 min)
101879,2025-12-21 18:51:00,Cluj-Napoca,1,"['tiramisu', 'cola']",2,27.0,7.99,26.0,Card,5.0,True,12,6,18,34.99,Pizza Napoli,Pizza,4.6,Mica,Duminica,Rapida (≤30 min)
101880,2025-12-22 11:52:00,București,3,"['tiramisu', 'focaccia']",2,37.0,7.99,44.0,Card,4.0,True,12,0,11,44.99,Pizzeria Vesuvio,Pizza,4.1,Mica,Luni,Normala (31–45 min)
101881,2025-12-22 12:21:00,Cluj-Napoca,16,"['cafea', 'înghețată', 'papanași']",3,49.0,12.99,35.0,Cash,4.2676493405740885,False,12,0,12,61.99,Waffle Time,Desert,4.2,Mica,Luni,Normala (31–45 min)
101882,2025-12-22 12:43:00,Timișoara,8,"['sushi mix 16 buc', 'supă miso']",2,80.0,7.99,37.0,Card,5.0,False,12,0,12,87.99,Wok Express,Asiatic,4.0,Medie,Luni,Normala (31–45 min)
101883,2025-12-22 15:28:00,Iași,2,"['pizza diavola', 'tiramisu']",2,58.0,9.99,19.0,Cash,5.0,True,12,0,15,67.99,Forno Rustico,Pizza,4.3,Medie,Luni,Rapida (≤30 min)
101884,2025-12-22 16:28:00,București,6,['cheeseburger'],1,37.0,7.99,22.0,Card,5.0,False,12,0,16,44.99,Grill House,Burgeri,4.0,Mica,Luni,Rapida (≤30 min)
101885,2025-12-22 21:37:00,Iași,13,"['salată caesar', 'bowl vegan', 'apă plată']",3,79.0,7.99,42.0,Card,5.0,False,12,0,21,86.99,Green Bowl,Healthy,4.5,Medie,Luni,Normala (31–45 min)
101886,2025-12-22 22:26:00,Brașov,18,"['cartofi prăjiți', 'ayran', 'shaorma medie', 'shaorma mare']",4,72.0,12.99,25.0,Cash,4.0,False,12,0,22,84.99,Kebab Istanbul,Fast-food,4.1,Medie,Luni,Rapida (≤30 min)
101887,2025-12-23 14:15:00,București,13,['bowl vegan'],1,39.0,9.99,41.0,Cash,4.2676493405740885,False,12,1,14,48.99,Green Bowl,Healthy,4.5,Mica,Marti,Normala (31–45 min)
101888,2025-12-24 12:18:00,București,3,"['pizza margherita', 'tiramisu']",2,51.0,9.99,35.0,Card,4.2676493405740885,False,12,2,12,60.99,Pizzeria Vesuvio,Pizza,4.1,Medie,Miercuri,Normala (31–45 min)
101889,2025-12-24 13:11:00,Timișoara,3,"['focaccia', 'pizza quattro formaggi']",2,60.0,9.99,30.0,Card,4.2676493405740885,False,12,2,13,69.99,Pizzeria Vesuvio,Pizza,4.1,Medie,Miercuri,Rapida (≤30 min)
101890,2025-12-24 13:32:00,Cluj-Napoca,3,"['focaccia', 'tiramisu', 'pizza quattro formaggi', 'cola']",4,87.0,12.99,25.0,Card,4.2676493405740885,True,12,2,13,99.99,Pizzeria Vesuvio,Pizza,4.1,Medie,Miercuri,Rapida (≤30 min)
101891,2025-12-24 14:38:00,București,13,"['bowl vegan', 'apă plată', 'wrap cu pui', 'smoothie']",4,94.0,9.99,28.0,Card,5.0,True,12,2,14,103.99,Green Bowl,Healthy,4.5,Medie,Miercuri,Rapida (≤30 min)
101892,2025-12-24 17:12:00,Iași,12,"['ciorbă de burtă', 'papanași', 'mici cu muștar (5 buc)']",3,76.0,9.99,24.0,Card,4.2676493405740885,False,12,2,17,85.99,Hanul Bunicii,Tradițional,4.3,Medie,Miercuri,Rapida (≤30 min)
101893,2025-12-24 19:55:00,Iași,12,['ciorbă de burtă'],1,22.0,12.99,44.0,Card,3.0,False,12,2,19,34.99,Hanul Bunicii,Tradițional,4.3,Mica,Miercuri,Normala (31–45 min)
101894,2025-12-24 20:12:00,București,5,"['cartofi prăjiți', 'cheeseburger', 'burger clasic']",3,83.0,9.99,40.0,Card,4.0,True,12,2,20,92.99,Smash Bros Burgers,Burgeri,4.7,Medie,Miercuri,Normala (31–45 min)
101895,2025-12-24 20:29:00,Cluj-Napoca,8,"['sushi mix 16 buc', 'noodles cu pui', 'supă miso', 'pad thai']",4,157.0,0.0,38.0,Card,4.0,False,12,2,20,157.0,Wok Express,Asiatic,4.0,Mare,Miercuri,Normala (31–45 min)
101896,2025-12-25 11:43:00,București,9,"['sushi mix 16 buc', 'ceai verde', 'supă miso', 'california roll']",4,127.0,0.0,37.0,Card,4.2676493405740885,False,12,3,11,127.0,Bangkok Street,Asiatic,4.2,Mare,Joi,Normala (31–45 min)
101897,2025-12-25 12:45:00,București,10,"['limonadă', 'sarmale cu mămăligă', 'șnițel cu piure']",3,86.0,7.99,49.0,Card,4.2676493405740885,True,12,3,12,93.99,La Mama Acasă,Tradițional,4.8,Medie,Joi,Lenta (>45 min)
101898,2025-12-25 16:47:00,Iași,16,['cafea'],1,10.0,7.99,19.0,Card,4.0,False,12,3,16,17.990000000000002,Waffle Time,Desert,4.2,Mica,Joi,Rapida (≤30 min)
101899,2025-12-25 18:04:00,Brașov,4,"['burger clasic', 'onion rings', 'cola']",3,56.0,7.99,13.0,Cash,4.2676493405740885,False,12,3,18,63.99,Burger Point,Burgeri,4.4,Medie,Joi,Rapida (≤30 min)
101900,2025-12-25 18:21:00,Brașov,17,['shaorma mare'],1,29.0,9.99,23.0,Cash,5.0,True,12,3,18,38.99,Shaorma King,Fast-food,3.9,Mica,Joi,Rapida (≤30 min)
101901,2025-12-25 18:55:00,Iași,17,['ayran'],1,7.0,9.99,21.0,Card,4.2676493405740885,False,12,3,18,16.990000000000002,Shaorma King,Fast-food,3.9,Mica,Joi,Rapida (≤30 min)
101902,2025-12-25 19:01:00,Timișoara,16,"['cafea', 'înghețată']",2,25.0,9.99,43.0,Card,3.0,False,12,3,19,34.99,Waffle Time,Desert,4.2,Mica,Joi,Normala (31–45 min)
101903,2025-12-25 19:47:00,Iași,17,['shaorma medie'],1,24.0,7.99,31.0,Card,4.2676493405740885,False,12,3,19,31.990000000000002,Shaorma King,Fast-food,3.9,Mica,Joi,Normala (31–45 min)
101904,2025-12-25 20:48:00,Brașov,10,"['mici cu muștar (5 buc)', 'ciorbă de burtă']",2,52.0,7.99,23.0,Card,4.0,False,12,3,20,59.99,La Mama Acasă,Tradițional,4.8,Medie,Joi,Rapida (≤30 min)
101905,2025-12-26 15:19:00,București,12,['papanași'],1,24.0,9.99,43.0,Card,4.2676493405740885,True,12,4,15,33.99,Hanul Bunicii,Tradițional,4.3,Mica,Vineri,Normala (31–45 min)
101906,2025-12-26 16:20:00,Cluj-Napoca,5,['cola'],1,8.0,12.99,25.0,Card,5.0,False,12,4,16,20.990000000000002,Smash Bros Burgers,Burgeri,4.7,Mica,Vineri,Rapida (≤30 min)
101907,2025-12-26 16:39:00,București,6,"['onion rings', 'cheeseburger', 'cola']",3,59.0,12.99,24.0,Card,4.2676493405740885,False,12,4,16,71.99,Grill House,Burgeri,4.0,Medie,Vineri,Rapida (≤30 min)
101908,2025-12-26 16:54:00,București,18,"['shaorma mare', 'falafel wrap']",2,54.0,7.99,27.0,Card,4.0,True,12,4,16,61.99,Kebab Istanbul,Fast-food,4.1,Medie,Vineri,Rapida (≤30 min)
101909,2025-12-26 17:05:00,Brașov,1,"['pizza quattro formaggi', 'focaccia']",2,60.0,9.99,24.0,Cash,4.2676493405740885,False,12,4,17,69.99,Pizza Napoli,Pizza,4.6,Medie,Vineri,Rapida (≤30 min)
101910,2025-12-26 19:52:00,Cluj-Napoca,17,"['shaorma mare', 'kebab la farfurie', 'falafel wrap']",3,89.0,7.99,26.0,Card,4.0,False,12,4,19,96.99,Shaorma King,Fast-food,3.9,Medie,Vineri,Rapida (≤30 min)
101911,2025-12-26 20:39:00,Cluj-Napoca,15,"['cheesecake', 'înghețată']",2,38.0,7.99,30.0,Card,4.2676493405740885,False,12,4,20,45.99,Dulce Cofetărie,Desert,4.6,Mica,Vineri,Rapida (≤30 min)
101912,2025-12-26 21:34:00,Cluj-Napoca,2,['tiramisu'],1,19.0,12.99,39.0,Card,4.0,True,12,4,21,31.990000000000002,Forno Rustico,Pizza,4.3,Mica,Vineri,Normala (31–45 min)
101913,2025-12-27 13:27:00,București,3,['pizza diavola'],1,39.0,7.99,46.0,Card,4.2676493405740885,False,12,5,13,46.99,Pizzeria Vesuvio,Pizza,4.1,Mica,Sambata,Lenta (>45 min)
101914,2025-12-27 13:58:00,București,13,"['salată caesar', 'smoothie']",2,52.0,9.99,33.0,Card,4.2676493405740885,False,12,5,13,61.99,Green Bowl,Healthy,4.5,Medie,Sambata,Normala (31–45 min)
101915,2025-12-27 20:36:00,Timișoara,11,['limonadă'],1,12.0,9.99,38.0,Card,4.0,False,12,5,20,21.990000000000002,Ciorbe și Plăcinte,Tradițional,4.4,Mica,Sambata,Normala (31–45 min)
101916,2025-12-27 21:38:00,Cluj-Napoca,18,"['cartofi prăjiți', 'kebab la farfurie']",2,47.0,12.99,31.0,Card,4.2676493405740885,False,12,5,21,59.99,Kebab Istanbul,Fast-food,4.1,Mica,Sambata,Normala (31–45 min)
101917,2025-12-27 21:45:00,Brașov,3,"['pizza diavola', 'pizza margherita', 'focaccia']",3,89.0,9.99,25.0,Cash,4.2676493405740885,True,12,5,21,98.99,Pizzeria Vesuvio,Pizza,4.1,Medie,Sambata,Rapida (≤30 min)
101918,2025-12-28 11:54:00,Brașov,2,"['pizza diavola', 'pizza capricciosa']",2,80.0,12.99,30.0,Cash,4.2676493405740885,False,12,6,11,92.99,Forno Rustico,Pizza,4.3,Medie,Duminica,Rapida (≤30 min)
101919,2025-12-28 13:11:00,Iași,13,"['bowl vegan', 'bowl cu somon']",2,87.0,9.99,58.0,Card,4.0,False,12,6,13,96.99,Green Bowl,Healthy,4.5,Medie,Duminica,Lenta (>45 min)
101920,2025-12-28 15:11:00,București,4,"['cola', 'milkshake']",2,25.0,12.99,22.0,Card,4.0,False,12,6,15,37.99,Burger Point,Burgeri,4.4,Mica,Duminica,Rapida (≤30 min)
101921,2025-12-28 15:35:00,Brașov,12,"['sarmale cu mămăligă', 'șnițel cu piure']",2,74.0,7.99,22.0,Card,4.2676493405740885,True,12,6,15,81.99,Hanul Bunicii,Tradițional,4.3,Medie,Duminica,Rapida (≤30 min)
101922,2025-12-28 19:16:00,București,1,"['pizza capricciosa', 'pizza diavola']",2,80.0,12.99,41.0,Card,3.0,False,12,6,19,92.99,Pizza Napoli,Pizza,4.6,Medie,Duminica,Normala (31–45 min)
101923,2025-12-28 20:33:00,Cluj-Napoca,4,"['burger clasic', 'cola']",2,42.0,12.99,25.0,Card,4.2676493405740885,False,12,6,20,54.99,Burger Point,Burgeri,4.4,Mica,Duminica,Rapida (≤30 min)
101924,2025-12-28 20:48:00,Timișoara,17,['falafel wrap'],1,25.0,9.99,29.0,Card,5.0,True,12,6,20,34.99,Shaorma King,Fast-food,3.9,Mica,Duminica,Rapida (≤30 min)
101925,2025-12-28 21:04:00,Timișoara,3,"['tiramisu', 'focaccia']",2,37.0,7.99,27.0,Cash,4.2676493405740885,False,12,6,21,44.99,Pizzeria Vesuvio,Pizza,4.1,Mica,Duminica,Rapida (≤30 min)
101926,2025-12-28 22:15:00,București,12,['limonadă'],1,12.0,9.99,35.0,Card,5.0,False,12,6,22,21.990000000000002,Hanul Bunicii,Tradițional,4.3,Mica,Duminica,Normala (31–45 min)
101927,2025-12-29 13:09:00,Timișoara,5,['milkshake'],1,17.0,9.99,35.0,Card,4.0,False,12,0,13,26.990000000000002,Smash Bros Burgers,Burgeri,4.7,Mica,Luni,Normala (31–45 min)
101928,2025-12-29 13:35:00,Cluj-Napoca,5,"['onion rings', 'milkshake', 'cheeseburger']",3,68.0,7.99,28.0,Cash,4.2676493405740885,False,12,0,13,75.99,Smash Bros Burgers,Burgeri,4.7,Medie,Luni,Rapida (≤30 min)
101929,2025-12-29 14:59:00,Cluj-Napoca,1,"['pizza diavola', 'tiramisu']",2,58.0,7.99,20.0,Cash,4.0,False,12,0,14,65.99,Pizza Napoli,Pizza,4.6,Medie,Luni,Rapida (≤30 min)
101930,2025-12-29 15:34:00,Brașov,2,"['pizza diavola', 'cola', 'pizza quattro formaggi']",3,89.0,9.99,25.0,Card,4.2676493405740885,False,12,0,15,98.99,Forno Rustico,Pizza,4.3,Medie,Luni,Rapida (≤30 min)
101931,2025-12-29 15:47:00,Iași,10,['ciorbă de burtă'],1,22.0,7.99,28.0,Card,3.0,False,12,0,15,29.990000000000002,La Mama Acasă,Tradițional,4.8,Mica,Luni,Rapida (≤30 min)
101932,2025-12-29 18:42:00,Cluj-Napoca,6,"['onion rings', 'cola']",2,22.0,9.99,17.0,Card,5.0,False,12,0,18,31.990000000000002,Grill House,Burgeri,4.0,Mica,Luni,Rapida (≤30 min)
101933,2025-12-29 20:23:00,Cluj-Napoca,3,['pizza quattro formaggi'],1,42.0,7.99,23.0,Card,5.0,False,12,0,20,49.99,Pizzeria Vesuvio,Pizza,4.1,Mica,Luni,Rapida (≤30 min)
101934,2025-12-29 21:10:00,București,7,"['noodles cu pui', 'supă miso', 'ceai verde']",3,60.0,9.99,45.0,Cash,5.0,False,12,0,21,69.99,Sushi Zen,Asiatic,4.5,Medie,Luni,Normala (31–45 min)
101935,2025-12-30 11:05:00,București,12,['limonadă'],1,12.0,9.99,38.0,Card,5.0,False,12,1,11,21.990000000000002,Hanul Bunicii,Tradițional,4.3,Mica,Marti,Normala (31–45 min)
101936,2025-12-30 13:53:00,București,17,"['falafel wrap', 'shaorma mare']",2,54.0,7.99,43.0,Card,4.0,True,12,1,13,61.99,Shaorma King,Fast-food,3.9,Medie,Marti,Normala (31–45 min)
101937,2025-12-30 15:00:00,Cluj-Napoca,11,"['ciorbă de burtă', 'sarmale cu mămăligă', 'limonadă']",3,70.0,7.99,38.0,Cash,5.0,False,12,1,15,77.99,Ciorbe și Plăcinte,Tradițional,4.4,Medie,Marti,Normala (31–45 min)
101938,2025-12-30 17:16:00,Timișoara,6,['onion rings'],1,14.0,7.99,19.0,Cash,4.0,False,12,1,17,21.990000000000002,Grill House,Burgeri,4.0,Mica,Marti,Rapida (≤30 min)
101939,2025-12-30 19:54:00,Iași,3,"['focaccia', 'pizza quattro formaggi', 'tiramisu', 'pizza capricciosa']",4,120.0,0.0,27.0,Card,5.0,False,12,1,19,120.0,Pizzeria Vesuvio,Pizza,4.1,Mare,Marti,Rapida (≤30 min)
101940,2025-12-30 20:41:00,Timișoara,14,"['smoothie', 'apă plată']",2,24.0,7.99,26.0,Card,5.0,False,12,1,20,31.990000000000002,Fresh & Fit,Healthy,4.1,Mica,Marti,Rapida (≤30 min)
101941,2025-12-31 12:45:00,Timișoara,17,['ayran'],1,7.0,7.99,29.0,Card,4.2676493405740885,False,12,2,12,14.99,Shaorma King,Fast-food,3.9,Mica,Miercuri,Rapida (≤30 min)
101942,2025-12-31 13:18:00,Cluj-Napoca,17,"['shaorma medie', 'kebab la farfurie', 'cartofi prăjiți']",3,71.0,12.99,34.0,Card,4.0,False,12,2,13,83.99,Shaorma King,Fast-food,3.9,Medie,Miercuri,Normala (31–45 min)
101943,2025-12-31 15:49:00,București,16,['papanași'],1,24.0,7.99,21.0,Cash,4.0,False,12,2,15,31.990000000000002,Waffle Time,Desert,4.2,Mica,Miercuri,Rapida (≤30 min)
101944,2025-12-31 16:01:00,București,3,"['pizza diavola', 'pizza quattro formaggi']",2,81.0,7.99,29.0,Card,5.0,True,12,2,16,88.99,Pizzeria Vesuvio,Pizza,4.1,Medie,Miercuri,Rapida (≤30 min)
101945,2025-12-31 18:02:00,Iași,1,"['pizza diavola', 'cola']",2,47.0,7.99,28.0,Card,4.0,False,12,2,18,54.99,Pizza Napoli,Pizza,4.6,Mica,Miercuri,Rapida (≤30 min)
101946,2025-12-31 18:40:00,Cluj-Napoca,6,"['milkshake', 'burger bbq', 'cola', 'cheeseburger']",4,104.0,0.0,24.0,Cash,5.0,False,12,2,18,104.0,Grill House,Burgeri,4.0,Mare,Miercuri,Rapida (≤30 min)
101947,2025-12-31 18:56:00,Iași,18,"['ayran', 'shaorma mare', 'shaorma medie']",3,60.0,12.99,25.0,Card,5.0,False,12,2,18,72.99,Kebab Istanbul,Fast-food,4.1,Medie,Miercuri,Rapida (≤30 min)
101948,2025-12-31 19:04:00,Timișoara,10,"['mici cu muștar (5 buc)', 'sarmale cu mămăligă']",2,66.0,7.99,36.0,Card,5.0,False,12,2,19,73.99,La Mama Acasă,Tradițional,4.8,Medie,Miercuri,Normala (31–45 min)
101949,2025-12-31 19:45:00,București,11,"['ciorbă de burtă', 'limonadă']",2,34.0,9.99,41.0,Card,3.0,False,12,2,19,43.99,Ciorbe și Plăcinte,Tradițional,4.4,Mica,Miercuri,Normala (31–45 min)
101950,2025-12-31 22:37:00,Iași,13,"['bowl vegan', 'apă plată']",2,45.0,9.99,20.0,Card,4.0,True,12,2,22,54.99,Green Bowl,Healthy,4.5,Mica,Miercuri,Rapida (≤30 min)
