id_comanda,data_comanda,oras,id_restaurant,produse,nr_produse,valoare_produse,cost_livrare,timp_livrare_min,metoda_plata,rating_client,client_nou
100001,2025-01-01 15:25,București,18,['Shaorma medie'],1,24.0,9.99,30,Card,5.0,True
100002,2025-01-01 19:41,Brașov,18,"['Shaorma mare', 'Falafel wrap', 'Cartofi prăjiți', 'Ayran']",4,73.0,12.99,22,Card,,False
100003,2025-01-01 20:19,București,7,"['Pad Thai', 'Supă Miso', 'Noodles cu pui']",3,92.0,7.99,47,Cash,,False
100004,2025-01-02 10:25,București,18,"['Shaorma medie', 'Shaorma mare', 'Falafel wrap']",3,78.0,9.99,29,Card,4.0,True
100005,2025-01-02 13:56,Timișoara,18,"['Shaorma medie', 'Shaorma mare', 'Ayran']",3,60.0,9.99,29,Card,5.0,False
100006,2025-01-02 16:19,București,4,['Cola'],1,8.0,7.99,42,Card,3.0,False
100007,2025-01-02 21:36,București,18,"['Cartofi prăjiți', 'Shaorma medie']",2,36.0,7.99,38,Card,4.0,True
100008,2025-01-02 21:44,Cluj-Napoca,6,"['Burger Clasic', 'Cola']",2,42.0,7.99,26,Card,,False
100009,2025-01-03 11:00,București,9,"['Noodles cu pui', 'Sushi Mix 16 buc']",2,101.0,0.0,27,Cash,5.0,True
100010,2025-01-03 13:05,București,3,['Pizza Quattro Formaggi'],1,42.0,9.99,38,Card,5.0,True
100011,2025-01-03 14:41,Cluj-Napoca,9,"['Supă Miso', 'Pad Thai', 'California Roll']",3,94.0,9.99,26,Card,5.0,False
100012,2025-01-03 14:44,Bucuresti,1,['Focaccia'],1,18.0,9.99,28,Card,5.0,False
100013,2025-01-03 15:24,Timișoara,12,"['Șnițel cu piure', 'Limonadă', 'Sarmale cu mămăligă', 'Ciorbă de burtă']",4,108.0,0.0,32,Card,4.0,True
100014,2025-01-03 19:31,București,2,"['Tiramisu', 'Pizza Quattro Formaggi', 'Pizza Margherita', 'Pizza Capricciosa']",4,134.0,0.0,42,Card,,True
100015,2025-01-04 10:32,București,9,"['Noodles cu pui', 'Sushi Mix 16 buc', 'Supă Miso', 'California Roll']",4,154.0,0.0,20,Cash,5.0,True
100016,2025-01-04 19:07,Cluj-Napoca,18,['Kebab la farfurie'],1,35.0,12.99,16,Card,5.0,True
100017,2025-01-04 20:03,Cluj-Napoca,10,"['Sarmale cu mămăligă', 'Papanași', 'Șnițel cu piure']",3,98.0,12.99,32,Card,4.0,False
100018,2025-01-04 21:16,București,2,"['Pizza Margherita', 'Tiramisu', 'Pizza Quattro Formaggi']",3,93.0,12.99,49,Card,3.0,False
100019,2025-01-04 22:49,București,4,"['Cheeseburger', 'Burger BBQ', 'Burger Clasic']",3,113.0,0.0,38,Card,3.0,False
100020,2025-01-04 23:57,București,3,"['Pizza Diavola', 'Cola']",2,47.0,7.99,21,Cash,5.0,True
100021,2025-01-05 16:04,bucurești,10,"['Sarmale cu mămăligă', 'Șnițel cu piure']",2,74.0,9.99,43,Card,4.0,False
100022,2025-01-05 16:09,Timișoara,10,"['Limonadă', 'Papanași']",2,0,9.99,36,Card,,False
100023,2025-01-05 18:55,București,2,"['Pizza Quattro Formaggi', 'Pizza Margherita']",2,74.0,9.99,30,Card,5.0,False
100024,2025-01-05 18:59,București,18,"['Cartofi prăjiți', 'Ayran', 'Kebab la farfurie', 'Shaorma medie']",4,78.0,9.99,20,Cash,4.0,False
100025,2025-01-05 19:18,București,12,['Șnițel cu piure'],1,38.0,7.99,36,Card,5.0,False
100026,2025-01-05 23:50,București,17,"['Falafel wrap', 'Cartofi prăjiți']",2,37.0,7.99,46,Card,2.0,False
100027,2025-01-06 14:31,Cluj-Napoca,1,"['Pizza Capricciosa', 'Tiramisu']",2,60.0,9.99,18,Card,4.0,False
100028,2025-01-06 19:38,București,18,"['Kebab la farfurie', 'Cartofi prăjiți']",2,47.0,12.99,38,Card,,False
100029,2025-01-06 19:57,Cluj-Napoca,9,['Sushi Mix 16 buc'],1,65.0,9.99,35,Cash,,False
100030,2025-01-06 21:07,Timișoara,2,"['Focaccia', 'Pizza Diavola', 'Pizza Margherita']",3,89.0,12.99,33,Cash,4.0,True
100031,2025-01-06 21:57,Brașov,16,"['Papanași', 'Clătite cu ciocolată']",2,45.0,9.99,27,Card,5.0,True
100032,2025-01-06 22:45,Brașov,1,['Pizza Margherita'],1,32.0,7.99,14,Card,,False
100033,2025-01-07 12:08,București,6,"['Cola', 'Onion rings', 'Milkshake', 'Cheeseburger']",4,76.0,12.99,38,Card,,False
100034,2025-01-07 14:23,București,18,['Ayran'],1,7.0,9.99,31,Card,,False
100035,2025-01-07 19:45,Iași,16,"['Cheesecake', 'Clătite cu ciocolată', 'Înghețată']",3,59.0,7.99,34,Card,,True
100036,2025-01-08 13:17,București,6,['Milkshake'],1,17.0,9.99,43,Card,4.0,False
100037,2025-01-08 19:51,București,5,"['Cola', 'Burger Clasic']",2,42.0,9.99,44,Card,,False
100038,2025-01-08 20:25,Iași,17,"['Shaorma mare', 'Kebab la farfurie', 'Ayran']",3,71.0,9.99,40,Card,,False
100039,2025-01-08 20:37,Cluj-Napoca,10,"['Ciorbă de burtă', 'Sarmale cu mămăligă', 'Mici cu muștar (5 buc)', 'Șnițel cu piure']",4,126.0,0.0,35,Card,5.0,False
100040,2025-01-08 23:11,Iași,11,['Mici cu muștar (5 buc)'],1,30.0,9.99,20,Card,5.0,False
100041,2025-01-09 14:51,Cluj-Napoca,10,"['Mici cu muștar (5 buc)', 'Papanași', 'Șnițel cu piure']",3,92.0,7.99,24,Card,4.0,False
100042,2025-01-09 18:32,București,12,"['Ciorbă de burtă', 'Limonadă', 'Mici cu muștar (5 buc)']",3,64.0,9.99,28,Card,4.0,False
100043,2025-01-09 18:46,Bucuresti,16,"['Înghețată', 'Papanași']",2,39.0,7.99,26,Card,5.0,False
100044,2025-01-09 19:26,Cluj-Napoca,13,"['Wrap cu pui', 'Bowl cu somon', 'Salată Caesar', 'Apă plată']",4,119.0,0.0,26,Cash,,False
100045,2025-01-10 12:41,Timișoara,16,"['Clătite cu ciocolată', 'Cheesecake', 'Waffle cu fructe']",3,70.0,7.99,26,Card,,False
100046,2025-01-10 14:51,Iași,9,"['Supă Miso', 'Sushi Mix 16 buc']",2,80.0,9.99,20,Cash,4.0,True
100047,2025-01-10 15:04,București,15,"['Clătite cu ciocolată', 'Cheesecake']",2,44.0,12.99,27,Card,5.0,True
100048,2025-01-10 16:38,Cluj-Napoca,8,['Supă Miso'],1,15.0,7.99,33,Card,4.0,True
100049,2025-01-10 19:54,Cluj-Napoca,1,"['Pizza Quattro Formaggi', 'Focaccia']",2,60.0,9.99,34,Card,,False
100050,2025-01-10 19:57,Cluj-Napoca,18,"['Cartofi prăjiți', 'Kebab la farfurie']",2,47.0,12.99,41,Card,4.0,False
100051,2025-01-10 21:13,Cluj-Napoca,3,"['Pizza Capricciosa', 'Tiramisu']",2,60.0,7.99,41,Cash,4.0,True
100052,2025-01-11 13:41,București,3,"['Pizza Margherita', 'Pizza Capricciosa', 'Focaccia']",3,91.0,9.99,37,Cash,,False
100053,2025-01-11 17:52,Iași,2,['Pizza Capricciosa'],1,41.0,9.99,17,Card,4.0,False
100054,2025-01-11 19:11,Iași,6,['Cola'],1,8.0,7.99,33,Card,5.0,False
100055,2025-01-11 21:18,București,9,"['Ceai verde', 'Noodles cu pui']",2,45.0,7.99,45,Card,,False
100056,2025-01-11 23:30,București,2,['Tiramisu'],1,19.0,12.99,30,Card,4.0,False
100057,2025-01-11 23:56,București,9,"['California Roll', 'Supă Miso', 'Ceai verde']",3,62.0,7.99,34,Cash,4.0,False
100057,2025-01-11 23:56,București,9,"['California Roll', 'Supă Miso', 'Ceai verde']",3,62.0,7.99,34,Cash,4.0,False
100058,2025-01-12 12:27,Iași,18,['Kebab la farfurie'],1,35.0,9.99,34,Card,,False
100059,2025-01-12 14:42,Cluj-Napoca,5,"['Burger BBQ', 'Onion rings']",2,56.0,9.99,32,Card,4.0,False
100060,2025-01-12 14:46,Cluj-Napoca,10,"['Papanași', 'Mici cu muștar (5 buc)']",2,54.0,12.99,21,Card,4.0,False
100061,2025-01-12 17:18,Iași,2,['Pizza Quattro Formaggi'],1,42.0,12.99,18,Card,,False
100062,2025-01-13 10:04,București,10,"['Ciorbă de burtă', 'Șnițel cu piure']",2,60.0,12.99,57,Card,,False
100063,2025-01-13 12:06,Cluj-Napoca,4,"['Burger Clasic', 'Cola', 'Burger BBQ']",3,84.0,7.99,19,Card,5.0,False
100064,2025-01-13 14:57,Timișoara,8,"['Noodles cu pui', 'Supă Miso']",2,51.0,9.99,26,Card,,True
100065,2025-01-13 18:02,București,10,"['Sarmale cu mămăligă', 'Ciorbă de burtă']",2,58.0,12.99,,Card,3.0,False
100066,2025-01-13 19:18,Cluj-Napoca,9,['Ceai verde'],1,9.0,9.99,32,Card,5.0,True
100067,2025-01-13 19:42,Cluj-Napoca,8,"['Sushi Mix 16 buc', 'Ceai verde', 'California Roll']",3,112.0,0.0,35,Card,,False
100068,2025-01-13 20:04,București,9,"['Noodles cu pui', 'Sushi Mix 16 buc', 'Ceai verde']",3,110.0,0.0,44,Card,3.0,False
100069,2025-01-13 20:12,București,2,"['Pizza Capricciosa', 'Pizza Quattro Formaggi', 'Pizza Diavola']",3,122.0,0.0,42,Card,,False
100070,2025-01-13 20:23,Timișoara,3,['Pizza Margherita'],1,32.0,9.99,23,Card,,False
100071,2025-01-13 22:59,București,8,['California Roll'],1,38.0,7.99,28,Card,,False
100072,2025-01-14 15:32,Brașov,4,['Onion rings'],1,14.0,7.99,23,Card,4.0,False
100073,2025-01-14 16:39,Iași,17,"['Shaorma mare', 'Cartofi prăjiți']",2,41.0,7.99,28,Cash,4.0,True
100074,2025-01-14 22:25,Iași,6,"['Burger Clasic', 'Milkshake', 'Burger BBQ']",3,93.0,9.99,12,Card,,False
100075,2025-01-14 23:06,Timișoara,3,['Pizza Capricciosa'],1,41.0,12.99,12,Cash,4.0,False
100076,2025-01-15 19:58,Brașov,4,"['Burger Clasic', 'Milkshake', 'Onion rings']",3,65.0,9.99,36,Cash,5.0,False
100077,2025-01-15 20:59,București,9,"['Pad Thai', 'Noodles cu pui', 'Supă Miso', 'Sushi Mix 16 buc']",4,157.0,0.0,,Card,,False
100078,2025-01-16 12:29,Cluj-Napoca,1,['Pizza Diavola'],1,39.0,7.99,25,Card,5.0,False
100079,2025-01-16 18:57,Brașov,2,"['Pizza Margherita', 'Cola']",2,40.0,12.99,23,Cash,4.0,False
100080,2025-01-16 20:55,Cluj-Napoca,13,"['Bowl vegan', 'Wrap cu pui', 'Salată Caesar']",3,104.0,0.0,30,Card,,False
100081,2025-01-16 21:01,București,15,"['Cafea', 'Înghețată', 'Waffle cu fructe']",3,51.0,9.99,39,Cash,,False
100082,2025-01-17 13:01,Timisoara,10,"['Limonadă', 'Sarmale cu mămăligă']",2,48.0,9.99,33,Cash,5.0,False
100083,2025-01-17 19:27,BRAȘOV,13,"['Apă plată', 'Wrap cu pui', 'Bowl vegan']",3,76.0,9.99,34,Card,5.0,False
100084,2025-01-17 19:58,Brașov,2,"['Pizza Margherita', 'Pizza Capricciosa', 'Cola']",3,81.0,9.99,34,Card,5.0,False
100085,2025-01-17 20:02,Cluj-Napoca,11,['Ciorbă de burtă'],1,22.0,9.99,,Card,,False
100086,2025-01-17 20:03,București,4,"['Cola', 'Cheeseburger']",2,45.0,9.99,45,Card,4.0,False
100087,2025-01-17 20:07,Timișoara,14,"['Smoothie', 'Bowl cu somon']",2,66.0,12.99,40,Cash,4.0,False
100088,2025-01-17 20:22,Brașov,1,"['Pizza Quattro Formaggi', 'Tiramisu']",2,61.0,7.99,41,Card,,False
100089,2025-01-17 20:39,Iași,7,"['Pad Thai', 'California Roll']",2,79.0,9.99,,Cash,,False
100090,2025-01-17 21:01,Timișoara,12,"['Mici cu muștar (5 buc)', 'Șnițel cu piure', 'Sarmale cu mămăligă', 'Ciorbă de burtă']",4,126.0,0.0,25,Card,5.0,False
100091,2025-01-17 21:19,Cluj-Napoca,18,"['Falafel wrap', 'Cartofi prăjiți']",2,37.0,9.99,25,Card,5.0,False
100092,2025-01-18 12:55,București,5,"['Cartofi prăjiți', 'Burger BBQ']",2,54.0,9.99,36,Card,5.0,False
100093,2025-01-18 13:43,București,10,"['Șnițel cu piure', 'Sarmale cu mămăligă']",2,74.0,9.99,54,Card,,False
100094,2025-01-18 14:35,Timișoara,9,"['Sushi Mix 16 buc', 'Noodles cu pui']",2,101.0,0.0,35,Card,4.0,False
100095,2025-01-18 16:44,Cluj-Napoca,4,"['Burger BBQ', 'Cheeseburger', 'Onion rings']",3,93.0,9.99,17,Card,5.0,True
100096,2025-01-18 20:07,Cluj-Napoca,6,"['Cartofi prăjiți', 'Onion rings']",2,26.0,9.99,26,Card,5.0,False
100096,2025-01-18 20:07,Cluj-Napoca,6,"['Cartofi prăjiți', 'Onion rings']",2,26.0,9.99,26,Card,5.0,False
100097,2025-01-18 20:16,București,1,"['Tiramisu', 'Pizza Margherita']",2,51.0,7.99,53,Cash,3.0,True
100098,2025-01-18 21:16,Iași,1,"['Focaccia', 'Pizza Quattro Formaggi', 'Tiramisu']",3,79.0,9.99,44,Cash,4.0,False
100099,2025-01-19 12:39,Timișoara,15,"['Waffle cu fructe', 'Înghețată', 'Cafea']",3,51.0,9.99,36,Card,,False
100100,2025-01-19 12:49,Iași,7,"['Ceai verde', 'Supă Miso', 'Sushi Mix 16 buc']",3,89.0,7.99,20,Card,5.0,True
100101,2025-01-19 13:31,București,18,"['Falafel wrap', 'Kebab la farfurie', 'Shaorma mare', 'Cartofi prăjiți']",4,101.0,0.0,28,Card,4.0,False
100102,2025-01-19 16:50,Timișoara,10,"['Șnițel cu piure', 'Mici cu muștar (5 buc)']",2,68.0,7.99,21,Card,5.0,False
100103,2025-01-19 17:27,Cluj-Napoca,4,"['Burger BBQ', 'Cheeseburger', 'Cartofi prăjiți']",3,91.0,9.99,19,Card,5.0,False
100104,2025-01-19 20:02,Cluj-Napoca,17,"['Kebab la farfurie', 'Shaorma medie']",2,59.0,9.99,38,Card,4.0,False
100105,2025-01-19 20:40,București,13,"['Wrap cu pui', 'Bowl cu somon']",2,79.0,7.99,40,Card,3.0,True
100106,2025-01-19 21:29,Brașov,11,['Limonadă'],1,12.0,7.99,40,Card,4.0,False
100107,2025-01-19 22:47,București,12,"['Ciorbă de burtă', 'Sarmale cu mămăligă']",2,58.0,7.99,28,Cash,4.0,False
100108,2025-01-20 19:00,Cluj-Napoca,16,"['Cafea', 'Waffle cu fructe']",2,36.0,7.99,26,Card,5.0,False
100109,2025-01-20 21:04,Iași,2,['Cola'],1,8.0,9.99,27,Card,5.0,False
100110,2025-01-20 21:54,București,9,"['Supă Miso', 'Sushi Mix 16 buc']",2,80.0,9.99,47,Card,5.0,True
100111,2025-01-20 22:44,Cluj-Napoca,17,"['Falafel wrap', 'Shaorma mare']",2,54.0,7.99,17,Card,4.0,False
100112,2025-01-21 13:04,București,4,"['Burger Clasic', 'Cartofi prăjiți', 'Cola']",3,54.0,9.99,39,card,,False
100113,2025-01-21 16:00,București,17,"['Shaorma medie', 'Cartofi prăjiți', 'Kebab la farfurie']",3,71.0,12.99,16,Card,5.0,False
100114,2025-01-21 23:43,Brașov,18,"['Cartofi prăjiți', 'Shaorma mare', 'Falafel wrap']",3,66.0,12.99,23,Cash,5.0,False
100115,2025-01-22 17:32,Brașov,10,['Ciorbă de burtă'],1,22.0,7.99,31,Card,4.0,False
100116,2025-01-22 18:40,București,1,"['Pizza Capricciosa', 'Pizza Margherita']",2,73.0,7.99,36,Cash,4.0,False
100117,2025-01-22 18:59,Timișoara,15,"['Papanași', 'Cheesecake', 'Clătite cu ciocolată']",3,68.0,9.99,18,Card,4.0,False
100117,2025-01-22 18:59,Timișoara,15,"['Papanași', 'Cheesecake', 'Clătite cu ciocolată']",3,68.0,9.99,18,Card,4.0,False
100118,2025-01-23 13:09,Cluj-Napoca,4,"['Cheeseburger', 'Cartofi prăjiți']",2,49.0,12.99,23,Card,4.0,True
100119,2025-01-23 18:20,Brașov,8,"['Pad Thai', 'Noodles cu pui']",2,77.0,7.99,27,Card,5.0,False
100120,2025-01-23 18:45,Timișoara,9,"['California Roll', 'Supă Miso', 'Pad Thai']",3,94.0,9.99,12,Card,,False
100121,2025-01-23 19:00,Iași,1,"['Tiramisu', 'Pizza Diavola', 'Focaccia', 'Pizza Quattro Formaggi']",4,118.0,0.0,16,Card,4.0,False
100122,2025-01-23 19:34,București,14,"['Apă plată', 'Wrap cu pui', 'Salată Caesar']",3,71.0,12.99,48,Card,,False
100123,2025-01-23 21:55,Cluj-Napoca,12,"['Papanași', 'Șnițel cu piure', 'Limonadă', 'Ciorbă de burtă']",4,96.0,7.99,43,Card,4.0,False
100124,2025-01-24 12:12,București,5,"['Onion rings', 'Cola', 'Milkshake']",3,39.0,9.99,36,Card,,False
100125,2025-01-24 12:24,Brașov,8,"['Ceai verde', 'Supă Miso', 'California Roll']",3,62.0,7.99,24,Cash,,True
100126,2025-01-24 14:10,Timișoara,11,"['Șnițel cu piure', 'Ciorbă de burtă', 'Sarmale cu mămăligă']",3,96.0,7.99,16,Card,5.0,True
100127,2025-01-24 16:28,București,15,"['Waffle cu fructe', 'Cheesecake']",2,49.0,12.99,32,Cash,4.0,False
100128,2025-01-24 17:54,București,1,"['Focaccia', 'Tiramisu']",2,37.0,7.99,,Cash,,False
100129,2025-01-24 18:07,Timișoara,18,"['Shaorma mare', 'Ayran']",2,36.0,12.99,20,Cash,4.0,True
100130,2025-01-24 19:22,București,7,"['Noodles cu pui', 'Ceai verde', 'California Roll']",3,83.0,12.99,40,Card,,False
100131,2025-01-24 20:34,Timișoara,4,"['Milkshake', 'Cola']",2,25.0,7.99,29,Cash,5.0,True
100132,2025-01-24 20:46,București,3,"['Pizza Quattro Formaggi', 'Pizza Diavola', 'Cola']",3,89.0,9.99,30,Card,,False
100133,2025-01-24 21:42,Brașov,4,"['Onion rings', 'Burger BBQ', 'Milkshake']",3,73.0,7.99,38,Cash,,False
100134,2025-01-24 21:55,Cluj-Napoca,12,"['Mici cu muștar (5 buc)', 'Șnițel cu piure', 'Ciorbă de burtă', 'Papanași']",4,114.0,0.0,32,Card,4.0,False
100135,2025-01-24 22:17,București,18,['Ayran'],1,7.0,7.99,43,Card,,False
100136,2025-01-24 22:55,Brașov,5,"['Onion rings', 'Burger Clasic']",2,48.0,7.99,29,Card,,False
100137,2025-01-25 11:52,București,4,['Cartofi prăjiți'],1,12.0,9.99,37,Cash,,False
100138,2025-01-25 12:11,București,11,"['Limonadă', 'Ciorbă de burtă']",2,34.0,9.99,44,Card,5.0,True
100139,2025-01-25 13:46,Cluj-Napoca,3,"['Cola', 'Pizza Capricciosa', 'Pizza Margherita']",3,-32.0,12.99,41,Cash,,True
100140,2025-01-25 14:09,București,6,"['Cheeseburger', 'Burger Clasic']",2,71.0,9.99,34,Cash,5.0,True
100141,2025-01-25 19:42,Cluj-Napoca,4,"['Onion rings', 'Cheeseburger', 'Burger BBQ']",3,93.0,7.99,23,Card,5.0,False
100142,2025-01-25 20:30,Timisoara,4,"['Cartofi prăjiți', 'Onion rings', 'Burger BBQ']",3,68.0,9.99,22,Card,3.0,True
100143,2025-01-25 21:38,Cluj,13,['Apă plată'],1,6.0,9.99,24,Card,4.0,True
100144,2025-01-26 11:09,București,18,['Ayran'],1,7.0,9.99,35,Cash,5.0,False
100145,2025-01-26 12:29,Brașov,15,['Cafea'],1,10.0,7.99,40,Card,5.0,False
100146,2025-01-26 14:13,București,4,"['Cola', 'Cartofi prăjiți']",2,20.0,12.99,25,Card,5.0,False
100147,2025-01-26 15:06,Brașov,13,['Apă plată'],1,6.0,12.99,23,Card,5.0,False
100148,2025-01-26 18:28,Cluj-Napoca,10,"['Mici cu muștar (5 buc)', 'Papanași']",2,54.0,9.99,32,Card,,True
100149,2025-01-26 19:03,București,13,"['Wrap cu pui', 'Bowl cu somon']",2,79.0,7.99,33,Card,5.0,False
100150,2025-01-26 19:06,București,14,['Salată Caesar'],1,34.0,12.99,38,Card,3.0,False
100151,2025-01-26 19:41,Brașov,17,"['Falafel wrap', 'Shaorma medie']",2,49.0,7.99,24,Card,5.0,False
100152,2025-01-26 20:16,Timișoara,17,"['Falafel wrap', 'Ayran']",2,32.0,7.99,26,Card,,False
100153,2025-01-26 20:41,Timișoara,9,"['California Roll', 'Sushi Mix 16 buc', 'Pad Thai', 'Ceai verde']",4,153.0,0.0,41,Card,5.0,False
100154,2025-01-26 21:30,București,3,"['Pizza Diavola', 'Pizza Capricciosa', 'Focaccia', 'Pizza Quattro Formaggi']",4,140.0,0.0,32,Card,5.0,False
100155,2025-01-26 21:41,București,11,"['Mici cu muștar (5 buc)', 'Șnițel cu piure', 'Ciorbă de burtă', 'Papanași']",4,114.0,0.0,34,Card,,True
100156,2025-01-26 21:51,Iași,11,"['Sarmale cu mămăligă', 'Șnițel cu piure']",2,74.0,9.99,36, Card,5.0,True
100157,2025-01-27 12:01,Timișoara,6,['Cola'],1,8.0,9.99,29,Card,,True
100158,2025-01-27 16:46,București,3,['Tiramisu'],1,19.0,9.99,41,Cash,4.0,False
100159,2025-01-27 17:37,București,9,"['Pad Thai', 'Supă Miso']",2,56.0,7.99,33,Card,,False
100160,2025-01-27 20:32,Brașov,2,"['Pizza Quattro Formaggi', 'Focaccia']",2,60.0,12.99,14,Cash,,True
100161,2025-01-27 20:50,București,13,"['Wrap cu pui', 'Bowl vegan']",2,70.0,12.99,48,Cash,4.0,False
100162,2025-01-28 12:08,București,10,"['Mici cu muștar (5 buc)', 'Sarmale cu mămăligă', 'Papanași']",3,90.0,12.99,51,Cash,5.0,False
100163,2025-01-28 12:24,București,18,"['Cartofi prăjiți', 'Ayran']",2,19.0,9.99,42,Card,,True
100164,2025-01-28 16:10,București,4,"['Milkshake', 'Burger Clasic']",2,51.0,7.99,30,Card,4.0,False
100165,2025-01-28 16:41,Iași,17,"['Kebab la farfurie', 'Shaorma mare']",2,64.0,9.99,25,Card,5.0,True
100166,2025-01-28 17:38,Cluj-Napoca,17,"['Falafel wrap', 'Cartofi prăjiți']",2,37.0,7.99,16,Cash,5.0,False
100167,2025-01-28 18:59,Bucuresti,7,"['Sushi Mix 16 buc', 'Pad Thai', 'California Roll']",3,144.0,0.0,44,Cash,4.0,False
100168,2025-01-28 20:01,Iași,15,['Clătite cu ciocolată'],1,21.0,12.99,37,Cash,4.0,True
100169,2025-01-28 20:07,Iași,8,"['Noodles cu pui', 'California Roll', 'Supă Miso']",3,89.0,7.99,39,Cash,,False
100170,2025-01-28 21:30,Timișoara,3,"['Tiramisu', 'Focaccia']",2,37.0,12.99,35,Card,,False
100171,2025-01-29 15:53,București,1,['Pizza Diavola'],1,39.0,12.99,33,Card,5.0,True
100172,2025-01-29 18:24,Cluj-Napoca,1,"['Pizza Capricciosa', 'Focaccia']",2,59.0,12.99,28,Card,5.0,True
100173,2025-01-29 19:25,Brașov,1,"['Pizza Margherita', 'Pizza Quattro Formaggi']",2,74.0,9.99,22,Cash,,False
100174,2025-01-29 19:31,Brașov,1,"['Tiramisu', 'Focaccia', 'Cola', 'Pizza Quattro Formaggi']",4,87.0,12.99,21,Card,4.0,False
100175,2025-01-29 21:21,Brașov,16,"['Înghețată', 'Cheesecake', 'Waffle cu fructe', 'Papanași']",4,88.0,9.99,29,Card,,False
100176,2025-01-29 21:52,București,6,['Milkshake'],1,17.0,9.99,28,Cash,4.0,False
100177,2025-01-29 22:02,Cluj-Napoca,15,"['Înghețată', 'Cafea']",2,25.0,7.99,21,Card,5.0,False
100178,2025-01-29 22:08,Cluj-Napoca,12,['Papanași'],1,24.0,7.99,34,Cash,,True
100179,2025-01-29 22:57,Iași,4,"['Milkshake', 'Burger BBQ', 'Cheeseburger', 'Cartofi prăjiți']",4,108.0,0.0,27,Cash,,False
100180,2025-01-29 23:03,București,7,"['Ceai verde', 'California Roll']",2,47.0,12.99,39,Card,3.0,False
100181,2025-01-30 18:19,București,17,['Cartofi prăjiți'],1,12.0,7.99,24,Card,,False
100182,2025-01-30 18:50,Brașov,2,"['Pizza Capricciosa', 'Pizza Diavola']",2,80.0,9.99,22,Card,4.0,False
100183,2025-01-30 19:42,Iași,16,"['Waffle cu fructe', 'Cheesecake']",2,49.0,7.99,23,Card,3.0,False
100184,2025-01-30 21:21,Cluj-Napoca,13,"['Bowl cu somon', 'Salată Caesar']",2,82.0,9.99,33,Card,4.0,False
100184,2025-01-30 21:21,Cluj-Napoca,13,"['Bowl cu somon', 'Salată Caesar']",2,82.0,9.99,33,Card,4.0,False
100185,2025-01-31 12:24,Timișoara,15,['Clătite cu ciocolată'],1,21.0,9.99,31,Cash,,False
100186,2025-01-31 12:55,Timișoara,17,"['Cartofi prăjiți', 'Shaorma medie', 'Shaorma mare', 'Kebab la farfurie']",4,100.0,0.0,31,Card,,False
100187,2025-01-31 12:58,Cluj-Napoca,1,"['Pizza Margherita', 'Focaccia']",2,50.0,7.99,21,Card,,True
100188,2025-01-31 16:41,Brașov,17,"['Falafel wrap', 'Kebab la farfurie', 'Cartofi prăjiți', 'Shaorma mare']",4,101.0,0.0,13,Card,4.0,False
100189,2025-01-31 18:18,BUCURESTI,4,"['Milkshake', 'Cola', 'Cartofi prăjiți']",3,37.0,7.99,40,Cash,,False
100190,2025-01-31 19:12,Timișoara,18,['Cartofi prăjiți'],1,12.0,7.99,34,Cash,4.0,False
100191,2025-01-31 21:56,Iași,4,"['Cartofi prăjiți', 'Milkshake']",2,29.0,9.99,33,Cash,4.0,True
100192,2025-02-01 12:15,București,4,"['Cartofi prăjiți', 'Milkshake']",2,29.0,12.99,36,Card,5.0,False
100193,2025-02-01 12:15,Iași,12,"['Limonadă', 'Șnițel cu piure', 'Papanași']",3,74.0,7.99,35,Card,4.0,False
100194,2025-02-01 12:17,Brașov,4,['Cartofi prăjiți'],1,12.0,9.99,16,Card,5.0,False
100195,2025-02-01 12:22,Timișoara,2,"['Pizza Diavola', 'Tiramisu']",2,58.0,12.99,38,Card,,False
100196,2025-02-01 12:34,Brașov,2,"['Pizza Diavola', 'Pizza Quattro Formaggi']",2,81.0,9.99,27,Card,4.0,False
100197,2025-02-01 13:30,București,12,"['Sarmale cu mămăligă', 'Șnițel cu piure']",2,74.0,7.99,50,Card,5.0,True
100198,2025-02-01 13:46,Timișoara,18,"['Ayran', 'Shaorma medie', 'Kebab la farfurie']",3,66.0,7.99,25,Card,,True
100199,2025-02-01 18:20,Iasi,8,"['Pad Thai', 'California Roll']",2,79.0,9.99,12,Card,4.0,False
100200,2025-02-01 21:02,București,11,"['Mici cu muștar (5 buc)', 'Papanași']",2,54.0,9.99,44,Card,4.0,False
100201,2025-02-02 12:34,cluj-napoca,14,"['Bowl vegan', 'Wrap cu pui']",2,70.0,9.99,26,Cash,,False
100202,2025-02-02 13:26,Iași,18,"['Ayran', 'Falafel wrap']",2,32.0,9.99,34,Cash,5.0,False
100203,2025-02-02 13:32,Cluj,2,"['Cola', 'Focaccia', 'Pizza Capricciosa']",3,67.0,7.99,27,Card,5.0,True
100204,2025-02-02 13:54,Iași,17,"['Ayran', 'Shaorma medie', 'Kebab la farfurie']",3,66.0,7.99,22,Cash,5.0,False
100205,2025-02-02 14:49,Timișoara,4,"['Burger Clasic', 'Milkshake', 'Onion rings']",3,65.0,7.99,23,Cash,5.0,False
100206,2025-02-02 17:33,București,3,['Focaccia'],1,18.0,7.99,23,Card,5.0,False
100207,2025-02-02 19:31,Cluj-Napoca,17,"['Cartofi prăjiți', 'Kebab la farfurie', 'Falafel wrap', 'Shaorma medie']",4,96.0,9.99,23,Cash,,False
100208,2025-02-02 20:02,București,11,"['Mici cu muștar (5 buc)', 'Sarmale cu mămăligă', 'Șnițel cu piure']",3,104.0,0.0,44,Card,3.0,True
100209,2025-02-02 21:43,Iași,2,"['Focaccia', 'Tiramisu', 'Pizza Margherita']",3,69.0,7.99,28,Cash,,False
100210,2025-02-02 21:53,București,14,"['Salată Caesar', 'Apă plată']",2,40.0,7.99,40,Cash,4.0,False
100211,2025-02-02 22:07,Iași,6,"['Cola', 'Cheeseburger']",2,45.0,7.99,13,Card,5.0,True
100212,2025-02-02 22:37,București,18,"['Falafel wrap', 'Shaorma medie']",2,49.0,9.99,36,Cash,4.0,False
100213,2025-02-03 13:20,Timișoara,4,"['Milkshake', 'Onion rings', 'Burger BBQ']",3,73.0,12.99,34,Card,,False
100214,2025-02-03 13:22,București,5,"['Cartofi prăjiți', 'Cheeseburger']",2,49.0,7.99,34,Cash,,False
100215,2025-02-03 15:46,Cluj-Napoca,6,"['Cartofi prăjiți', 'Cola']",2,20.0,9.99,22,Card,5.0,False
100216,2025-02-03 19:12,București,18,"['Cartofi prăjiți', 'Ayran', 'Shaorma mare', 'Shaorma medie']",4,72.0,7.99,48,Cash,,False
100217,2025-02-03 19:17,Cluj-Napoca,2,"['Pizza Capricciosa', 'Pizza Quattro Formaggi', 'Tiramisu']",3,102.0,0.0,23,Cash,,True
100218,2025-02-03 23:06,București,1,"['Cola', 'Pizza Capricciosa']",2,49.0,12.99,45,Card,4.0,True
100219,2025-02-04 14:48,București,2,"['Pizza Diavola', 'Pizza Capricciosa', 'Pizza Margherita']",3,112.0,0.0,20,Card,,False
100220,2025-02-04 17:20,Brașov,11,"['Papanași', 'Ciorbă de burtă', 'Șnițel cu piure', 'Limonadă']",4,96.0,7.99,20,Card,5.0,True
100221,2025-02-04 18:50,București,11,"['Ciorbă de burtă', 'Sarmale cu mămăligă', 'Șnițel cu piure']",3,96.0,9.99,31,Card,4.0,False
100222,2025-02-04 19:32,Timisoara,13,"['Salată Caesar', 'Wrap cu pui']",2,65.0,7.99,30,Cash,5.0,False
100223,2025-02-04 19:57,București,12,"['Mici cu muștar (5 buc)', 'Limonadă', 'Șnițel cu piure']",3,80.0,7.99,43,Card,4.0,True
100224,2025-02-05 13:21,București,17,['Ayran'],1,7.0,9.99,39,Cash,,False
100225,2025-02-05 16:40,București,1,"['Pizza Margherita', 'Tiramisu', 'Pizza Quattro Formaggi']",3,93.0,12.99,27,Card,5.0,False
100226,2025-02-05 18:18,cluj-napoca,16,"['Waffle cu fructe', 'Cheesecake', 'Papanași']",3,73.0,12.99,26,Card,4.0,True
100227,2025-02-05 18:21,Brașov,5,"['Burger Clasic', 'Burger BBQ']",2,76.0,7.99,20,Card,5.0,True
100228,2025-02-05 18:23,Iași,7,"['Noodles cu pui', 'Sushi Mix 16 buc', 'Supă Miso', 'Ceai verde']",4,125.0,0.0,20,Cash,,False
100229,2025-02-05 18:50,Timișoara,7,['Sushi Mix 16 buc'],1,65.0,7.99,14,Card,,True
100230,2025-02-05 19:53,București,4,['Burger Clasic'],1,34.0,7.99,33,Card,,True
100231,2025-02-05 20:23,București,3,['Cola'],1,8.0,9.99,44,Card,,False
100232,2025-02-05 20:28,Timișoara,17,['Falafel wrap'],1,25.0,7.99,17,Cash,5.0,False
100233,2025-02-05 20:32,București,14,"['Bowl vegan', 'Bowl cu somon', 'Apă plată']",3,93.0,7.99,47,Card,,False
100234,2025-02-05 23:23,București,6,"['Burger BBQ', 'Onion rings']",2,56.0,9.99,37,Card,,True
100235,2025-02-06 14:05,Cluj-Napoca,8,"['Supă Miso', 'Ceai verde', 'Noodles cu pui']",3,60.0,12.99,25,Cash,5.0,False
100236,2025-02-06 21:23,Timișoara,15,"['Clătite cu ciocolată', 'Cafea', 'Cheesecake']",3,54.0,7.99,29,Cash,5.0,False
100237,2025-02-06 23:22,Iași,8,['Noodles cu pui'],1,36.0,7.99,20,Cash,,False
100238,2025-02-07 13:06,București,1,"['Pizza Quattro Formaggi', 'Pizza Capricciosa', 'Tiramisu']",3,102.0,0.0,30,Cash,4.0,False
100239,2025-02-07 14:31,Iași,15,"['Înghețată', 'Clătite cu ciocolată', 'Cheesecake']",3,59.0,9.99,37,Card,,True
100240,2025-02-07 14:46,București,17,"['Kebab la farfurie', 'Shaorma medie']",2,59.0,7.99,35,Card,4.0,True
100241,2025-02-07 17:21,București,4,"['Cartofi prăjiți', 'Onion rings', 'Milkshake']",3,43.0,9.99,27,Cash,,False
100242,2025-02-07 19:10,Timișoara,1,"['Pizza Diavola', 'Pizza Margherita', 'Pizza Capricciosa']",3,112.0,0.0,22,Card,,True
100243,2025-02-07 19:24,Cluj-Napoca,3,"['Pizza Diavola', 'Pizza Margherita']",2,71.0,9.99,30,Card,5.0,False
100244,2025-02-07 20:26,Cluj-Napoca,3,"['Pizza Margherita', 'Pizza Diavola', 'Tiramisu']",3,90.0,7.99,24,Cash,4.0,True
100245,2025-02-07 20:53,Cluj-Napoca,2,['Pizza Margherita'],1,32.0,9.99,39,Cash,4.0,False
100246,2025-02-08 14:41,Timișoara,10,"['Șnițel cu piure', 'Limonadă']",2,50.0,7.99,36,Card,4.0,False
100247,2025-02-08 16:26,Timișoara,12,"['Limonadă', 'Papanași', 'Sarmale cu mămăligă']",3,72.0,9.99,24,Card,4.0,True
100248,2025-02-08 17:10, București,2,"['Cola', 'Pizza Margherita', 'Tiramisu']",3,59.0,7.99,32,Cash,4.0,False
100249,2025-02-08 19:06,Cluj-Napoca,11,"['Limonadă', 'Șnițel cu piure', 'Mici cu muștar (5 buc)']",3,80.0,7.99,38,Card,4.0,False
100250,2025-02-08 19:56,Brașov,1,"['Pizza Margherita', 'Pizza Quattro Formaggi', 'Focaccia']",3,92.0,9.99,30,Cash,,False
100251,2025-02-08 20:55,București,5,['Milkshake'],1,17.0,9.99,,Card,4.0,False
100252,2025-02-09 13:29,Timișoara,6,"['Onion rings', 'Cartofi prăjiți']",2,26.0,9.99,34,Card,4.0,False
100253,2025-02-09 13:31,București,3,"['Pizza Quattro Formaggi', 'Focaccia', 'Tiramisu']",3,79.0,9.99,36,Card,,False
100254,2025-02-09 19:07,Timișoara,14,"['Wrap cu pui', 'Bowl cu somon']",2,79.0,12.99,28,Card,5.0,False
100255,2025-02-10 13:31,București,12,"['Limonadă', 'Mici cu muștar (5 buc)']",2,42.0,7.99,44,Card,4.0,False
100256,2025-02-10 21:05,București,16,['Papanași'],1,24.0,7.99,53,Card,4.0,False
100257,2025-02-10 22:26,București,17,['Ayran'],1,7.0,12.99,37,Card,,False
100257,2025-02-10 22:26,București,17,['Ayran'],1,7.0,12.99,37,Card,,False
100258,2025-02-11 11:46,Timișoara,10,"['Limonadă', 'Ciorbă de burtă']",2,34.0,7.99,22,Card,4.0,True
100259,2025-02-11 16:00,București,5,"['Onion rings', 'Burger BBQ', 'Cartofi prăjiți']",3,68.0,7.99,37,Cash,,False
100260,2025-02-11 16:21,Cluj-Napoca,16,"['Cafea', 'Clătite cu ciocolată']",2,31.0,7.99,31,Card,3.0,False
100261,2025-02-11 16:46,Timișoara,18,"['Shaorma medie', 'Shaorma mare', 'Ayran']",3,60.0,7.99,23,Cash,,False
100262,2025-02-11 20:04,Brașov,2,"['Pizza Quattro Formaggi', 'Pizza Margherita']",2,74.0,9.99,35,Card,,False
100263,2025-02-11 20:46,Cluj-Napoca,7,['Noodles cu pui'],1,36.0,9.99,35,CARD,5.0,True
100264,2025-02-11 23:35,Iași,5,"['Cartofi prăjiți', 'Cheeseburger']",2,49.0,7.99,13, Card,4.0,False
100265,2025-02-12 10:48,Timișoara,11,"['Ciorbă de burtă', 'Sarmale cu mămăligă', 'Șnițel cu piure']",3,96.0,7.99,17,Card,4.0,False
100266,2025-02-12 12:21,Timișoara,10,"['Șnițel cu piure', 'Papanași']",2,62.0,7.99,37,Card,5.0,False
100267,2025-02-12 12:44,Iași,3,"['Pizza Margherita', 'Cola', 'Pizza Capricciosa']",3,81.0,7.99,33,Card,3.0,False
100268,2025-02-12 13:53,București,14,"['Salată Caesar', 'Wrap cu pui', 'Apă plată', 'Smoothie']",4,89.0,7.99,45,Card,,False
100269,2025-02-12 15:25,Iași,4,"['Cartofi prăjiți', 'Cola', 'Onion rings']",3,34.0,12.99,27,Card,,False
100270,2025-02-12 20:42,Timișoara,6,"['Burger Clasic', 'Onion rings', 'Cola']",3,56.0,9.99,34,Card,3.0,False
100271,2025-02-12 20:58,București,10,"['Șnițel cu piure', 'Mici cu muștar (5 buc)', 'Ciorbă de burtă']",3,90.0,7.99,49,Cash,3.0,False
100272,2025-02-12 21:27,Timișoara,3,"['Tiramisu', 'Pizza Margherita']",2,51.0,7.99,38,Card,4.0,False
100273,2025-02-12 21:35,Cluj-Napoca,17,"['Cartofi prăjiți', 'Shaorma medie', 'Falafel wrap']",3,61.0,7.99,15,Card,5.0,True
100274,2025-02-12 23:01,București,18,"['Shaorma medie', 'Cartofi prăjiți']",2,36.0,7.99,27,Card,,False
100275,2025-02-13 13:44,București,12,"['Sarmale cu mămăligă', 'Limonadă']",2,48.0,12.99,53,Card,4.0,False
100276,2025-02-13 19:16,București,15,"['Înghețată', 'Papanași', 'Clătite cu ciocolată', 'Cheesecake']",4,83.0,9.99,39,Cash,4.0,False
100277,2025-02-13 21:45,București,18,"['Ayran', 'Kebab la farfurie', 'Falafel wrap']",3,67.0,7.99,59,Card,,True
100278,2025-02-13 22:53,București,3,"['Pizza Capricciosa', 'Pizza Margherita', 'Pizza Quattro Formaggi', 'Focaccia']",4,133.0,0.0,28,Cash,5.0,False
100279,2025-02-14 13:24,București,1,['Pizza Margherita'],1,32.0,12.99,36,Card,3.0,False
100280,2025-02-14 14:31,București,3,['Tiramisu'],1,19.0,7.99,24,Card,5.0,False
100281,2025-02-14 17:10,Timișoara,13,"['Wrap cu pui', 'Smoothie']",2,49.0,12.99,28,Cash,5.0,False
100282,2025-02-14 19:05,cluj-napoca,9,"['California Roll', 'Supă Miso']",2,53.0,7.99,38,Card,3.0,False
100283,2025-02-14 20:36,Cluj-Napoca,16,['Cafea'],1,10.0,9.99,27,Cash,,False
100284,2025-02-14 20:48,Cluj-Napoca,3,"['Cola', 'Pizza Diavola', 'Pizza Capricciosa', 'Pizza Quattro Formaggi']",4,130.0,0.0,37,Cash,5.0,False
100285,2025-02-14 21:28,Brașov,3,"['Pizza Margherita', 'Pizza Capricciosa']",2,73.0,9.99,27,Cash,,False
100286,2025-02-15 13:16,București,2,['Pizza Diavola'],1,39.0,7.99,49,CARD,3.0,False
100287,2025-02-15 14:12,Iași,13,"['Smoothie', 'Wrap cu pui']",2,49.0,7.99,33,Card,4.0,False
100288,2025-02-15 16:58,Brașov,11,['Mici cu muștar (5 buc)'],1,30.0,7.99,21,Card,5.0,True
100289,2025-02-15 19:19,Cluj-Napoca,17,"['Cartofi prăjiți', 'Falafel wrap']",2,37.0,9.99,36,Cash,,False
100290,2025-02-15 22:02,Cluj-Napoca,18,"['Shaorma mare', 'Shaorma medie', 'Kebab la farfurie']",3,88.0,7.99,13,Cash,4.0,False
100291,2025-02-16 13:37,bucurești,13,"['Smoothie', 'Salată Caesar', 'Wrap cu pui']",3,83.0,9.99,25,Cash,,False
100292,2025-02-16 15:58,București,15,"['Papanași', 'Waffle cu fructe', 'Cheesecake']",3,73.0,7.99,25,Card,5.0,False
100293,2025-02-16 17:07,Iasi,4,['Burger BBQ'],1,42.0,7.99,16,Card,4.0,False
100294,2025-02-16 19:02,Cluj-Napoca,18,"['Kebab la farfurie', 'Shaorma mare', 'Ayran']",3,71.0,9.99,13,Card,5.0,False
100295,2025-02-17 18:58,Cluj-Napoca,11,"['Mici cu muștar (5 buc)', 'Ciorbă de burtă']",2,52.0,9.99,27,Card,4.0,False
100296,2025-02-17 21:19,Timișoara,16,"['Clătite cu ciocolată', 'Înghețată', 'Waffle cu fructe']",3,62.0,7.99,41,Cash,,True
100297,2025-02-18 20:17,Iași,9,['Ceai verde'],1,9.0,7.99,,Cash,4.0,True
100298,2025-02-18 21:52,Cluj-Napoca,16,"['Papanași', 'Waffle cu fructe', 'Cheesecake']",3,73.0,9.99,31,Cash,3.0,False
100299,2025-02-18 22:28,Timișoara,8,"['Ceai verde', 'Pad Thai', 'California Roll', 'Noodles cu pui']",4,124.0,0.0,28,card,4.0,False
100300,2025-02-18 22:32,București,12,"['Mici cu muștar (5 buc)', 'Ciorbă de burtă']",2,52.0,7.99,33,Card,4.0,True
100301,2025-02-19 12:41,București,1,"['Cola', 'Tiramisu']",2,27.0,9.99,41,Cash,,False
100302,2025-02-19 13:22,Cluj-Napoca,4,"['Cola', 'Onion rings', 'Milkshake', 'Burger BBQ']",4,81.0,7.99,32,Card,5.0,False
100303,2025-02-19 19:51,Cluj-Napoca,6,"['Cheeseburger', 'Burger Clasic', 'Cola', 'Cartofi prăjiți']",4,91.0,7.99,22,Cash,,False
100304,2025-02-19 22:04,cluj-napoca,2,"['Pizza Margherita', 'Focaccia']",2,50.0,9.99,23,Card,,True
100305,2025-02-20 11:29,București,1,"['Pizza Margherita', 'Focaccia']",2,50.0,7.99,18,Card,,False
100306,2025-02-20 11:30,Cluj-Napoca,4,['Burger Clasic'],1,34.0,7.99,18,Card,5.0,True
100307,2025-02-20 12:20,Brașov,14,"['Apă plată', 'Bowl vegan', 'Smoothie']",3,63.0,7.99,31,Card,5.0,False
100308,2025-02-20 13:53,Iași,2,"['Pizza Quattro Formaggi', 'Pizza Margherita']",2,74.0,12.99,40,Card,4.0,False
100309,2025-02-20 14:35,Timișoara,6,['Cartofi prăjiți'],1,12.0,9.99,42,Card,4.0,False
100310,2025-02-20 15:14,Timișoara,8,"['California Roll', 'Pad Thai']",2,79.0,12.99,17,Card,,True
100311,2025-02-20 16:55,Iași,16,"['Waffle cu fructe', 'Cafea', 'Înghețată']",3,51.0,7.99,14,Cash,3.0,True
100312,2025-02-20 18:54,Iași,7,['Ceai verde'],1,9.0,9.99,26,Cash,5.0,False
100313,2025-02-20 19:04,Cluj-Napoca,2,['Tiramisu'],1,19.0,9.99,27,Card,,False
100313,2025-02-20 19:04,Cluj-Napoca,2,['Tiramisu'],1,19.0,9.99,27,Card,,False
100314,2025-02-20 20:16,București,5,['Onion rings'],1,14.0,9.99,39,Card,5.0,True
100315,2025-02-21 14:33,Iasi,3,"['Focaccia', 'Pizza Margherita', 'Cola']",3,58.0,12.99,29,Card,4.0,False
100316,2025-02-21 14:51,Cluj-Napoca,18,"['Ayran', 'Kebab la farfurie', 'Shaorma medie']",3,66.0,7.99,29,Card,,False
100317,2025-02-21 15:04,Iași,18,"['Cartofi prăjiți', 'Falafel wrap', 'Kebab la farfurie']",3,72.0,7.99,12,Cash,4.0,False
100318,2025-02-21 21:47,Cluj-Napoca,17,"['Cartofi prăjiți', 'Kebab la farfurie', 'Shaorma medie']",3,71.0,7.99,35,Card,4.0,False
100319,2025-02-22 12:15,București,9,"['Noodles cu pui', 'California Roll', 'Supă Miso']",3,89.0,12.99,44,Card,4.0,True
100320,2025-02-22 12:16,Iași,16,"['Înghețată', 'Papanași']",2,39.0,7.99,26,Card,4.0,True
100321,2025-02-22 13:21,București,2,"['Focaccia', 'Pizza Diavola']",2,57.0,7.99,57,Card,,False
100322,2025-02-22 20:06,Cluj-Napoca,8,"['Sushi Mix 16 buc', 'Ceai verde']",2,74.0,12.99,23,Cash,4.0,False
100323,2025-02-22 21:42,Iași,3,"['Cola', 'Tiramisu']",2,27.0,7.99,28,Cash,4.0,False
100324,2025-02-22 22:16,Cluj-Napoca,14,"['Bowl cu somon', 'Apă plată']",2,54.0,12.99,14,Card,,False
100325,2025-02-22 22:37,Brașov,1,['Pizza Capricciosa'],1,41.0,7.99,25,Card,,False
100326,2025-02-23 10:58,București,18,['Falafel wrap'],1,25.0,7.99,27,Card,4.0,False
100327,2025-02-23 11:27,Timișoara,1,"['Pizza Capricciosa', 'Pizza Diavola', 'Pizza Margherita']",3,112.0,0.0,17,Card,5.0,False
100328,2025-02-23 13:56,Iași,3,"['Pizza Margherita', 'Pizza Capricciosa']",2,73.0,12.99,30,Cash,,False
100329,2025-02-23 17:35,Brașov,6,"['Cartofi prăjiți', 'Milkshake']",2,29.0,7.99,25,Cash,4.0,False
100330,2025-02-23 18:34,București,3,"['Pizza Diavola', 'Focaccia']",2,57.0,7.99,38,Card,3.0,False
100331,2025-02-23 18:43,București,4,"['Cartofi prăjiți', 'Cheeseburger']",2,49.0,7.99,43,Card,,False
100332,2025-02-23 20:10,București,12,"['Sarmale cu mămăligă', 'Șnițel cu piure', 'Mici cu muștar (5 buc)']",3,104.0,0.0,47,Card,3.0,False
100333,2025-02-23 22:52,București,3,"['Cola', 'Pizza Margherita']",2,40.0,9.99,28,Card,,False
100334,2025-02-24 12:05,Timișoara,13,"['Bowl vegan', 'Smoothie', 'Salată Caesar']",3,91.0,12.99,40,Card,4.0,False
100335,2025-02-24 12:28,Iași,17,"['Cartofi prăjiți', 'Falafel wrap', 'Ayran']",3,44.0,9.99,40,Card,4.0,False
100336,2025-02-24 14:38,Brașov,11,['Limonadă'],1,12.0,12.99,26,Card,,True
100337,2025-02-24 14:52,Cluj-Napoca,1,['Focaccia'],1,18.0,9.99,21,Card,5.0,False
100338,2025-02-24 16:03,Brașov,4,"['Milkshake', 'Burger Clasic', 'Cheeseburger']",3,88.0,9.99,19,Card,4.0,False
100339,2025-02-24 18:03,Cluj-Napoca,13,"['Apă plată', 'Smoothie', 'Wrap cu pui']",3,55.0,7.99,27,Card,,False
100340,2025-02-24 18:36,București,6,"['Cheeseburger', 'Onion rings', 'Burger Clasic']",3,85.0,7.99,26,Card,,False
100341,2025-02-24 19:03,București,18,['Kebab la farfurie'],1,35.0,9.99,34,Card,4.0,True
100342,2025-02-24 19:27,Cluj-Napoca,18,['Ayran'],1,7.0,12.99,35,Cash,3.0,False
100343,2025-02-24 20:09,Timișoara,1,"['Tiramisu', 'Pizza Capricciosa']",2,60.0,9.99,39,Card,,False
100344,2025-02-24 20:15,Iași,1,"['Pizza Diavola', 'Focaccia']",2,57.0,9.99,36,Cash,4.0,False
100345,2025-02-24 20:38,București,1,"['Pizza Diavola', 'Pizza Capricciosa', 'Pizza Quattro Formaggi']",3,122.0,0.0,49,Cash,4.0,False
100346,2025-02-24 22:24,București,18,['Falafel wrap'],1,25.0,12.99,29,Cash,5.0,False
100347,2025-02-25 13:07,București,13,"['Bowl vegan', 'Wrap cu pui', 'Smoothie']",3,88.0,9.99,44,Card,4.0,False
100348,2025-02-25 18:10,Cluj-Napoca,2,"['Tiramisu', 'Pizza Diavola', 'Pizza Quattro Formaggi', 'Focaccia']",4,118.0,0.0,12,Card,5.0,False
100349,2025-02-25 19:37,Brasov,17,['Falafel wrap'],1,25.0,7.99,22,Cash,4.0,False
100350,2025-02-25 19:44,Cluj-Napoca,11,"['Mici cu muștar (5 buc)', 'Sarmale cu mămăligă']",2,66.0,9.99,43,Card,5.0,False
100351,2025-02-25 20:39,București,1,"['Cola', 'Pizza Diavola', 'Pizza Margherita']",3,79.0,9.99,31,Card,4.0,False
100351,2025-02-25 20:39,București,1,"['Cola', 'Pizza Diavola', 'Pizza Margherita']",3,79.0,9.99,31,Card,4.0,False
100352,2025-02-25 22:52,Cluj-Napoca,17,"['Shaorma mare', 'Cartofi prăjiți']",2,41.0,12.99,25,Card,4.0,False
100353,2025-02-25 23:10,Cluj,6,['Cartofi prăjiți'],1,12.0,12.99,25,Card,5.0,True
100354,2025-02-26 11:08,Timișoara,18,['Falafel wrap'],1,25.0,7.99,30,Card,4.0,False
100355,2025-02-26 12:27,Brașov,18,"['Shaorma mare', 'Falafel wrap', 'Ayran']",3,61.0,12.99,22,Cash,4.0,True
100356,2025-02-26 13:35,Iași,11,"['Sarmale cu mămăligă', 'Ciorbă de burtă', 'Șnițel cu piure', 'Mici cu muștar (5 buc)']",4,126.0,0.0,23,Card,4.0,True
100357,2025-02-26 13:47,București,13,['Wrap cu pui'],1,31.0,7.99,27,Card,4.0,False
100358,2025-02-26 17:37,București,6,"['Cola', 'Cheeseburger', 'Onion rings']",3,59.0,7.99,29,Cash,,False
100359,2025-02-26 17:57,București,4,['Burger BBQ'],1,42.0,9.99,42,Cash,,True
100360,2025-02-26 20:15,București,10,"['Șnițel cu piure', 'Papanași', 'Sarmale cu mămăligă']",3,98.0,9.99,,Card,3.0,False
100361,2025-02-26 21:32,Iași,12,"['Papanași', 'Sarmale cu mămăligă']",2,60.0,7.99,36,Cash,4.0,False
100362,2025-02-27 13:50,Iași,2,"['Tiramisu', 'Pizza Margherita']",2,51.0,7.99,27,Card,5.0,False
100363,2025-02-27 15:31,Iași,5,['Milkshake'],1,17.0,12.99,25,Card,4.0,False
100364,2025-02-27 18:15,Timișoara,7,"['California Roll', 'Ceai verde']",2,47.0,7.99,23,Card,5.0,False
100365,2025-02-27 19:39,București,9,"['Supă Miso', 'California Roll']",2,53.0,12.99,38,Card,,True
100366,2025-02-27 20:44,Iași,11,"['Papanași', 'Mici cu muștar (5 buc)', 'Ciorbă de burtă']",3,76.0,7.99,31,Card,,False
100367,2025-02-27 21:23,București,8,"['California Roll', 'Supă Miso']",2,53.0,7.99,44,Card,5.0,True
100368,2025-02-27 22:16,Iași,7,"['Supă Miso', 'Ceai verde']",2,24.0,12.99,31,Card,,True
100369,2025-02-28 10:43,Cluj-Napoca,10,['Ciorbă de burtă'],1,22.0,9.99,36,Card,5.0,False
100370,2025-02-28 12:21,Iași,4,"['Cheeseburger', 'Onion rings', 'Cartofi prăjiți']",3,63.0,12.99,37,Card,4.0,False
100371,2025-02-28 13:10,Timișoara,14,"['Apă plată', 'Bowl cu somon']",2,54.0,12.99,32,Card,4.0,False
100372,2025-02-28 13:13,Iași,3,"['Pizza Quattro Formaggi', 'Focaccia']",2,60.0,9.99,26,Card,4.0,True
100373,2025-02-28 13:34,Timișoara,18,"['Cartofi prăjiți', 'Falafel wrap']",2,37.0,9.99,37,Card,4.0,False
100374,2025-02-28 14:07,Timișoara,4,"['Burger Clasic', 'Onion rings']",2,48.0,7.99,20,Card,4.0,False
100375,2025-02-28 17:09,Brașov,14,"['Salată Caesar', 'Smoothie', 'Bowl vegan']",3,91.0,9.99,17,Card,,False
100376,2025-02-28 17:59,BRAȘOV,6,"['Burger Clasic', 'Cola']",2,42.0,12.99,16,Card,,False
100377,2025-02-28 19:36,Cluj-Napoca,2,"['Tiramisu', 'Pizza Capricciosa', 'Pizza Diavola']",3,99.0,7.99,31,Card,5.0,False
100378,2025-02-28 19:42,București,17,['Cartofi prăjiți'],1,12.0,7.99,30,Card,5.0,False
100379,2025-02-28 20:15,București,6,"['Milkshake', 'Cola']",2,25.0,9.99,45,Card,,False
100380,2025-02-28 21:28,Cluj-Napoca,7,['Ceai verde'],1,9.0,7.99,27,Card,,True
100381,2025-02-28 21:30,București,17,"['Shaorma mare', 'Kebab la farfurie']",2,64.0,7.99,42,Card,4.0,False
100382,2025-02-28 22:30,Cluj-Napoca,3,['Tiramisu'],1,19.0,9.99,19,Card,4.0,True
100383,2025-02-28 22:31,Brașov,17,"['Falafel wrap', 'Shaorma mare']",2,54.0,7.99,12,Card,3.0,False
100384,2025-02-28 22:37,București,12,"['Sarmale cu mămăligă', 'Papanași']",2,60.0,9.99,38,Card,,False
100385,2025-03-01 12:15,Cluj-Napoca,11,"['Mici cu muștar (5 buc)', 'Sarmale cu mămăligă', 'Limonadă', 'Ciorbă de burtă']",4,100.0,0.0,32,Cash,4.0,False
100386,2025-03-01 19:40,Timișoara,4,"['Cartofi prăjiți', 'Burger BBQ']",2,54.0,7.99,42,Card,4.0,False
100387,2025-03-01 20:21,București,2,"['Pizza Diavola', 'Cola']",2,47.0,7.99,33,Card,,False
100388,2025-03-01 21:24,Timișoara,2,"['Cola', 'Pizza Margherita', 'Pizza Capricciosa', 'Pizza Quattro Formaggi']",4,123.0,0.0,25,Card,5.0,False
100389,2025-03-01 21:59,Brașov,10,"['Ciorbă de burtă', 'Limonadă', 'Șnițel cu piure', 'Mici cu muștar (5 buc)']",4,102.0,0.0,39, Card,3.0,False
100390,2025-03-01 22:45, București,1,['Pizza Diavola'],1,39.0,9.99,34,Card,,False
100391,2025-03-02 10:49,Iasi,7,"['Sushi Mix 16 buc', 'California Roll', 'Ceai verde']",3,112.0,0.0,21,Card,,False
100392,2025-03-02 12:19,Brașov,2,"['Pizza Quattro Formaggi', 'Tiramisu']",2,61.0,7.99,,cash,,False
100393,2025-03-02 18:45,București,1,"['Pizza Quattro Formaggi', 'Focaccia']",2,60.0,12.99,28,Cash,4.0,True
100394,2025-03-02 19:02,Iași,4,['Burger BBQ'],1,42.0,12.99,22,Card,5.0,False
100395,2025-03-02 19:12,Cluj-Napoca,5,"['Cola', 'Cartofi prăjiți', 'Burger Clasic']",3,54.0,9.99,27,Card,,False
100396,2025-03-02 19:42,București,15,"['Înghețată', 'Waffle cu fructe', 'Cafea']",3,51.0,7.99,41,Card,,True
100397,2025-03-02 20:24,București,3,"['Focaccia', 'Cola']",2,26.0,12.99,34,Card,4.0,False
100398,2025-03-02 20:47,București,15,"['Cheesecake', 'Papanași']",2,47.0,9.99,46,Card,5.0,False
100399,2025-03-02 20:56,Cluj-Napoca,3,"['Pizza Capricciosa', 'Pizza Quattro Formaggi']",2,83.0,9.99,32,Cash,5.0,False
100400,2025-03-02 21:24,Iași,12,['Limonadă'],1,12.0,9.99,26,Card,5.0,False
100401,2025-03-02 22:19,București,4,"['Cheeseburger', 'Burger BBQ']",2,79.0,7.99,39,Card,3.0,True
100402,2025-03-03 14:20,Cluj-Napoca,4,"['Milkshake', 'Cheeseburger']",2,54.0,12.99,24,Card,,True
100403,2025-03-03 20:24,Timișoara,10,"['Ciorbă de burtă', 'Sarmale cu mămăligă', 'Șnițel cu piure']",3,96.0,12.99,38,Card,,True
100404,2025-03-03 20:42,Timișoara,5,"['Cheeseburger', 'Burger BBQ']",2,79.0,7.99,29,Card,4.0,True
100405,2025-03-04 11:58,Timișoara,4,"['Cola', 'Burger BBQ']",2,50.0,7.99,12,Card,5.0,True
100406,2025-03-04 12:09,Brașov,9,"['Noodles cu pui', 'Ceai verde', 'Sushi Mix 16 buc', 'Supă Miso']",4,125.0,0.0,38,Card,5.0,False
100407,2025-03-04 12:20,București,6,"['Cartofi prăjiți', 'Burger BBQ', 'Cheeseburger', 'Onion rings']",4,105.0,0.0,45,Card,,False
100408,2025-03-04 13:00,Brașov,8,"['California Roll', 'Sushi Mix 16 buc']",2,103.0,0.0,42,Card,3.0,True
100409,2025-03-04 17:02,Timișoara,7,"['Noodles cu pui', 'Sushi Mix 16 buc', 'Supă Miso', 'California Roll']",4,154.0,0.0,23,Card,4.0,False
100410,2025-03-04 20:02,Cluj-Napoca,12,"['Papanași', 'Limonadă', 'Ciorbă de burtă', 'Șnițel cu piure']",4,96.0,7.99,30,Card,4.0,False
100411,2025-03-05 10:44,Cluj,5,"['Cheeseburger', 'Milkshake']",2,54.0,7.99,24,Card,4.0,False
100412,2025-03-05 12:05,București,1,"['Pizza Diavola', 'Focaccia']",2,57.0,9.99,41,Card,4.0,False
100413,2025-03-05 14:04,București,18,['Ayran'],1,7.0,12.99,37,Card,4.0,False
100414,2025-03-05 18:37,Iași,7,"['California Roll', 'Supă Miso', 'Sushi Mix 16 buc']",3,118.0,0.0,32,Cash,,False
100415,2025-03-05 20:53,Timișoara,8,"['Supă Miso', 'Sushi Mix 16 buc', 'Ceai verde', 'Pad Thai']",4,130.0,0.0,40,Card,4.0,True
100416,2025-03-05 22:44,București,7,"['Sushi Mix 16 buc', 'California Roll']",2,103.0,0.0,31,Card,4.0,False
100417,2025-03-06 14:01,București,13,"['Smoothie', 'Apă plată', 'Salată Caesar']",3,58.0,7.99,41,Cash,,False
100418,2025-03-06 14:31,București,13,"['Apă plată', 'Bowl vegan']",2,45.0,7.99,37,Card,,False
100419,2025-03-06 19:39,Cluj-Napoca,14,"['Wrap cu pui', 'Bowl cu somon', 'Bowl vegan']",3,118.0,0.0,31,Cash,5.0,True
100420,2025-03-07 14:40,Brașov,13,['Apă plată'],1,6.0,7.99,25,Card,5.0,False
100421,2025-03-07 14:40,Iași,13,"['Salată Caesar', 'Bowl vegan']",2,73.0,9.99,37,Card,4.0,True
100422,2025-03-07 19:17,Iași,11,"['Sarmale cu mămăligă', 'Mici cu muștar (5 buc)', 'Papanași', 'Limonadă']",4,102.0,0.0,38,Card,,False
100423,2025-03-08 11:23,București,13,['Apă plată'],1,6.0,7.99,45,Card,3.0,False
100424,2025-03-08 12:50,București,7,['Supă Miso'],1,15.0,9.99,30,Card,4.0,True
100425,2025-03-08 13:24,Cluj-Napoca,2,"['Cola', 'Pizza Margherita']",2,40.0,7.99,31,Cash,5.0,False
100426,2025-03-08 13:53,Brașov,16,"['Cheesecake', 'Cafea']",2,33.0,7.99,22,Card,5.0,False
100427,2025-03-08 17:39,București,8,"['Supă Miso', 'California Roll']",2,53.0,9.99,27,Card,5.0,False
100428,2025-03-09 12:30,Cluj-Napoca,6,"['Burger BBQ', 'Cartofi prăjiți']",2,54.0,9.99,39,Card,4.0,False
100429,2025-03-09 12:36,Iași,1,"['Pizza Diavola', 'Pizza Capricciosa', 'Tiramisu']",3,99.0,9.99,17,Card,5.0,False
100430,2025-03-09 13:16,Iași,3,['Pizza Capricciosa'],1,41.0,12.99,32,Card,4.0,True
100431,2025-03-09 15:20,Iași,1,"['Pizza Quattro Formaggi', 'Focaccia']",2,60.0,7.99,34,Card,5.0,False
100432,2025-03-09 19:29,București,16,['Waffle cu fructe'],1,26.0,9.99,37,CARD,4.0,False
100433,2025-03-10 19:25,Timișoara,17,"['Shaorma medie', 'Shaorma mare']",2,53.0,7.99,22,Card,4.0,False
100434,2025-03-10 20:30,București,6,"['Cartofi prăjiți', 'Milkshake']",2,29.0,7.99,30,Card,5.0,False
100435,2025-03-10 21:22,Timișoara,6,"['Burger BBQ', 'Cola', 'Burger Clasic', 'Cartofi prăjiți']",4,96.0,9.99,35,Card,4.0,False
100436,2025-03-10 21:29,Iași,2,"['Pizza Quattro Formaggi', 'Tiramisu']",2,61.0,7.99,40,Cash,,False
100437,2025-03-10 21:45,Timișoara,4,['Cheeseburger'],1,37.0,7.99,18,Card,,False
100438,2025-03-11 12:24,Timișoara,5,"['Burger Clasic', 'Burger BBQ']",2,76.0,9.99,30,Card,4.0,False
100439,2025-03-11 12:40,București,18,"['Shaorma mare', 'Kebab la farfurie', 'Falafel wrap', 'Ayran']",4,96.0,9.99,35,Cash,4.0,False
100440,2025-03-11 13:06,București,3,['Focaccia'],1,18.0,9.99,29,Card,5.0,False
100441,2025-03-11 14:19,București,8,"['Supă Miso', 'Pad Thai', 'Ceai verde']",3,65.0,7.99,41,Card,3.0,False
100442,2025-03-11 14:30,București,14,"['Bowl cu somon', 'Wrap cu pui', 'Apă plată', 'Smoothie']",4,103.0,0.0,33,Cash,,True
100443,2025-03-11 17:08,București,2,"['Tiramisu', 'Focaccia']",2,37.0,9.99,31,Card,4.0,False
100444,2025-03-11 20:28,Brașov,2,"['Pizza Capricciosa', 'Tiramisu']",2,60.0,12.99,38,Card,4.0,True
100445,2025-03-11 20:53,București,7,"['Noodles cu pui', 'Supă Miso', 'Sushi Mix 16 buc', 'Ceai verde']",4,125.0,0.0,45,Cash,4.0,False
100446,2025-03-12 14:30,București,15,"['Clătite cu ciocolată', 'Cafea']",2,31.0,12.99,25,Card,5.0,False
100447,2025-03-12 14:51,Timișoara,8,"['California Roll', 'Supă Miso', 'Noodles cu pui', 'Ceai verde']",4,98.0,12.99,34,Card,,False
100448,2025-03-12 20:04,București,8,"['California Roll', 'Sushi Mix 16 buc']",2,103.0,0.0,49,Card,3.0,True
100449,2025-03-13 15:00,București,1,"['Pizza Capricciosa', 'Pizza Margherita']",2,73.0,12.99,36,Card,4.0,False
100450,2025-03-13 16:32,București,4,"['Burger Clasic', 'Milkshake', 'Cheeseburger']",3,88.0,9.99,27,Card,,False
100451,2025-03-14 12:50,București,3,"['Focaccia', 'Pizza Quattro Formaggi', 'Cola']",3,68.0,7.99,39,Card,2.0,False
100452,2025-03-14 13:27,Timișoara,15,['Clătite cu ciocolată'],1,21.0,7.99,37,Card,,False
100453,2025-03-14 14:37,București,5,"['Burger Clasic', 'Onion rings', 'Burger BBQ', 'Milkshake']",4,107.0,0.0,33,Cash,,False
100454,2025-03-14 14:57,BUCURESTI,5,['Cola'],1,8.0,12.99,27,Card,4.0,False
100455,2025-03-14 18:19,Iași,18,"['Falafel wrap', 'Ayran']",2,32.0,7.99,14,Card,,False
100456,2025-03-14 20:35,București,11,"['Mici cu muștar (5 buc)', 'Limonadă']",2,42.0,9.99,42,Card,,False
100457,2025-03-15 12:22,București,9,"['California Roll', 'Supă Miso']",2,53.0,12.99,42,Card,4.0,False
100458,2025-03-15 20:48,Timisoara,2,['Tiramisu'],1,19.0,7.99,30,Cash,4.0,False
100459,2025-03-15 21:06,Iași,16,"['Cheesecake', 'Înghețată', 'Clătite cu ciocolată']",3,59.0,7.99,34,CARD,,False
100460,2025-03-15 21:46,București,2,"['Tiramisu', 'Pizza Quattro Formaggi', 'Pizza Margherita']",3,93.0,9.99,38,Card,4.0,False
100461,2025-03-15 22:24,București,9,"['California Roll', 'Sushi Mix 16 buc', 'Ceai verde']",3,112.0,0.0,29,Card,5.0,False
100462,2025-03-16 10:55,Cluj-Napoca,7,['California Roll'],1,38.0,7.99,21,Card,5.0,True
100463,2025-03-16 14:44,Iași,1,"['Cola', 'Pizza Capricciosa']",2,49.0,12.99,23,Card,4.0,True
100464,2025-03-16 20:33,Cluj-Napoca,5,"['Burger BBQ', 'Milkshake', 'Cola', 'Onion rings']",4,81.0,9.99,36,Card,4.0,False
100464,2025-03-16 20:33,Cluj-Napoca,5,"['Burger BBQ', 'Milkshake', 'Cola', 'Onion rings']",4,81.0,9.99,36,Card,4.0,False
100465,2025-03-16 21:47,Timișoara,3,['Pizza Quattro Formaggi'],1,42.0,12.99,38,Cash,3.0,False
100466,2025-03-16 22:44, București,3,['Pizza Diavola'],1,39.0,12.99,30,Card,,True
100467,2025-03-17 14:19,Brașov,2,"['Pizza Diavola', 'Tiramisu']",2,58.0,7.99,20,Card,4.0,False
100468,2025-03-17 20:40,Iași,1,"['Pizza Capricciosa', 'Focaccia', 'Tiramisu']",3,78.0,9.99,38,Card,5.0,False
100469,2025-03-17 20:47,Timișoara,18,['Cartofi prăjiți'],1,12.0,12.99,28,Cash,5.0,True
100470,2025-03-17 21:30,București,6,"['Milkshake', 'Burger BBQ']",2,59.0,12.99,37,Cash,4.0,False
100471,2025-03-17 22:08,București,7,"['Supă Miso', 'California Roll']",2,53.0,12.99,53,Card,3.0,False
100472,2025-03-18 10:43,București,9,"['California Roll', 'Ceai verde']",2,47.0,12.99,29,Card,4.0,False
100473,2025-03-18 12:05,Iași,15,"['Cafea', 'Cheesecake', 'Papanași']",3,57.0,9.99,22,Card,4.0,False
100474,2025-03-18 14:20,Bucuresti,18,['Falafel wrap'],1,25.0,9.99,17,Cash,5.0,False
100475,2025-03-18 15:16,București,5,['Milkshake'],1,17.0,7.99,26,Card,,True
100476,2025-03-18 21:53,Cluj-Napoca,4,"['Burger Clasic', 'Burger BBQ', 'Cartofi prăjiți']",3,88.0,12.99,26,Card,4.0,False
100477,2025-03-19 11:11,Brașov,6,['Cheeseburger'],1,37.0,7.99,21,Card,5.0,False
100478,2025-03-19 13:05,București,18,"['Ayran', 'Kebab la farfurie', 'Cartofi prăjiți']",3,54.0,9.99,32,Card,4.0,False
100479,2025-03-19 13:40,București,1,"['Pizza Capricciosa', 'Pizza Quattro Formaggi', 'Pizza Diavola']",3,122.0,0.0,40,Card,4.0,False
100480,2025-03-19 18:16,Iași,13,"['Apă plată', 'Wrap cu pui']",2,37.0,7.99,26,Card,4.0,True
100481,2025-03-19 18:33,București,11,"['Ciorbă de burtă', 'Limonadă', 'Șnițel cu piure', 'Mici cu muștar (5 buc)']",4,102.0,0.0,38,Card,4.0,False
100482,2025-03-19 18:36,București,18,['Shaorma medie'],1,24.0,9.99,25,Card,5.0,False
100483,2025-03-19 19:25,București,9,['Noodles cu pui'],1,36.0,7.99,43,Card,,False
100484,2025-03-19 20:27,Cluj-Napoca,6,"['Burger Clasic', 'Cola']",2,42.0,7.99,30,Cash,5.0,False
100485,2025-03-20 10:36,București,18,['Cartofi prăjiți'],1,12.0,7.99,36,Card,4.0,False
100486,2025-03-20 12:54,Iași,1,"['Pizza Diavola', 'Pizza Margherita']",2,71.0,9.99,31,Card,5.0,False
100487,2025-03-20 14:58,Timișoara,5,"['Onion rings', 'Cartofi prăjiți', 'Milkshake', 'Cheeseburger']",4,80.0,12.99,16,Card,5.0,False
100488,2025-03-20 17:00,București,4,"['Cheeseburger', 'Burger BBQ', 'Burger Clasic']",3,113.0,0.0,31,Cash,4.0,False
100489,2025-03-20 18:38,Timișoara,6,['Cartofi prăjiți'],1,12.0,9.99,25,Card,5.0,False
100490,2025-03-20 18:53,Iași,11,"['Mici cu muștar (5 buc)', 'Ciorbă de burtă', 'Sarmale cu mămăligă']",3,88.0,9.99,16,Card,3.0,False
100491,2025-03-20 19:16,Cluj-Napoca,2,"['Pizza Quattro Formaggi', 'Tiramisu']",2,61.0,9.99,28,Card,,True
100492,2025-03-20 19:21,București,15,['Înghețată'],1,15.0,7.99,46,Card,,False
100493,2025-03-20 19:35,București,7,"['California Roll', 'Ceai verde']",2,47.0,9.99,44,Cash,4.0,False
100494,2025-03-20 20:04,Timișoara,1,"['Pizza Diavola', 'Focaccia']",2,57.0,12.99,39,Card,4.0,False
100495,2025-03-20 20:31,București,7,"['California Roll', 'Sushi Mix 16 buc', 'Supă Miso']",3,118.0,0.0,52,Cash,4.0,True
100496,2025-03-20 22:05,Bucuresti,12,"['Sarmale cu mămăligă', 'Mici cu muștar (5 buc)', 'Ciorbă de burtă']",3,88.0,7.99,32,Cash,3.0,True
100497,2025-03-20 22:14,BRAȘOV,4,"['Cola', 'Burger Clasic']",2,42.0,7.99,,Card,,False
100498,2025-03-20 23:02,Timișoara,12,"['Papanași', 'Mici cu muștar (5 buc)']",2,54.0,12.99,21,Cash,,False
100499,2025-03-21 12:29,Brașov,2,"['Pizza Capricciosa', 'Tiramisu']",2,60.0,9.99,26,Cash,5.0,False
100500,2025-03-21 12:31,București,17,"['Falafel wrap', 'Cartofi prăjiți', 'Shaorma medie']",3,61.0,9.99,44,Card,,False
100501,2025-03-21 15:38,Iași,1,['Cola'],1,8.0,12.99,21,Card,,False
100502,2025-03-21 15:50,Brașov,9,"['Noodles cu pui', 'Sushi Mix 16 buc']",2,101.0,0.0,34,Card,,False
100503,2025-03-21 16:50,Cluj-Napoca,17,['Shaorma mare'],1,29.0,9.99,17,Card,4.0,False
100504,2025-03-21 19:36,București,8,"['Pad Thai', 'California Roll', 'Noodles cu pui', 'Ceai verde']",4,124.0,0.0,50,Card,4.0,False
100505,2025-03-22 11:21,Brașov,13,"['Bowl cu somon', 'Apă plată', 'Salată Caesar', 'Bowl vegan']",4,127.0,0.0,26,Cash,4.0,False
100506,2025-03-22 12:21,Timișoara,5,['Onion rings'],1,14.0,7.99,19,Card,,False
100507,2025-03-22 14:49,București,1,"['Tiramisu', 'Pizza Margherita']",2,51.0,9.99,36,Cash,4.0,False
100508,2025-03-22 16:13,Timișoara,12,"['Șnițel cu piure', 'Ciorbă de burtă', 'Sarmale cu mămăligă', 'Limonadă']",4,108.0,0.0,27,Cash,5.0,False
100509,2025-03-22 19:50,Iași,11,"['Sarmale cu mămăligă', 'Șnițel cu piure', 'Ciorbă de burtă']",3,96.0,7.99,49,Cash,4.0,False
100510,2025-03-22 19:56,București,2,"['Pizza Diavola', 'Pizza Quattro Formaggi']",2,81.0,9.99,43,Cash,3.0,False
100511,2025-03-22 20:23,Cluj-Napoca,18,"['Kebab la farfurie', 'Shaorma mare']",2,64.0,9.99,25,Card,5.0,False
100512,2025-03-22 21:42,Brașov,8,"['Pad Thai', 'Sushi Mix 16 buc']",2,106.0,0.0,44,Card,4.0,False
100513,2025-03-22 21:51,Cluj-Napoca,14,"['Bowl vegan', 'Salată Caesar', 'Apă plată']",3,79.0,9.99,30,Card,,False
100514,2025-03-22 22:12,Cluj-Napoca,8,"['Ceai verde', 'Sushi Mix 16 buc', 'Noodles cu pui']",3,110.0,0.0,25,Card,,False
100515,2025-03-23 12:43,Timișoara,4,"['Burger Clasic', 'Cartofi prăjiți']",2,46.0,7.99,31,Card,,False
100516,2025-03-23 14:50,București,1,['Pizza Capricciosa'],1,41.0,12.99,32,Card,,False
100517,2025-03-23 15:27,București,2,"['Pizza Capricciosa', 'Focaccia', 'Pizza Margherita']",3,91.0,12.99,35,Card,4.0,False
100518,2025-03-23 19:10,București,14,"['Wrap cu pui', 'Salată Caesar', 'Apă plată', 'Smoothie']",4,89.0,9.99,32,Cash,4.0,False
100519,2025-03-23 22:08,București,7,"['Supă Miso', 'Pad Thai', 'California Roll', 'Noodles cu pui']",4,130.0,0.0,32,Card,,False
100520,2025-03-24 11:04,Cluj-Napoca,3,['Focaccia'],1,18.0,9.99,20,Cash,,False
100521,2025-03-24 14:42,Iași,12,['Limonadă'],1,12.0,9.99,25,Cash,,True
100522,2025-03-24 20:33,Cluj-Napoca,11,['Limonadă'],1,12.0,9.99,,Card,4.0,False
100523,2025-03-24 20:55,Cluj-Napoca,5,['Onion rings'],1,14.0,9.99,28,Card,5.0,True
100524,2025-03-24 21:54,Brașov,8,"['Ceai verde', 'Noodles cu pui', 'California Roll']",3,83.0,9.99,24,Card,,False
100525,2025-03-25 12:38,București,14,['Wrap cu pui'],1,31.0,7.99,35,Card,4.0,False
100526,2025-03-25 14:38,Timișoara,5,"['Cartofi prăjiți', 'Cheeseburger', 'Burger BBQ', 'Cola']",4,99.0,7.99,26,Card,4.0,False
100527,2025-03-25 16:02,Cluj-Napoca,5,"['Cheeseburger', 'Milkshake']",2,54.0,9.99,23,Cash,,True
100528,2025-03-25 20:46,Iași,12,"['Sarmale cu mămăligă', 'Limonadă']",2,48.0,7.99,31,Card,,False
100529,2025-03-25 21:22,Iași,18,['Cartofi prăjiți'],1,12.0,9.99,20,Card,,False
100530,2025-03-25 21:45,București,18,"['Falafel wrap', 'Kebab la farfurie']",2,60.0,9.99,52,Card,3.0,False
100531,2025-03-26 10:56,Cluj-Napoca,12,"['Ciorbă de burtă', 'Șnițel cu piure']",2,60.0,7.99,31,Card,4.0,True
100532,2025-03-26 18:47,bucurești,3,"['Pizza Margherita', 'Pizza Capricciosa']",2,73.0,9.99,41,Card,,False
100533,2025-03-26 19:14,București,6,"['Cartofi prăjiți', 'Cola', 'Cheeseburger']",3,57.0,7.99,48,Card,,False
100534,2025-03-26 20:11,București,3,"['Pizza Capricciosa', 'Tiramisu']",2,60.0,9.99,49,Cash,3.0,False
100535,2025-03-26 21:52,Brașov,2,"['Pizza Quattro Formaggi', 'Focaccia', 'Pizza Margherita']",3,92.0,7.99,33,Card,5.0,False
100536,2025-03-26 22:57,Iași,5,['Cheeseburger'],1,37.0,12.99,23,Card,4.0,False
100537,2025-03-27 18:18,Iași,4,['Burger Clasic'],1,34.0,9.99,12,Card,5.0,False
100538,2025-03-28 11:23,București,6,"['Milkshake', 'Burger BBQ']",2,59.0,12.99,28,Card,,False
100539,2025-03-28 13:52,Brașov,5,"['Cartofi prăjiți', 'Onion rings']",2,26.0,7.99,12,Card,5.0,False
100540,2025-03-28 17:39,București,11,"['Șnițel cu piure', 'Limonadă', 'Mici cu muștar (5 buc)']",3,80.0,9.99,,Card,3.0,False
100541,2025-03-28 18:53,București,14,"['Bowl vegan', 'Apă plată']",2,45.0,9.99,51,Cash,,False
100542,2025-03-28 20:31,Cluj,17,"['Shaorma mare', 'Falafel wrap']",2,54.0,9.99,30,Card,,False
100543,2025-03-29 10:10,Brașov,12,"['Sarmale cu mămăligă', 'Limonadă', 'Șnițel cu piure']",3,86.0,7.99,28,Cash,5.0,True
100544,2025-03-29 13:50,București,2,"['Tiramisu', 'Pizza Margherita', 'Pizza Diavola']",3,90.0,12.99,17,Card,,False
100545,2025-03-29 14:30,Timișoara,2,"['Focaccia', 'Cola', 'Pizza Diavola', 'Pizza Quattro Formaggi']",4,107.0,0.0,17,Card,4.0,False
100546,2025-03-29 20:47,București,18,"['Ayran', 'Shaorma mare']",2,36.0,9.99,46,Card,3.0,False
100547,2025-03-29 20:55,Iași,2,"['Pizza Capricciosa', 'Pizza Quattro Formaggi']",2,83.0,9.99,21,Card,5.0,False
100548,2025-03-30 10:44,Iași,14,"['Wrap cu pui', 'Salată Caesar']",2,65.0,9.99,12,Cash,,False
100549,2025-03-30 12:16,Brașov,17,"['Falafel wrap', 'Kebab la farfurie', 'Shaorma mare', 'Cartofi prăjiți']",4,101.0,0.0,24,Card,4.0,False
100550,2025-03-30 13:04,Brașov,3,"['Pizza Quattro Formaggi', 'Pizza Margherita']",2,74.0,9.99,21, Card,,False
100551,2025-03-30 13:06,Timișoara,8,"['Supă Miso', 'California Roll', 'Sushi Mix 16 buc']",3,118.0,0.0,43,Card,,False
100552,2025-03-30 14:38,Iași,4,"['Cola', 'Burger Clasic']",2,42.0,7.99,13,Card,5.0,False
100553,2025-03-30 17:13,Iași,17,"['Kebab la farfurie', 'Ayran']",2,42.0,9.99,18,Card,,True
100554,2025-03-30 17:15,Brașov,9,"['Noodles cu pui', 'California Roll']",2,74.0,12.99,28,Card,,False
100555,2025-03-30 18:29,Cluj-Napoca,13,"['Smoothie', 'Salată Caesar']",2,52.0,9.99,17,Card,5.0,False
100556,2025-03-30 19:14,Cluj-Napoca,10,"['Sarmale cu mămăligă', 'Limonadă', 'Ciorbă de burtă']",3,70.0,12.99,42,Card,4.0,True
100557,2025-03-30 19:49,București,15,"['Înghețată', 'Cafea', 'Papanași']",3,49.0,9.99,37,CARD,,False
100558,2025-03-30 20:25,Cluj-Napoca,2,"['Pizza Quattro Formaggi', 'Pizza Diavola']",2,81.0,7.99,29,Card,4.0,False
100559,2025-03-31 19:29,Timișoara,6,"['Cola', 'Burger BBQ']",2,50.0,9.99,38,Card,4.0,False
100560,2025-03-31 19:39,Brașov,3,"['Pizza Diavola', 'Pizza Quattro Formaggi']",2,81.0,7.99,25,Card,5.0,True
100561,2025-03-31 22:40,Cluj-Napoca,14,"['Wrap cu pui', 'Apă plată']",2,37.0,9.99,18,Cash,5.0,False
100562,2025-04-01 14:38,Cluj-Napoca,18,"['Shaorma mare', 'Falafel wrap', 'Ayran']",3,61.0,9.99,22,CARD,5.0,False
100563,2025-04-01 18:07,Brașov,8,"['Sushi Mix 16 buc', 'Ceai verde', 'Supă Miso', 'California Roll']",4,127.0,0.0,34,Card,,False
100564,2025-04-01 19:07,București,9,"['Sushi Mix 16 buc', 'Noodles cu pui', 'California Roll']",3,139.0,0.0,46,Card,,False
100565,2025-04-01 20:50,Timișoara,10,"['Papanași', 'Sarmale cu mămăligă']",2,60.0,7.99,21,Cash,,True
100566,2025-04-02 12:06,București,18,"['Cartofi prăjiți', 'Kebab la farfurie']",2,47.0,7.99,33,Card,4.0,False
100567,2025-04-02 16:33,București,5,"['Cola', 'Cheeseburger']",2,45.0,7.99,25,Card,,False
100568,2025-04-02 18:16,Cluj-Napoca,11,['Sarmale cu mămăligă'],1,36.0,7.99,21,Cash,5.0,False
100569,2025-04-02 19:15,Timișoara,4,"['Burger Clasic', 'Burger BBQ', 'Cheeseburger']",3,113.0,0.0,28,Card,,False
100570,2025-04-02 20:38,Iași,3,"['Focaccia', 'Pizza Quattro Formaggi', 'Pizza Capricciosa']",3,101.0,0.0,31,Card,4.0,False
100571,2025-04-03 14:31,Iași,9,['Pad Thai'],1,41.0,9.99,27,Card,5.0,False
100572,2025-04-03 15:40,Cluj-Napoca,6,"['Burger BBQ', 'Milkshake', 'Cartofi prăjiți']",3,71.0,7.99,24,Card,4.0,False
100573,2025-04-03 16:40,Brașov,9,"['Sushi Mix 16 buc', 'Ceai verde']",2,74.0,9.99,35,Card,5.0,False
100574,2025-04-03 17:08,Cluj-Napoca,9,"['California Roll', 'Pad Thai']",2,79.0,7.99,28,Card,3.0,False
100575,2025-04-03 18:43,Brașov,17,"['Falafel wrap', 'Shaorma mare']",2,54.0,7.99,30,Cash,,False
100576,2025-04-03 23:43,Brașov,5,['Cola'],1,8.0,9.99,15,Cash,4.0,True
100577,2025-04-04 11:09,București,7,"['Sushi Mix 16 buc', 'Noodles cu pui']",2,101.0,0.0,37,Cash,4.0,False
100578,2025-04-04 13:04,Iași,15,"['Waffle cu fructe', 'Papanași', 'Clătite cu ciocolată']",3,71.0,9.99,35,Card,,True
100579,2025-04-04 14:36,București,16,"['Cheesecake', 'Cafea', 'Papanași']",3,57.0,7.99,34,Card,4.0,True
100580,2025-04-04 15:18,București,1,['Pizza Quattro Formaggi'],1,42.0,7.99,32,Cash,,False
100581,2025-04-04 20:58,Timișoara,1,"['Tiramisu', 'Focaccia', 'Cola', 'Pizza Quattro Formaggi']",4,87.0,12.99,29,Card,4.0,False
100582,2025-04-04 21:15,București,2,"['Pizza Quattro Formaggi', 'Pizza Diavola']",2,81.0,12.99,43,Card,,False
100583,2025-04-04 22:45,Cluj-Napoca,3,"['Cola', 'Pizza Capricciosa', 'Focaccia']",3,67.0,12.99,14,Cash,5.0,False
100584,2025-04-05 12:25,București,7,"['Ceai verde', 'California Roll', 'Sushi Mix 16 buc']",3,112.0,0.0,41,Card,5.0,False
100585,2025-04-05 13:18,București,15,"['Cheesecake', 'Cafea', 'Înghețată']",3,48.0,9.99,42,Card,5.0,False
100586,2025-04-05 20:46,Timișoara,18,['Ayran'],1,7.0,7.99,26,Card,5.0,True
100587,2025-04-05 23:09,Brașov,4,"['Onion rings', 'Cheeseburger']",2,51.0,7.99,15,Card,4.0,False
100588,2025-04-06 10:45,București,2,"['Pizza Capricciosa', 'Pizza Quattro Formaggi']",2,83.0,7.99,15,Cash,,False
100589,2025-04-06 13:01,Cluj-Napoca,17,['Falafel wrap'],1,25.0,7.99,35,Cash,,False
100590,2025-04-06 13:04,București,4,"['Cola', 'Onion rings']",2,22.0,7.99,33,Card,3.0,False
100591,2025-04-06 13:36,BRAȘOV,16,"['Înghețată', 'Cheesecake']",2,38.0,7.99,18,Card,4.0,False
100592,2025-04-06 13:37,Timișoara,15,"['Cheesecake', 'Înghețată']",2,38.0,9.99,41,Card,4.0,False
100593,2025-04-06 17:46,Iași,14,['Bowl cu somon'],1,48.0,7.99,23,Card,,False
100594,2025-04-07 13:15,Bucuresti,18,"['Shaorma medie', 'Kebab la farfurie', 'Cartofi prăjiți']",3,71.0,9.99,37,Card,4.0,False
100595,2025-04-07 14:11,București,5,['Cartofi prăjiți'],1,12.0,12.99,28,Card,5.0,True
100596,2025-04-07 18:27,București,7,['California Roll'],1,38.0,7.99,27,Card,,False
100597,2025-04-07 19:02,Iași,1,"['Focaccia', 'Tiramisu']",2,37.0,9.99,21,Cash,4.0,False
100598,2025-04-07 19:34,București,10,"['Șnițel cu piure', 'Sarmale cu mămăligă']",2,74.0,7.99,39,Cash,3.0,False
100599,2025-04-07 23:24,București,2,"['Pizza Capricciosa', 'Pizza Quattro Formaggi', 'Tiramisu']",3,102.0,0.0,28,Card,,True
100600,2025-04-08 10:41, București,10,"['Sarmale cu mămăligă', 'Mici cu muștar (5 buc)']",2,66.0,9.99,42,Card,4.0,False
100601,2025-04-08 16:12,Timișoara,3,['Tiramisu'],1,19.0,7.99,21,Card,4.0,False
100602,2025-04-08 17:19,București,7,"['Sushi Mix 16 buc', 'California Roll']",2,103.0,0.0,34,Card,,True
100603,2025-04-08 17:20,Iași,2,"['Pizza Capricciosa', 'Cola', 'Focaccia']",3,67.0,7.99,20,Cash,,False
100604,2025-04-08 22:14,București,18,"['Shaorma mare', 'Falafel wrap']",2,54.0,9.99,37,Card,,False
100605,2025-04-08 22:32,Timișoara,4,"['Milkshake', 'Cartofi prăjiți']",2,29.0,12.99,22,Card,,False
100606,2025-04-08 23:05,Cluj-Napoca,11,"['Limonadă', 'Ciorbă de burtă', 'Sarmale cu mămăligă']",3,70.0,7.99,28,Cash,5.0,False
100607,2025-04-09 12:11,Iași,17,"['Ayran', 'Shaorma mare', 'Shaorma medie']",3,60.0,9.99,27,Card,,True
100608,2025-04-09 12:27,Brașov,1,"['Focaccia', 'Tiramisu', 'Pizza Quattro Formaggi', 'Pizza Diavola']",4,118.0,0.0,34,Card,5.0,False
100609,2025-04-09 14:56,Iași,1,"['Pizza Margherita', 'Pizza Capricciosa']",2,73.0,9.99,17,CARD,,False
100610,2025-04-09 19:34,Iași,14,"['Bowl cu somon', 'Smoothie']",2,66.0,7.99,21,Cash,5.0,False
100611,2025-04-09 22:30,Cluj-Napoca,3,"['Pizza Capricciosa', 'Pizza Diavola']",2,80.0,9.99,16,Cash,5.0,True
100612,2025-04-10 11:22,București,18,"['Cartofi prăjiți', 'Ayran', 'Shaorma medie']",3,43.0,9.99,33,Card,,False
100613,2025-04-10 17:13,București,16,"['Waffle cu fructe', 'Cafea', 'Papanași', 'Clătite cu ciocolată']",4,81.0,7.99,45,Card,3.0,True
100614,2025-04-10 18:30,Iași,17,"['Kebab la farfurie', 'Shaorma medie', 'Shaorma mare', 'Ayran']",4,95.0,9.99,20,Card,4.0,False
100615,2025-04-10 20:45,București,9,"['Supă Miso', 'Sushi Mix 16 buc', 'California Roll', 'Ceai verde']",4,127.0,0.0,39,Card,3.0,True
100616,2025-04-10 21:29,Iași,18,"['Ayran', 'Falafel wrap']",2,32.0,9.99,27,Card,3.0,True
100617,2025-04-11 12:25,București,2,"['Focaccia', 'Tiramisu']",2,37.0,9.99,39,Cash,5.0,True
100618,2025-04-11 17:44,București,7,"['Ceai verde', 'California Roll']",2,47.0,9.99,41,Card,,False
100619,2025-04-11 18:49,Brașov,1,"['Cola', 'Tiramisu', 'Pizza Quattro Formaggi']",3,69.0,9.99,16,Cash,,False
100620,2025-04-12 12:09,București,6,"['Cola', 'Cartofi prăjiți']",2,20.0,9.99,46,Cash,5.0,True
100621,2025-04-12 12:22,Iași,1,['Focaccia'],1,18.0,7.99,,Card,,False
100622,2025-04-12 13:55,Cluj-Napoca,18,"['Ayran', 'Shaorma medie']",2,31.0,12.99,27,Card,,False
100623,2025-04-12 14:17,Iași,5,"['Onion rings', 'Burger BBQ']",2,56.0,12.99,20,Card,5.0,True
100624,2025-04-12 19:13,București,11,"['Sarmale cu mămăligă', 'Limonadă']",2,48.0,9.99,47,Card,3.0,False
100625,2025-04-13 18:09,Cluj-Napoca,3,"['Pizza Capricciosa', 'Tiramisu', 'Focaccia']",3,78.0,9.99,28,Card,4.0,False
100626,2025-04-13 22:35,București,4,"['Burger BBQ', 'Onion rings']",2,56.0,12.99,28,Cash,4.0,False
100627,2025-04-13 23:15,București,11,['Sarmale cu mămăligă'],1,36.0,12.99,31,Cash,4.0,True
100628,2025-04-14 12:27,București,8,"['Pad Thai', 'Sushi Mix 16 buc', 'Ceai verde']",3,115.0,0.0,44,Card,,True
100629,2025-04-14 14:17,Brașov,8,"['California Roll', 'Sushi Mix 16 buc', 'Noodles cu pui']",3,139.0,0.0,27,Card,,False
100630,2025-04-14 18:32,Timișoara,18,['Shaorma mare'],1,29.0,9.99,30,Card,4.0,False
100631,2025-04-14 20:02,București,17,"['Ayran', 'Kebab la farfurie']",2,42.0,9.99,45,Cash,,False
100632,2025-04-15 12:47,București,12,"['Sarmale cu mămăligă', 'Ciorbă de burtă', 'Șnițel cu piure', 'Papanași']",4,120.0,0.0,50,Cash,4.0,False
100633,2025-04-15 14:30,Timișoara,3,"['Pizza Diavola', 'Focaccia']",2,57.0,7.99,24,Cash,5.0,False
100634,2025-04-15 15:27,Iași,11,"['Papanași', 'Ciorbă de burtă', 'Mici cu muștar (5 buc)']",3,76.0,9.99,30,Card,3.0,False
100635,2025-04-15 21:22,Timișoara,2,['Pizza Capricciosa'],1,41.0,7.99,23,Cash,4.0,False
100636,2025-04-15 22:11,Iași,13,"['Bowl cu somon', 'Smoothie']",2,66.0,9.99,28,Cash,,False
100637,2025-04-16 11:42,București,3,"['Cola', 'Pizza Diavola', 'Tiramisu', 'Pizza Capricciosa']",4,107.0,0.0,40,Card,5.0,False
100638,2025-04-16 19:16,Cluj-Napoca,2,"['Pizza Margherita', 'Pizza Diavola', 'Cola']",3,79.0,7.99,32,Cash,5.0,False
100639,2025-04-16 22:58,București,9,"['Supă Miso', 'Pad Thai']",2,56.0,7.99,39,Card,,False
100640,2025-04-16 23:40,Iași,17,"['Cartofi prăjiți', 'Shaorma mare', 'Kebab la farfurie']",3,76.0,12.99,21,Cash,5.0,False
100641,2025-04-17 16:22,București,1,['Focaccia'],1,18.0,9.99,32,Cash,4.0,True
100642,2025-04-17 19:23,București,6,"['Cheeseburger', 'Cola']",2,45.0,12.99,30,Card,4.0,False
100643,2025-04-17 19:25,Iași,6,"['Milkshake', 'Onion rings']",2,31.0,12.99,28, Card,4.0,False
100644,2025-04-17 20:25,București,1,['Pizza Capricciosa'],1,41.0,9.99,38,Cash,5.0,False
100645,2025-04-17 21:04,Timișoara,11,"['Ciorbă de burtă', 'Sarmale cu mămăligă']",2,58.0,7.99,31,Card,,False
100646,2025-04-17 23:22,Cluj-Napoca,1,"['Tiramisu', 'Pizza Margherita']",2,51.0,7.99,21,Card,4.0,False
100647,2025-04-18 12:46,Timișoara,2,"['Pizza Quattro Formaggi', 'Pizza Capricciosa']",2,83.0,7.99,25,Card,5.0,True
100648,2025-04-18 13:02,București,3,['Pizza Quattro Formaggi'],1,42.0,7.99,43,Card,4.0,True
100649,2025-04-19 11:05,Cluj-Napoca,18,"['Ayran', 'Shaorma mare']",2,36.0,12.99,17,Card,,False
100650,2025-04-19 13:00,Timișoara,7,"['California Roll', 'Sushi Mix 16 buc']",2,103.0,0.0,38,Card,5.0,False
100651,2025-04-19 18:05,Timișoara,13,"['Smoothie', 'Salată Caesar', 'Apă plată', 'Wrap cu pui']",4,89.0,7.99,14,Cash,5.0,False
100652,2025-04-19 20:21,București,3,['Tiramisu'],1,19.0,9.99,53,Card,4.0,False
100653,2025-04-19 21:46,Brașov,8,"['Pad Thai', 'California Roll']",2,79.0,9.99,36,Cash,5.0,False
100654,2025-04-20 12:45,București,2,['Pizza Margherita'],1,32.0,7.99,40,Card,4.0,False
100655,2025-04-20 18:58,Brașov,6,"['Onion rings', 'Cheeseburger', 'Burger BBQ']",3,93.0,9.99,24,Card,4.0,False
100656,2025-04-20 20:36,București,13,"['Smoothie', 'Wrap cu pui', 'Salată Caesar']",3,83.0,7.99,38,Card,,False
100657,2025-04-21 10:18,București,9,"['Pad Thai', 'Sushi Mix 16 buc']",2,106.0,0.0,38,Card,,False
100658,2025-04-21 13:58,București,8,"['California Roll', 'Pad Thai', 'Supă Miso']",3,94.0,9.99,41,Card,4.0,True
100659,2025-04-21 13:59,București,5,"['Cheeseburger', 'Cartofi prăjiți', 'Milkshake', 'Burger BBQ']",4,108.0,0.0,,Cash,,False
100660,2025-04-21 14:47,Cluj-Napoca,18,"['Ayran', 'Cartofi prăjiți', 'Shaorma mare']",3,48.0,12.99,13,Card,,False
100661,2025-04-21 19:58,București,14,"['Apă plată', 'Bowl vegan']",2,45.0,9.99,31,Card,5.0,False
100662,2025-04-21 20:18,Timișoara,12,"['Limonadă', 'Sarmale cu mămăligă']",2,48.0,7.99,37,Card,,True
100663,2025-04-22 11:40,Bucuresti,3,['Pizza Quattro Formaggi'],1,42.0,12.99,26,Cash,,True
100664,2025-04-22 19:13,București,6,"['Cola', 'Cartofi prăjiți']",2,20.0,12.99,42,Card,,False
100665,2025-04-22 19:38,Iași,14,"['Salată Caesar', 'Apă plată']",2,40.0,7.99,42,Card,4.0,True
100666,2025-04-22 20:28,București,10,['Papanași'],1,24.0,12.99,35,card,4.0,True
100667,2025-04-22 23:40,Brașov,18,['Shaorma mare'],1,29.0,9.99,32,Card,5.0,False
100668,2025-04-23 12:44,Timișoara,1,"['Pizza Diavola', 'Pizza Margherita', 'Focaccia']",3,89.0,9.99,40,Cash,,True
100669,2025-04-23 14:06,București,4,"['Milkshake', 'Burger BBQ', 'Onion rings', 'Burger Clasic']",4,107.0,0.0,29,Card,4.0,False
100670,2025-04-23 19:40,Timișoara,5,"['Milkshake', 'Cola']",2,25.0,12.99,23,Card,5.0,False
100671,2025-04-23 20:46,București,17,"['Shaorma mare', 'Cartofi prăjiți', 'Shaorma medie', 'Kebab la farfurie']",4,100.0,0.0,24,Card,4.0,False
100672,2025-04-24 12:01,București,17,"['Cartofi prăjiți', 'Shaorma medie', 'Ayran', 'Shaorma mare']",4,72.0,7.99,35,Card,4.0,False
100673,2025-04-24 13:41,Iași,17,"['Cartofi prăjiți', 'Kebab la farfurie', 'Shaorma medie', 'Falafel wrap']",4,96.0,9.99,23,Card,4.0,False
100674,2025-04-24 16:46,Iași,6,"['Cola', 'Cheeseburger']",2,0,7.99,19,Card,,False
100675,2025-04-24 17:47,București,10,"['Papanași', 'Mici cu muștar (5 buc)', 'Șnițel cu piure', 'Limonadă']",4,104.0,0.0,33,Card,4.0,False
100676,2025-04-24 18:47,București,4,['Burger BBQ'],1,42.0,7.99,39,Card,4.0,False
100677,2025-04-24 19:37,București,7,"['Noodles cu pui', 'Ceai verde', 'California Roll']",3,83.0,7.99,39,Card,5.0,False
100678,2025-04-24 21:38,Brașov,3,['Cola'],1,8.0,9.99,19,Cash,4.0,False
100679,2025-04-24 21:51,Brașov,2,"['Cola', 'Pizza Margherita']",2,40.0,12.99,36,Card,3.0,False
100680,2025-04-24 21:51,Iași,5,"['Cola', 'Milkshake']",2,25.0,9.99,32,Card,4.0,False
100681,2025-04-24 22:32,Cluj-Napoca,17,"['Shaorma mare', 'Cartofi prăjiți', 'Kebab la farfurie']",3,76.0,9.99,15,Card,5.0,False
100682,2025-04-25 12:53,Cluj-Napoca,16,['Înghețată'],1,15.0,9.99,37,Card,4.0,True
100683,2025-04-25 19:24,BUCURESTI,5,"['Cheeseburger', 'Onion rings']",2,51.0,9.99,47,Card,,False
100684,2025-04-25 21:08,Timișoara,5,['Burger Clasic'],1,34.0,7.99,31,Card,4.0,False
100685,2025-04-25 21:31,Timișoara,4,"['Cartofi prăjiți', 'Burger Clasic', 'Milkshake']",3,63.0,12.99,33, Card,4.0,False
100686,2025-04-26 10:02,București,14,"['Smoothie', 'Wrap cu pui']",2,49.0,7.99,28,Card,,False
100687,2025-04-26 14:24,Brașov,13,"['Salată Caesar', 'Smoothie']",2,52.0,9.99,22,Card,5.0,False
100688,2025-04-26 14:57,București,8,"['California Roll', 'Supă Miso', 'Sushi Mix 16 buc']",3,118.0,0.0,45,Card,5.0,False
100689,2025-04-26 18:56,București,3,['Pizza Margherita'],1,32.0,9.99,32,Card,3.0,False
100690,2025-04-26 19:11,București,11,"['Mici cu muștar (5 buc)', 'Șnițel cu piure']",2,68.0,7.99,49,Card,4.0,False
100691,2025-04-26 21:19,Iași,12,['Șnițel cu piure'],1,38.0,9.99,,Card,,False
100692,2025-04-26 21:43,Cluj-Napoca,17,"['Shaorma medie', 'Cartofi prăjiți', 'Ayran', 'Shaorma mare']",4,72.0,12.99,12,Card,5.0,False
100693,2025-04-26 23:19,Timișoara,3,"['Focaccia', 'Pizza Capricciosa']",2,59.0,9.99,21,Cash,4.0,True
100694,2025-04-27 10:10,BUCURESTI,17,"['Falafel wrap', 'Ayran']",2,32.0,7.99,26,Card,5.0,False
100695,2025-04-27 12:49,Timișoara,11,"['Sarmale cu mămăligă', 'Șnițel cu piure']",2,74.0,12.99,31,Card,5.0,True
100696,2025-04-27 16:14,București,16,"['Papanași', 'Waffle cu fructe']",2,50.0,9.99,39,Card,,False
100697,2025-04-27 23:17,Cluj-Napoca,13,"['Smoothie', 'Bowl cu somon', 'Wrap cu pui', 'Salată Caesar']",4,131.0,0.0,13,Card,,False
100698,2025-04-28 12:40,Timișoara,7,"['California Roll', 'Pad Thai', 'Sushi Mix 16 buc', 'Ceai verde']",4,153.0,0.0,41,Cash,4.0,False
100699,2025-04-28 13:48,București,11,['Șnițel cu piure'],1,38.0,7.99,42,Cash,4.0,False
100700,2025-04-28 14:46,Timișoara,2,"['Pizza Margherita', 'Tiramisu', 'Pizza Diavola', 'Pizza Capricciosa']",4,131.0,0.0,30, Card,5.0,False
100701,2025-04-28 15:47,Cluj-Napoca,5,"['Cheeseburger', 'Onion rings']",2,51.0,9.99,25,Card,4.0,False
100702,2025-04-28 19:17,Bucuresti,15,"['Clătite cu ciocolată', 'Papanași']",2,45.0,7.99,46,Card,4.0,False
100703,2025-04-29 10:23,Cluj-Napoca,1,['Pizza Quattro Formaggi'],1,42.0,9.99,15,Cash,,False
100704,2025-04-29 16:54,Timișoara,1,"['Pizza Quattro Formaggi', 'Cola']",2,50.0,7.99,22,Card,,True
100705,2025-04-29 20:04,Timișoara,1,"['Pizza Margherita', 'Tiramisu', 'Pizza Capricciosa']",3,92.0,12.99,24,Cash,,True
100706,2025-04-30 20:30,București,5,['Burger BBQ'],1,42.0,7.99,40,Card,4.0,False
100707,2025-04-30 21:24,Timișoara,3,['Tiramisu'],1,19.0,7.99,39,Card,5.0,False
100708,2025-04-30 22:25,Cluj-Napoca,8,"['California Roll', 'Sushi Mix 16 buc']",2,103.0,0.0,12,Card,,False
100709,2025-05-01 14:31,București,18,"['Ayran', 'Shaorma medie']",2,31.0,7.99,34,Card,,False
100709,2025-05-01 14:31,București,18,"['Ayran', 'Shaorma medie']",2,31.0,7.99,34,Card,,False
100710,2025-05-01 18:39,Brașov,7,"['Supă Miso', 'Ceai verde', 'Noodles cu pui']",3,60.0,12.99,20,Cash,5.0,False
100711,2025-05-01 18:45,Cluj-Napoca,3,"['Tiramisu', 'Pizza Diavola', 'Pizza Margherita', 'Pizza Quattro Formaggi']",4,132.0,0.0,22,Card,5.0,False
100712,2025-05-01 19:20,București,14,"['Bowl cu somon', 'Salată Caesar', 'Apă plată', 'Smoothie']",4,106.0,0.0,37,Card,,False
100713,2025-05-01 22:04,Timișoara,18,"['Cartofi prăjiți', 'Ayran', 'Shaorma medie']",3,43.0,12.99,21,Card,5.0,False
100714,2025-05-01 23:06,Cluj-Napoca,18,"['Shaorma mare', 'Shaorma medie']",2,53.0,7.99,13,Card,5.0,False
100715,2025-05-02 17:15,București,1,['Pizza Margherita'],1,32.0,12.99,44,Card,3.0,False
100716,2025-05-03 18:28,București,1,['Pizza Capricciosa'],1,41.0,7.99,40,Card,4.0,False
100717,2025-05-03 18:48,Cluj-Napoca,17,"['Cartofi prăjiți', 'Shaorma mare']",2,41.0,7.99,23,Card,5.0,False
100718,2025-05-04 10:23,București,4,"['Cola', 'Cartofi prăjiți']",2,20.0,9.99,21,Cash,5.0,False
100719,2025-05-04 12:20,Cluj-Napoca,12,"['Ciorbă de burtă', 'Sarmale cu mămăligă']",2,58.0,9.99,28,Card,4.0,False
100720,2025-05-04 19:55,București,17,"['Kebab la farfurie', 'Shaorma medie']",2,59.0,7.99,41,Cash,5.0,False
100721,2025-05-05 13:16,București,9,"['Pad Thai', 'Ceai verde']",2,50.0,7.99,54,Cash,4.0,True
100722,2025-05-05 14:35,Cluj-Napoca,6,"['Milkshake', 'Cheeseburger', 'Burger Clasic']",3,88.0,7.99,12,Card,,False
100723,2025-05-05 15:23,București,4,"['Cola', 'Burger Clasic', 'Cheeseburger']",3,79.0,12.99,24,Cash,5.0,True
100724,2025-05-05 19:14,Cluj-Napoca,3,"['Pizza Margherita', 'Cola']",2,40.0,9.99,21,Cash,4.0,False
100725,2025-05-05 19:59,București,5,"['Burger Clasic', 'Milkshake']",2,51.0,7.99,33,Card,3.0,False
100726,2025-05-05 20:44,Cluj-Napoca,1,"['Pizza Capricciosa', 'Pizza Margherita']",2,73.0,7.99,35,Card,4.0,False
100727,2025-05-05 20:54,București,7,"['Supă Miso', 'Ceai verde']",2,24.0,7.99,32,Cash,5.0,False
100728,2025-05-05 21:13,București,14,['Wrap cu pui'],1,31.0,9.99,41,Cash,4.0,False
100729,2025-05-05 21:37,București,6,"['Onion rings', 'Cartofi prăjiți', 'Burger BBQ']",3,68.0,9.99,31,Card,,False
100730,2025-05-06 12:20,Iași,17,"['Cartofi prăjiți', 'Shaorma medie', 'Shaorma mare']",3,65.0,7.99,21,Card,4.0,False
100731,2025-05-06 12:50,Cluj-Napoca,1,['Focaccia'],1,18.0,9.99,15,Cash,,False
100732,2025-05-06 14:13,Brașov,1,"['Pizza Diavola', 'Pizza Quattro Formaggi']",2,81.0,12.99,19,Card,4.0,False
100733,2025-05-06 15:47,Cluj-Napoca,17,"['Cartofi prăjiți', 'Ayran', 'Shaorma mare']",3,48.0,9.99,30,Card,3.0,False
100734,2025-05-06 16:05,Brașov,2,['Pizza Margherita'],1,32.0,12.99,22,Cash,,False
100735,2025-05-06 19:17,București,2,"['Pizza Quattro Formaggi', 'Pizza Margherita']",2,74.0,7.99,27,Card,,False
100736,2025-05-06 20:05,Iași,13,"['Apă plată', 'Bowl cu somon', 'Wrap cu pui']",3,85.0,9.99,40,Cash,,False
100737,2025-05-07 12:06,Brașov,16,"['Clătite cu ciocolată', 'Înghețată']",2,36.0,7.99,21,Card,5.0,False
100738,2025-05-07 12:15,București,11,['Papanași'],1,24.0,7.99,48,Card,,False
100739,2025-05-07 12:57,București,8,"['Pad Thai', 'Supă Miso', 'Ceai verde', 'Sushi Mix 16 buc']",4,130.0,0.0,43,Card,4.0,False
100740,2025-05-07 15:22,Cluj-Napoca,6,"['Onion rings', 'Burger Clasic']",2,48.0,7.99,12,Card,4.0,False
100741,2025-05-07 16:21,București,4,['Cola'],1,8.0,12.99,27,Card,4.0,False
100742,2025-05-07 16:34,BUCURESTI,8,['Pad Thai'],1,41.0,12.99,35,Cash,5.0,True
100743,2025-05-07 18:48,București,18,"['Shaorma medie', 'Kebab la farfurie']",2,59.0,9.99,33,Card,5.0,False
100744,2025-05-07 20:04,Cluj-Napoca,3,"['Cola', 'Tiramisu']",2,27.0,12.99,35,Card,4.0,False
100745,2025-05-08 12:43,Timișoara,6,['Burger Clasic'],1,34.0,9.99,37,Card,,False
100746,2025-05-08 13:12,Timișoara,4,['Cola'],1,8.0,9.99,32,Cash,,False
100747,2025-05-08 13:12,București,3,['Tiramisu'],1,19.0,7.99,47,Card,4.0,False
100748,2025-05-08 19:21,bucurești,3,"['Pizza Capricciosa', 'Pizza Diavola', 'Focaccia']",3,98.0,7.99,45,Cash,,False
100749,2025-05-08 19:41,București,10,"['Ciorbă de burtă', 'Limonadă', 'Mici cu muștar (5 buc)']",3,64.0,9.99,46,Card,4.0,False
100750,2025-05-08 19:58,Cluj-Napoca,5,"['Burger BBQ', 'Cartofi prăjiți']",2,54.0,7.99,36,Card,3.0,False
100751,2025-05-08 21:21,Cluj-Napoca,8,"['Noodles cu pui', 'California Roll', 'Ceai verde']",3,83.0,9.99,31,Cash,,False
100752,2025-05-08 23:05,Iași,13,"['Bowl vegan', 'Smoothie']",2,57.0,12.99,12,Cash,,True
100753,2025-05-09 12:14,București,4,['Burger Clasic'],1,34.0,9.99,43,Card,4.0,False
100754,2025-05-09 18:56,timișoara,7,"['Sushi Mix 16 buc', 'Noodles cu pui', 'California Roll']",3,139.0,0.0,26,Cash,5.0,True
100755,2025-05-09 21:58,bucurești,18,['Kebab la farfurie'],1,35.0,9.99,49,Card,4.0,True
100756,2025-05-09 22:27,Iași,3,"['Pizza Diavola', 'Tiramisu']",2,58.0,12.99,24,card,5.0,False
100757,2025-05-10 12:03,Cluj-Napoca,3,['Cola'],1,8.0,9.99,28,Card,5.0,False
100758,2025-05-10 13:49,Timișoara,6,['Cola'],1,8.0,9.99,21,Card,5.0,False
100759,2025-05-10 20:39,Brașov,2,"['Pizza Diavola', 'Cola', 'Focaccia', 'Pizza Quattro Formaggi']",4,107.0,0.0,27,Card,5.0,True
100760,2025-05-10 21:09,Iași,17,"['Shaorma mare', 'Ayran', 'Cartofi prăjiți']",3,48.0,9.99,34,Card,3.0,True
100761,2025-05-10 21:33,Iași,12,"['Papanași', 'Limonadă']",2,36.0,12.99,39,Card,,False
100762,2025-05-11 12:00,București,15,"['Cafea', 'Clătite cu ciocolată', 'Înghețată']",3,46.0,9.99,39,Card,4.0,False
100763,2025-05-11 13:05,Timișoara,12,"['Sarmale cu mămăligă', 'Mici cu muștar (5 buc)']",2,66.0,7.99,35,Card,,False
100764,2025-05-11 15:00,București,5,"['Onion rings', 'Burger Clasic']",2,48.0,12.99,30,Card,,False
100765,2025-05-11 21:09,București,2,"['Cola', 'Tiramisu']",2,27.0,9.99,,Cash,,True
100766,2025-05-11 21:14,Cluj-Napoca,5,"['Burger BBQ', 'Onion rings']",2,56.0,7.99,30,Cash,,False
100767,2025-05-12 12:51,Brașov,1,['Cola'],1,8.0,12.99,43,Card,4.0,False
100768,2025-05-13 12:19,Timișoara,13,"['Salată Caesar', 'Wrap cu pui']",2,65.0,7.99,23,Card,4.0,False
100769,2025-05-13 12:33,București,1,"['Pizza Margherita', 'Tiramisu']",2,51.0,7.99,43,Card,,True
100770,2025-05-13 13:42,Timișoara,17,"['Ayran', 'Falafel wrap']",2,32.0,7.99,21,Card,,False
100771,2025-05-13 14:13,Iași,16,"['Cafea', 'Cheesecake']",2,33.0,7.99,12,Cash,,False
100772,2025-05-13 15:28,Timișoara,9,"['Noodles cu pui', 'California Roll']",2,74.0,12.99,24,Cash,5.0,False
100773,2025-05-13 19:00,București,9,"['Noodles cu pui', 'Supă Miso']",2,51.0,9.99,41,Card,3.0,False
100774,2025-05-13 20:42,Cluj-Napoca,13,"['Smoothie', 'Bowl cu somon', 'Apă plată']",3,72.0,7.99,24,Cash,4.0,False
100775,2025-05-14 17:25,București,12,"['Sarmale cu mămăligă', 'Ciorbă de burtă', 'Limonadă', 'Șnițel cu piure']",4,108.0,0.0,27,Card,4.0,False
100776,2025-05-14 18:21,Brașov,5,"['Cartofi prăjiți', 'Cheeseburger']",2,49.0,9.99,31,Card,,True
100777,2025-05-15 11:15,București,2,['Focaccia'],1,18.0,9.99,33,Card,3.0,True
100778,2025-05-15 13:38,Brașov,8,"['Ceai verde', 'Supă Miso']",2,24.0,9.99,45,Cash,3.0,False
100779,2025-05-15 14:56,Cluj-Napoca,18,['Kebab la farfurie'],1,35.0,9.99,15,Card,,False
100780,2025-05-15 19:39,Cluj-Napoca,8,"['Sushi Mix 16 buc', 'Noodles cu pui']",2,101.0,0.0,35,Cash,,False
100781,2025-05-15 21:39,București,3,"['Pizza Quattro Formaggi', 'Cola']",2,50.0,7.99,36,Card,,True
100782,2025-05-15 21:57,Cluj-Napoca,13,"['Apă plată', 'Wrap cu pui']",2,37.0,12.99,28,Card,,True
100783,2025-05-16 13:25,Brașov,17,"['Kebab la farfurie', 'Cartofi prăjiți']",2,47.0,7.99,24,cash,4.0,False
100784,2025-05-16 14:39,București,17,"['Shaorma mare', 'Ayran']",2,36.0,9.99,30,Card,,False
100785,2025-05-16 20:23,București,4,"['Burger BBQ', 'Onion rings']",2,56.0,12.99,48,Card,4.0,False
100786,2025-05-16 20:37,iași ,3,"['Pizza Capricciosa', 'Pizza Margherita']",2,73.0,7.99,31,Card,,False
100787,2025-05-17 13:26,București,3,"['Cola', 'Pizza Margherita', 'Pizza Diavola']",3,79.0,7.99,52,Cash,3.0,True
100788,2025-05-17 13:49,Iași,13,['Apă plată'],1,6.0,9.99,25,Card,5.0,True
100789,2025-05-17 14:21,Timișoara,2,"['Focaccia', 'Pizza Margherita']",2,50.0,9.99,22,Card,4.0,False
100790,2025-05-17 14:43,București,4,"['Cola', 'Cheeseburger']",2,45.0,12.99,28,Card,5.0,False
100791,2025-05-17 18:03,Cluj-Napoca,11,"['Șnițel cu piure', 'Sarmale cu mămăligă']",2,74.0,7.99,40,Card,,False
100792,2025-05-17 19:49,Timișoara,18,"['Kebab la farfurie', 'Ayran', 'Shaorma mare']",3,71.0,7.99,30,Card,,True
100793,2025-05-17 20:05,Timișoara,11,"['Mici cu muștar (5 buc)', 'Papanași', 'Șnițel cu piure']",3,92.0,7.99,36,Card,4.0,False
100794,2025-05-17 21:19,Timișoara,4,"['Burger BBQ', 'Cola', 'Milkshake']",3,67.0,12.99,34,Card,,False
100795,2025-05-17 21:59,București,5,"['Onion rings', 'Milkshake']",2,31.0,9.99,44,Card,,True
100796,2025-05-17 22:44,București,15,"['Clătite cu ciocolată', 'Papanași', 'Cheesecake']",3,68.0,7.99,21,Card,,False
100797,2025-05-18 12:14,Timișoara,14,"['Bowl vegan', 'Salată Caesar', 'Smoothie']",3,91.0,7.99,31,Card,4.0,False
100798,2025-05-18 19:26,București,9,"['Sushi Mix 16 buc', 'Supă Miso', 'Ceai verde']",3,89.0,9.99,31,Card,4.0,False
100799,2025-05-18 20:34,București,1,"['Cola', 'Focaccia', 'Pizza Diavola']",3,65.0,12.99,42,Card,4.0,False
100800,2025-05-18 21:23,București,18,"['Cartofi prăjiți', 'Kebab la farfurie', 'Shaorma medie']",3,71.0,7.99,30,Card,4.0,False
100801,2025-05-18 23:25,București,16,"['Cafea', 'Clătite cu ciocolată']",2,31.0,7.99,33,Card,4.0,True
100802,2025-05-19 11:36,București,6,['Milkshake'],1,17.0,7.99,32,Cash,5.0,False
100803,2025-05-19 12:01,București,17,['Ayran'],1,7.0,9.99,41,CARD,4.0,False
100804,2025-05-19 14:20,Brașov,6,"['Cartofi prăjiți', 'Cola', 'Burger Clasic']",3,54.0,12.99,27,Cash,4.0,False
100805,2025-05-19 20:33,București,11,"['Sarmale cu mămăligă', 'Șnițel cu piure']",2,74.0,9.99,40,Card,4.0,False
100806,2025-05-19 20:59,București,14,"['Apă plată', 'Wrap cu pui', 'Salată Caesar']",3,71.0,9.99,40,Card,4.0,False
100807,2025-05-20 13:52,București,3,"['Cola', 'Pizza Margherita', 'Pizza Quattro Formaggi']",3,82.0,12.99,44,Cash,,False
100808,2025-05-20 20:19,București,6,"['Burger BBQ', 'Burger Clasic', 'Cheeseburger']",3,113.0,0.0,30,Card,5.0,False
100809,2025-05-21 12:35,București,3,"['Pizza Margherita', 'Pizza Capricciosa']",2,73.0,12.99,50,Card,3.0,False
100810,2025-05-21 19:51,Cluj-Napoca,13,"['Bowl vegan', 'Apă plată']",2,45.0,7.99,44,Card,4.0,False
100811,2025-05-21 21:25,Brașov,3,"['Pizza Quattro Formaggi', 'Pizza Margherita', 'Cola']",3,82.0,7.99,28,Card,,True
100812,2025-05-22 11:00,Cluj-Napoca,16,"['Waffle cu fructe', 'Înghețată', 'Papanași']",3,65.0,9.99,25,Cash,5.0,False
100812,2025-05-22 11:00,Cluj-Napoca,16,"['Waffle cu fructe', 'Înghețată', 'Papanași']",3,65.0,9.99,25,Cash,5.0,False
100813,2025-05-22 19:44,Iași,7,"['Noodles cu pui', 'Pad Thai']",2,77.0,9.99,37,Card,2.0,False
100814,2025-05-23 12:03,Iași,6,['Burger BBQ'],1,42.0,7.99,42,Cash,5.0,False
100815,2025-05-23 15:44,Timișoara,11,['Sarmale cu mămăligă'],1,36.0,9.99,26,Card,5.0,False
100816,2025-05-23 19:18,București,15,"['Papanași', 'Cafea']",2,34.0,9.99,48,Card,3.0,False
100817,2025-05-23 19:38,București,16,['Papanași'],1,24.0,9.99,41,Card,,False
100818,2025-05-23 19:55,București,2,"['Pizza Capricciosa', 'Pizza Diavola', 'Pizza Margherita']",3,112.0,0.0,25,Card,,True
100819,2025-05-23 20:08,Cluj-Napoca,2,"['Pizza Capricciosa', 'Pizza Diavola', 'Pizza Quattro Formaggi', 'Tiramisu']",4,141.0,0.0,19,Card,5.0,True
100820,2025-05-23 20:37,București,10,"['Mici cu muștar (5 buc)', 'Sarmale cu mămăligă', 'Ciorbă de burtă', 'Papanași']",4,112.0,0.0,33,Cash,,True
100821,2025-05-24 14:25,Iași,17,"['Falafel wrap', 'Kebab la farfurie', 'Ayran', 'Cartofi prăjiți']",4,79.0,7.99,24,Cash,,False
100822,2025-05-24 17:38,Timișoara,1,"['Pizza Quattro Formaggi', 'Pizza Capricciosa']",2,83.0,9.99,32,Cash,4.0,False
100823,2025-05-24 19:19,București,9,"['Noodles cu pui', 'Supă Miso', 'California Roll']",3,89.0,7.99,54,Card,4.0,False
100824,2025-05-24 19:23,Brașov,16,"['Cheesecake', 'Înghețată', 'Cafea']",3,48.0,9.99,23,Cash,5.0,True
100825,2025-05-24 20:21,Cluj-Napoca,6,['Cola'],1,8.0,12.99,33,Card,3.0,False
100826,2025-05-24 20:53,Cluj-Napoca,2,"['Pizza Margherita', 'Pizza Capricciosa']",2,73.0,12.99,28,Card,4.0,False
100827,2025-05-24 21:24,Iași,2,['Tiramisu'],1,19.0,7.99,40,Cash,4.0,False
100828,2025-05-24 23:21,Timișoara,10,"['Papanași', 'Sarmale cu mămăligă', 'Limonadă']",3,72.0,9.99,15,Card,4.0,False
100829,2025-05-24 23:31,București,13,['Wrap cu pui'],1,31.0,7.99,28,Cash,,False
100830,2025-05-25 10:14,Iași,6,"['Cola', 'Onion rings', 'Milkshake']",3,39.0,7.99,29,Card,,False
100831,2025-05-25 13:06,Cluj-Napoca,11,"['Mici cu muștar (5 buc)', 'Șnițel cu piure']",2,68.0,9.99,28,Card,,False
100832,2025-05-25 13:47,Brașov,17,"['Kebab la farfurie', 'Cartofi prăjiți', 'Shaorma medie']",3,71.0,9.99,39,Cash,4.0,True
100833,2025-05-25 18:30,Brașov,10,['Șnițel cu piure'],1,38.0,7.99,27,Card,,False
100834,2025-05-25 21:06,Iași,9,['Sushi Mix 16 buc'],1,65.0,9.99,16,Card,,False
100835,2025-05-25 21:44,Timișoara,18,['Cartofi prăjiți'],1,12.0,12.99,27,Card,,False
100836,2025-05-25 21:54,București,7,"['Ceai verde', 'Pad Thai']",2,50.0,12.99,40,Card,4.0,False
100837,2025-05-26 18:40,Iași,12,"['Mici cu muștar (5 buc)', 'Sarmale cu mămăligă']",2,66.0,9.99,28,Card,4.0,True
100838,2025-05-26 18:49,Iași,2,"['Cola', 'Pizza Diavola', 'Pizza Capricciosa']",3,88.0,9.99,,Card,,False
100839,2025-05-26 19:37,Cluj-Napoca,15,"['Cafea', 'Înghețată']",2,25.0,9.99,27,Card,5.0,True
100840,2025-05-26 21:40,Timișoara,18,"['Shaorma mare', 'Kebab la farfurie']",2,64.0,9.99,37,cash,4.0,False
100841,2025-05-27 11:07,București,8,"['Noodles cu pui', 'Pad Thai']",2,77.0,9.99,27,Cash,5.0,True
100842,2025-05-27 14:15,București,17,"['Kebab la farfurie', 'Ayran']",2,42.0,9.99,45,Card,5.0,False
100843,2025-05-27 15:57,Cluj-Napoca,1,"['Cola', 'Tiramisu']",2,27.0,9.99,28,Cash,,False
100844,2025-05-27 18:03,București,4,['Onion rings'],1,14.0,7.99,39,Cash,,False
100845,2025-05-27 20:56,București,3,"['Pizza Diavola', 'Cola', 'Focaccia']",3,65.0,9.99,32,Card,5.0,False
100846,2025-05-28 12:45,București,14,"['Smoothie', 'Bowl vegan']",2,57.0,7.99,40,Cash,4.0,True
100847,2025-05-28 15:01,București,5,"['Burger Clasic', 'Cheeseburger']",2,71.0,12.99,,Cash,5.0,False
100848,2025-05-28 19:45,Iași,8,"['Ceai verde', 'Pad Thai']",2,50.0,7.99,31,Card,,True
100849,2025-05-28 23:05,București,12,['Papanași'],1,24.0,9.99,32,Card,,False
100850,2025-05-29 12:33,Timișoara,13,['Wrap cu pui'],1,31.0,7.99,23,Card,,False
100851,2025-05-29 13:34,Timișoara,4,"['Onion rings', 'Cola', 'Burger Clasic']",3,56.0,7.99,23,Cash,5.0,False
100852,2025-05-29 15:00,Brașov,3,"['Pizza Margherita', 'Tiramisu', 'Pizza Capricciosa']",3,92.0,9.99,,Card,,False
100853,2025-05-29 15:44,Cluj-Napoca,6,"['Cheeseburger', 'Onion rings', 'Burger BBQ']",3,93.0,9.99,23,Cash,5.0,False
100854,2025-05-29 18:36,Iași,18,"['Cartofi prăjiți', 'Shaorma medie', 'Kebab la farfurie']",3,71.0,12.99,14,Cash,4.0,False
100855,2025-05-30 13:35,Timișoara,6,"['Cartofi prăjiți', 'Cheeseburger']",2,49.0,12.99,,Card,3.0,False
100856,2025-05-30 17:23,București,2,['Cola'],1,8.0,9.99,23,Card,5.0,False
100857,2025-05-30 18:11,București,13,['Salată Caesar'],1,34.0,7.99,31,Card,,False
100857,2025-05-30 18:11,București,13,['Salată Caesar'],1,34.0,7.99,31,Card,,False
100858,2025-05-30 19:13,Cluj-Napoca,3,"['Pizza Quattro Formaggi', 'Pizza Margherita']",2,74.0,7.99,30,Cash,5.0,False
100859,2025-05-30 19:58,Cluj-Napoca,5,"['Cartofi prăjiți', 'Cheeseburger', 'Milkshake']",3,66.0,7.99,25,Card,,False
100860,2025-05-30 21:15,Brașov,15,"['Waffle cu fructe', 'Înghețată', 'Cafea', 'Papanași']",4,75.0,9.99,29,Card,,False
100861,2025-05-30 22:33,Iași,7,['Ceai verde'],1,9.0,9.99,22,Card,5.0,False
100862,2025-05-31 12:02,București,6,"['Cola', 'Cheeseburger']",2,45.0,9.99,28,Cash,5.0,False
100863,2025-05-31 12:13,Brașov,11,"['Șnițel cu piure', 'Ciorbă de burtă']",2,60.0,7.99,37,Card,4.0,False
100864,2025-05-31 15:27,Brașov,2,['Pizza Capricciosa'],1,41.0,12.99,21,Cash,5.0,False
100865,2025-05-31 21:07,Iași,18,"['Shaorma medie', 'Kebab la farfurie', 'Cartofi prăjiți']",3,71.0,9.99,33,Card,,False
100866,2025-05-31 22:27,Timișoara,5,"['Cola', 'Onion rings']",2,22.0,7.99,31,Card,4.0,True
100867,2025-05-31 23:21,Timișoara,17,"['Kebab la farfurie', 'Shaorma medie']",2,59.0,7.99,25,Card,,False
100868,2025-06-01 10:45,Timișoara,10,"['Ciorbă de burtă', 'Limonadă', 'Mici cu muștar (5 buc)', 'Papanași']",4,88.0,7.99,31,Cash,,False
100869,2025-06-01 12:22,București,14,['Bowl vegan'],1,39.0,12.99,44,Card,,True
100870,2025-06-01 12:40,Iași,10,['Mici cu muștar (5 buc)'],1,30.0,9.99,42,Card,,False
100871,2025-06-01 14:19,Cluj-Napoca,3,['Cola'],1,8.0,12.99,25,Cash,4.0,False
100872,2025-06-01 14:37,Brașov,4,"['Milkshake', 'Onion rings']",2,31.0,9.99,12,Cash,4.0,False
100873,2025-06-01 18:51,Timișoara,3,['Pizza Margherita'],1,32.0,12.99,31,Card,4.0,False
100874,2025-06-01 20:10,Cluj-Napoca,8,"['Supă Miso', 'Pad Thai']",2,56.0,12.99,31,Card,,True
100875,2025-06-02 13:24,Cluj-Napoca,3,"['Cola', 'Pizza Capricciosa']",2,49.0,12.99,24,Card,5.0,False
100876,2025-06-03 11:05,Timișoara,18,"['Cartofi prăjiți', 'Shaorma medie']",2,36.0,7.99,22,Card,4.0,True
100877,2025-06-03 15:05,București,8,"['Noodles cu pui', 'Ceai verde', 'Supă Miso', 'Pad Thai']",4,101.0,0.0,40,Card,5.0,True
100878,2025-06-03 16:44,București,4,"['Burger BBQ', 'Cola', 'Cartofi prăjiți']",3,62.0,7.99,18,Card,4.0,False
100879,2025-06-03 19:38,București,11,['Papanași'],1,24.0,9.99,36,Card,4.0,False
100880,2025-06-03 21:07,Iași,9,['Ceai verde'],1,9.0,7.99,29,Card,,True
100881,2025-06-03 21:20,Brașov,6,"['Onion rings', 'Milkshake', 'Cheeseburger']",3,68.0,9.99,24,Cash,4.0,True
100882,2025-06-04 12:49,Brașov,4,"['Burger BBQ', 'Onion rings']",2,56.0,7.99,36,Cash,4.0,False
100883,2025-06-04 13:27,Timișoara,18,"['Shaorma mare', 'Shaorma medie', 'Cartofi prăjiți']",3,65.0,7.99,40,Card,4.0,False
100884,2025-06-04 13:32,București,18,"['Falafel wrap', 'Ayran']",2,32.0,9.99,45,Cash,5.0,False
100885,2025-06-04 17:11,Cluj-Napoca,13,['Apă plată'],1,6.0,7.99,28,Cash,,False
100886,2025-06-04 17:39,București,18,"['Cartofi prăjiți', 'Kebab la farfurie']",2,47.0,9.99,35,Card,,False
100887,2025-06-05 18:49,Cluj-Napoca,18,"['Falafel wrap', 'Shaorma mare', 'Kebab la farfurie', 'Ayran']",4,96.0,12.99,21,Cash,4.0,False
100888,2025-06-05 21:05,Cluj-Napoca,17,"['Falafel wrap', 'Shaorma medie', 'Ayran']",3,56.0,12.99,29,Card,4.0,True
100889,2025-06-05 21:36,București,4,['Cheeseburger'],1,37.0,9.99,35,Card,,False
100890,2025-06-05 22:07,București,14,"['Bowl cu somon', 'Apă plată', 'Wrap cu pui']",3,85.0,9.99,18,Cash,,False
100891,2025-06-06 10:53,București,7,['California Roll'],1,38.0,7.99,30,cash,4.0,False
100892,2025-06-06 12:28,București,11,"['Sarmale cu mămăligă', 'Șnițel cu piure', 'Limonadă']",3,86.0,9.99,59,Cash,2.0,False
100893,2025-06-06 13:35,timișoara,18,"['Cartofi prăjiți', 'Shaorma mare', 'Shaorma medie']",3,65.0,7.99,27,Card,5.0,False
100894,2025-06-06 16:02,București,5,"['Cheeseburger', 'Cola', 'Cartofi prăjiți']",3,57.0,7.99,33,Cash,,False
100895,2025-06-06 18:40,Cluj-Napoca,6,['Onion rings'],1,14.0,7.99,16,Card,,True
100896,2025-06-06 20:47,Iași,10,"['Limonadă', 'Mici cu muștar (5 buc)']",2,42.0,9.99,40,Cash,,True
100897,2025-06-06 21:14,București,11,"['Ciorbă de burtă', 'Mici cu muștar (5 buc)', 'Limonadă']",3,64.0,9.99,45,Card,5.0,False
100898,2025-06-06 22:46,Iași,2,"['Focaccia', 'Tiramisu', 'Pizza Capricciosa']",3,78.0,7.99,26,Card,,False
100899,2025-06-07 14:14,Timișoara,13,"['Salată Caesar', 'Wrap cu pui']",2,65.0,12.99,28,card,,False
100900,2025-06-07 16:05,BRAȘOV,7,['California Roll'],1,38.0,7.99,32,Card,4.0,False
100901,2025-06-07 19:22,BUCURESTI,1,"['Pizza Diavola', 'Tiramisu', 'Pizza Capricciosa']",3,99.0,7.99,45,Card,4.0,False
100902,2025-06-07 19:40,București,2,"['Pizza Quattro Formaggi', 'Tiramisu']",2,61.0,9.99,47,Card,3.0,True
100903,2025-06-07 20:47,Iași,8,"['California Roll', 'Noodles cu pui', 'Pad Thai']",3,115.0,0.0,39,Card,4.0,False
100904,2025-06-08 12:29,București,2,"['Focaccia', 'Pizza Diavola', 'Pizza Margherita', 'Tiramisu']",4,108.0,0.0,40,card,3.0,False
100905,2025-06-08 13:11,Brașov,14,"['Wrap cu pui', 'Bowl vegan', 'Apă plată']",3,76.0,9.99,31,Card,,False
100906,2025-06-08 13:18,București,1,['Pizza Diavola'],1,39.0,9.99,36,Card,4.0,False
100907,2025-06-08 14:27,Iași,1,['Pizza Diavola'],1,39.0,7.99,22,Card,,False
100908,2025-06-08 18:15,Iași,3,"['Pizza Diavola', 'Pizza Capricciosa']",2,80.0,7.99,23,Cash,,False
100909,2025-06-08 18:20,Cluj-Napoca,14,"['Salată Caesar', 'Apă plată']",2,40.0,7.99,30,Cash,4.0,False
100910,2025-06-08 18:39,București,12,"['Mici cu muștar (5 buc)', 'Sarmale cu mămăligă', 'Papanași']",3,90.0,9.99,44,Card,,True
100911,2025-06-08 19:24,Timișoara,2,"['Pizza Capricciosa', 'Pizza Quattro Formaggi']",2,83.0,9.99,44,Card,,False
100912,2025-06-08 20:27,București,1,"['Focaccia', 'Pizza Capricciosa', 'Pizza Quattro Formaggi', 'Tiramisu']",4,120.0,0.0,41,Cash,,False
100913,2025-06-08 21:17,Cluj-Napoca,2,['Tiramisu'],1,19.0,7.99,17,Card,5.0,False
100914,2025-06-08 23:06,București,14,"['Bowl cu somon', 'Wrap cu pui', 'Salată Caesar']",3,113.0,0.0,21,Card,,False
100915,2025-06-09 15:16,București,1,"['Pizza Margherita', 'Pizza Diavola']",2,71.0,9.99,21,Card,5.0,False
100916,2025-06-09 15:27,Iași,17,"['Falafel wrap', 'Shaorma medie']",2,49.0,7.99,15,Card,4.0,False
100917,2025-06-09 17:03,București,17,['Cartofi prăjiți'],1,12.0,9.99,16,Card,,False
100918,2025-06-09 18:47,București,4,['Cheeseburger'],1,37.0,7.99,36,Card,3.0,False
100919,2025-06-11 11:39,București,15,"['Înghețată', 'Papanași', 'Waffle cu fructe']",3,65.0,7.99,39,Cash,4.0,True
100920,2025-06-11 18:20,București,13,"['Bowl vegan', 'Bowl cu somon', 'Wrap cu pui']",3,118.0,0.0,28,Cash,,True
100921,2025-06-11 18:44,București,4,"['Milkshake', 'Cheeseburger']",2,54.0,12.99,32, Card,5.0,False
100922,2025-06-12 12:07,București,10,"['Sarmale cu mămăligă', 'Șnițel cu piure', 'Papanași']",3,98.0,12.99,36,Cash,,False
100923,2025-06-12 12:53,București,12,['Papanași'],1,24.0,12.99,43,Cash,4.0,False
100924,2025-06-12 13:30,Cluj-Napoca,16,"['Cheesecake', 'Waffle cu fructe', 'Clătite cu ciocolată']",3,70.0,12.99,30,Card,,False
100925,2025-06-12 16:33,București,5,"['Burger Clasic', 'Burger BBQ', 'Cheeseburger', 'Cola']",4,121.0,0.0,22,Cash,,False
100926,2025-06-12 18:06,Brașov,7,"['Ceai verde', 'Noodles cu pui']",2,45.0,9.99,21,Cash,5.0,False
100927,2025-06-12 19:59,Timișoara,2,"['Pizza Margherita', 'Tiramisu', 'Focaccia']",3,69.0,7.99,41,Card,,False
100928,2025-06-12 20:17,București,2,"['Pizza Capricciosa', 'Cola']",2,49.0,7.99,47,Card,,False
100929,2025-06-12 21:16,București,3,['Tiramisu'],1,19.0,7.99,49,Card,,False
100930,2025-06-13 19:52,București,14,['Smoothie'],1,18.0,12.99,50,Cash,3.0,True
100931,2025-06-13 20:25,București,8,"['Ceai verde', 'California Roll', 'Sushi Mix 16 buc']",3,112.0,0.0,44,Card,4.0,False
100932,2025-06-14 12:50,Iași,6,"['Onion rings', 'Cola']",2,22.0,9.99,29,Cash,5.0,False
100933,2025-06-14 21:28,București,12,"['Limonadă', 'Sarmale cu mămăligă']",2,48.0,9.99,50,Cash,,True
100934,2025-06-14 21:44,Cluj-Napoca,15,"['Waffle cu fructe', 'Cheesecake']",2,49.0,7.99,21,Cash,,False
100935,2025-06-14 22:08,București,5,['Milkshake'],1,17.0,9.99,35,Card,4.0,False
100936,2025-06-14 23:04,Cluj-Napoca,7,"['Pad Thai', 'Noodles cu pui', 'Sushi Mix 16 buc']",3,142.0,0.0,23,Cash,5.0,False
100937,2025-06-16 12:06,București,6,"['Cheeseburger', 'Cola']",2,45.0,9.99,44,Card,4.0,True
100938,2025-06-16 18:20,Cluj-Napoca,3,"['Cola', 'Pizza Capricciosa']",2,49.0,12.99,27,Card,,False
100939,2025-06-17 18:24,București,18,['Ayran'],1,7.0,7.99,27,Card,4.0,False
100940,2025-06-17 20:51,București,10,['Papanași'],1,24.0,7.99,48,Card,3.0,False
100941,2025-06-18 13:00,Iași,10,"['Sarmale cu mămăligă', 'Mici cu muștar (5 buc)', 'Ciorbă de burtă']",3,88.0,9.99,33,Cash,5.0,False
100942,2025-06-18 13:38,Cluj-Napoca,2,"['Cola', 'Pizza Margherita', 'Pizza Capricciosa', 'Pizza Quattro Formaggi']",4,123.0,0.0,32,Card,5.0,False
100943,2025-06-19 11:22,Iași,9,"['Ceai verde', 'Sushi Mix 16 buc']",2,74.0,9.99,,Cash,4.0,False
100944,2025-06-19 12:01,Cluj-Napoca,2,"['Pizza Margherita', 'Cola', 'Tiramisu']",3,59.0,9.99,22,Cash,4.0,True
100945,2025-06-19 17:23,Bucuresti,4,"['Milkshake', 'Cheeseburger']",2,54.0,7.99,35,Cash,,False
100946,2025-06-19 17:46,București,14,['Apă plată'],1,6.0,9.99,35,Card,,False
100947,2025-06-19 18:49,București,18,"['Shaorma mare', 'Cartofi prăjiți']",2,41.0,7.99,43,Card,3.0,False
100948,2025-06-19 19:31,București,1,"['Pizza Diavola', 'Pizza Quattro Formaggi', 'Pizza Margherita', 'Cola']",4,121.0,0.0,39,Card,5.0,False
100949,2025-06-19 20:14,Brașov,15,"['Papanași', 'Cafea', 'Waffle cu fructe']",3,60.0,7.99,38,Cash,,False
100950,2025-06-19 21:27,București,14,"['Smoothie', 'Salată Caesar']",2,52.0,9.99,29,Card,,False
100951,2025-06-19 22:45,Brașov,2,"['Cola', 'Focaccia']",2,26.0,9.99,23,Card,4.0,False
100952,2025-06-19 23:47,București,16,['Cheesecake'],1,23.0,12.99,31,Card,4.0,False
100953,2025-06-20 12:10,Timișoara,1,"['Pizza Margherita', 'Cola']",2,40.0,12.99,33,Card,4.0,False
100954,2025-06-20 13:14,Cluj-Napoca,7,"['Supă Miso', 'Ceai verde', 'California Roll']",3,62.0,12.99,23,Card,5.0,False
100955,2025-06-20 16:13,București,2,"['Focaccia', 'Pizza Diavola', 'Cola']",3,65.0,7.99,31,Card,,True
100956,2025-06-20 17:10,Cluj-Napoca,8,['California Roll'],1,38.0,9.99,26,Card,4.0,True
100957,2025-06-20 18:19,Cluj-Napoca,2,"['Pizza Capricciosa', 'Pizza Quattro Formaggi']",2,83.0,7.99,25,Cash,5.0,False
100958,2025-06-20 21:39,Iași,6,"['Onion rings', 'Burger BBQ']",2,56.0,9.99,31,Card,5.0,False
100959,2025-06-20 22:26,Iași,15,"['Cheesecake', 'Papanași']",2,47.0,12.99,33,Card,3.0,False
100960,2025-06-21 13:00,Brașov,13,"['Smoothie', 'Salată Caesar', 'Apă plată']",3,58.0,9.99,30,Card,,False
100961,2025-06-21 17:53,București,12,['Sarmale cu mămăligă'],1,36.0,7.99,37,Card,4.0,False
100962,2025-06-22 14:39,București,12,"['Papanași', 'Șnițel cu piure', 'Limonadă']",3,74.0,12.99,26,Card,,True
100963,2025-06-23 10:19,iași ,18,"['Cartofi prăjiți', 'Falafel wrap']",2,37.0,7.99,24,Card,5.0,False
100964,2025-06-23 15:14,București,7,"['California Roll', 'Ceai verde']",2,47.0,9.99,36,Card,4.0,False
100965,2025-06-23 20:00,Iași,12,['Ciorbă de burtă'],1,22.0,9.99,28,Card,5.0,False
100966,2025-06-23 20:59,București,4,"['Onion rings', 'Burger Clasic', 'Burger BBQ']",3,90.0,7.99,42,Card,4.0,True
100967,2025-06-24 12:22,București,18,['Shaorma medie'],1,24.0,7.99,36,Cash,5.0,False
100968,2025-06-24 20:51,București,1,"['Tiramisu', 'Pizza Diavola']",2,58.0,12.99,38,Cash,4.0,True
100969,2025-06-25 13:03,Iași,17,['Kebab la farfurie'],1,35.0,7.99,32,Cash,5.0,False
100969,2025-06-25 13:03,Iași,17,['Kebab la farfurie'],1,35.0,7.99,32,Cash,5.0,False
100970,2025-06-25 19:53,Brașov,6,['Milkshake'],1,17.0,12.99,35,Card,,False
100971,2025-06-26 12:42,Iași,9,"['Ceai verde', 'Sushi Mix 16 buc', 'Supă Miso']",3,89.0,7.99,19,Card,4.0,False
100972,2025-06-26 13:53,București,15,"['Clătite cu ciocolată', 'Cheesecake', 'Papanași']",3,68.0,7.99,42,Card,4.0,False
100972,2025-06-26 13:53,București,15,"['Clătite cu ciocolată', 'Cheesecake', 'Papanași']",3,68.0,7.99,42,Card,4.0,False
100973,2025-06-26 14:46,Iași,15,"['Clătite cu ciocolată', 'Înghețată']",2,36.0,12.99,21,Cash,5.0,False
100974,2025-06-26 16:41,Brașov,8,['Noodles cu pui'],1,36.0,9.99,21,Cash,4.0,True
100975,2025-06-26 17:09,Brașov,2,"['Pizza Margherita', 'Focaccia']",2,50.0,9.99,31,Card,,False
100976,2025-06-26 18:57,București,18,"['Shaorma mare', 'Cartofi prăjiți', 'Kebab la farfurie']",3,76.0,9.99,28,Card,,False
100977,2025-06-26 19:26,București,8,['Sushi Mix 16 buc'],1,65.0,7.99,54,Card,3.0,False
100978,2025-06-26 20:28,București,1,"['Cola', 'Pizza Margherita', 'Tiramisu']",3,59.0,9.99,32,Card,5.0,False
100979,2025-06-27 11:34,Cluj-Napoca,2,"['Pizza Margherita', 'Tiramisu', 'Cola', 'Pizza Capricciosa']",4,100.0,0.0,23,Card,5.0,False
100980,2025-06-27 15:37,București,7,"['Noodles cu pui', 'California Roll']",2,74.0,12.99,34,Card,3.0,False
100981,2025-06-27 22:47,Brasov,2,"['Cola', 'Pizza Diavola']",2,47.0,7.99,22,Card,,False
100982,2025-06-28 12:35,București,17,"['Shaorma mare', 'Cartofi prăjiți', 'Ayran']",3,48.0,9.99,33,Cash,5.0,False
100983,2025-06-28 13:31,Timișoara,2,"['Cola', 'Focaccia', 'Tiramisu']",3,45.0,9.99,40,Card,4.0,False
100984,2025-06-28 14:57,București,12,['Ciorbă de burtă'],1,22.0,7.99,29,Card,5.0,False
100985,2025-06-28 18:10,București,9,"['Ceai verde', 'Sushi Mix 16 buc', 'California Roll']",3,112.0,0.0,33,Card,5.0,False
100986,2025-06-29 12:29,Iași,3,"['Pizza Capricciosa', 'Pizza Margherita', 'Tiramisu']",3,92.0,7.99,31,Card,4.0,False
100987,2025-06-29 18:34,București,11,['Papanași'],1,24.0,9.99,42,Cash,,True
100988,2025-06-29 20:55,Timișoara,14,['Smoothie'],1,18.0,7.99,27,Card,5.0,True
100989,2025-06-29 21:48,București,11,"['Mici cu muștar (5 buc)', 'Șnițel cu piure', 'Papanași']",3,92.0,12.99,64,Card,4.0,False
100990,2025-06-29 22:53,Iași,17,['Cartofi prăjiți'],1,12.0,9.99,20,Card,4.0,True
100991,2025-06-30 14:20,Brașov,2,"['Pizza Diavola', 'Pizza Margherita', 'Pizza Quattro Formaggi', 'Tiramisu']",4,132.0,0.0,12,Cash,4.0,False
100992,2025-06-30 14:32,București,15,"['Cheesecake', 'Înghețată', 'Cafea']",3,48.0,9.99,30,Cash,,False
100993,2025-06-30 14:39,București,8,['Pad Thai'],1,41.0,7.99,45,card,5.0,False
100994,2025-06-30 15:16,Brasov,1,"['Cola', 'Pizza Diavola']",2,47.0,7.99,29,Card,4.0,False
100995,2025-06-30 17:03,București,1,['Tiramisu'],1,19.0,9.99,36,Card,,False
100996,2025-07-01 14:11,Cluj-Napoca,5,"['Cartofi prăjiți', 'Cheeseburger']",2,49.0,12.99,28,Cash,,False
100997,2025-07-01 17:10,Brașov,1,"['Focaccia', 'Tiramisu']",2,37.0,7.99,24,Card,5.0,True
100998,2025-07-01 20:38,București,13,"['Salată Caesar', 'Bowl cu somon', 'Bowl vegan', 'Apă plată']",4,127.0,0.0,37,Cash,5.0,False
100999,2025-07-02 19:29,București,18,"['Ayran', 'Kebab la farfurie', 'Cartofi prăjiți', 'Falafel wrap']",4,79.0,9.99,44,Card,4.0,False
101000,2025-07-02 21:24,Iași,1,"['Pizza Margherita', 'Tiramisu', 'Pizza Diavola', 'Focaccia']",4,108.0,0.0,38,Card,,True
101001,2025-07-03 10:38,București,8,"['Supă Miso', 'Pad Thai']",2,56.0,7.99,39,Card,,False
101002,2025-07-03 11:48,București,13,"['Bowl cu somon', 'Smoothie', 'Salată Caesar']",3,100.0,0.0,33,Card,4.0,False
101003,2025-07-03 12:31,București,3,"['Pizza Quattro Formaggi', 'Pizza Diavola']",2,81.0,7.99,41,Card,,False
101004,2025-07-03 13:39,Iași,6,['Cartofi prăjiți'],1,12.0,12.99,32,Cash,4.0,False
101005,2025-07-03 14:46,Brașov,4,['Cartofi prăjiți'],1,12.0,12.99,21,Card,4.0,False
101006,2025-07-03 15:37,Timișoara,4,['Milkshake'],1,17.0,12.99,18,Card,,False
101007,2025-07-03 19:35,București,6,"['Burger BBQ', 'Cola', 'Burger Clasic']",3,84.0,9.99,45,Card,4.0,True
101008,2025-07-03 20:18,Cluj-Napoca,17,"['Cartofi prăjiți', 'Shaorma mare', 'Shaorma medie']",3,65.0,7.99,20,Card,4.0,False
101009,2025-07-03 20:20,Brașov,15,['Clătite cu ciocolată'],1,21.0,7.99,21,Card,5.0,False
101010,2025-07-04 15:49,București,18,['Kebab la farfurie'],1,35.0,9.99,20,Card,5.0,False
101011,2025-07-04 17:45,Brașov,18,['Cartofi prăjiți'],1,12.0,9.99,21,Card,,True
101011,2025-07-04 17:45,Brașov,18,['Cartofi prăjiți'],1,12.0,9.99,21,Card,,True
101012,2025-07-04 19:38,București,7,['Ceai verde'],1,9.0,7.99,39,Cash,3.0,True
101013,2025-07-04 21:43,București,17,"['Ayran', 'Cartofi prăjiți']",2,19.0,7.99,34,Card,4.0,False
101014,2025-07-05 13:56,București,17,"['Ayran', 'Shaorma medie', 'Cartofi prăjiți']",3,43.0,7.99,36,Cash,4.0,True
101015,2025-07-05 15:34,Timișoara,18,"['Shaorma mare', 'Shaorma medie', 'Falafel wrap']",3,78.0,9.99,16,Cash,,True
101016,2025-07-05 15:40,Cluj-Napoca,9,"['Pad Thai', 'Noodles cu pui']",2,77.0,7.99,25,Cash,5.0,False
101017,2025-07-05 16:27,Iași,3,"['Pizza Diavola', 'Pizza Capricciosa', 'Cola', 'Focaccia']",4,106.0,0.0,24,Card,,False
101018,2025-07-05 17:03,Iași,18,"['Shaorma medie', 'Shaorma mare', 'Falafel wrap']",3,78.0,7.99,32,Cash,,False
101019,2025-07-05 17:59,Timisoara,2,"['Tiramisu', 'Focaccia']",2,37.0,7.99,33,Card,4.0,False
101020,2025-07-05 20:05,București,14,['Bowl vegan'],1,39.0,9.99,30,Card,5.0,False
101021,2025-07-05 22:16,București,6,"['Burger Clasic', 'Burger BBQ']",2,76.0,7.99,23,Card,5.0,False
101022,2025-07-06 13:29,Timișoara,2,['Pizza Quattro Formaggi'],1,42.0,9.99,45,Card,5.0,False
101023,2025-07-06 19:24,București,13,"['Bowl vegan', 'Bowl cu somon']",2,87.0,7.99,42,Card,,False
101024,2025-07-06 22:24,București,7,"['Sushi Mix 16 buc', 'Noodles cu pui']",2,101.0,0.0,38,Card,5.0,True
101025,2025-07-06 23:52,București,13,"['Smoothie', 'Salată Caesar', 'Apă plată']",3,58.0,7.99,,Card,,True
101026,2025-07-07 17:14,Cluj-Napoca,8,"['Ceai verde', 'Pad Thai', 'Supă Miso']",3,65.0,7.99,19,Card,4.0,False
101027,2025-07-07 20:54,București,8,"['California Roll', 'Supă Miso']",2,53.0,7.99,42,Card,,False
101028,2025-07-08 14:14,București,18,"['Shaorma medie', 'Ayran', 'Kebab la farfurie']",3,66.0,12.99,40,Cash,,False
101029,2025-07-08 19:42,București,17,['Cartofi prăjiți'],1,12.0,12.99,48,Card,,False
101030,2025-07-09 13:51,București,3,"['Pizza Capricciosa', 'Focaccia']",2,59.0,12.99,22,Cash,,False
101031,2025-07-09 15:11,Brașov,9,"['Noodles cu pui', 'Pad Thai']",2,77.0,7.99,28,Card,,False
101032,2025-07-09 16:32,București,6,['Burger Clasic'],1,34.0,9.99,39,Card,,False
101033,2025-07-10 10:01,București,5,"['Cheeseburger', 'Milkshake']",2,54.0,9.99,34,Card,4.0,False
101034,2025-07-10 12:59,Brașov,3,"['Focaccia', 'Pizza Diavola']",2,57.0,7.99,28,card,3.0,False
101035,2025-07-10 13:14,București,15,"['Papanași', 'Clătite cu ciocolată']",2,45.0,12.99,36,Card,4.0,False
101036,2025-07-10 13:38,Timișoara,5,"['Burger Clasic', 'Cartofi prăjiți', 'Burger BBQ']",3,88.0,9.99,41,Card,,False
101037,2025-07-10 17:49,București,17,"['Cartofi prăjiți', 'Ayran']",2,19.0,9.99,39,Card,3.0,True
101038,2025-07-10 19:20,București,10,"['Sarmale cu mămăligă', 'Mici cu muștar (5 buc)']",2,66.0,9.99,44,Cash,,True
101039,2025-07-10 21:07,Iași,7,['Supă Miso'],1,15.0,9.99,32,Card,4.0,False
101040,2025-07-11 15:29,Iași,10,"['Mici cu muștar (5 buc)', 'Sarmale cu mămăligă', 'Șnițel cu piure']",3,104.0,0.0,26,Cash,5.0,False
101041,2025-07-11 20:34,București,8,"['California Roll', 'Noodles cu pui']",2,74.0,7.99,46,Card,4.0,False
101042,2025-07-11 20:56,Iași,5,"['Burger BBQ', 'Milkshake']",2,59.0,7.99,40,Card,4.0,False
101043,2025-07-11 21:20,București,13,"['Wrap cu pui', 'Apă plată']",2,37.0,12.99,35,Card,4.0,False
101044,2025-07-12 18:45,București,14,"['Apă plată', 'Salată Caesar', 'Smoothie']",3,58.0,9.99,20,Card,,False
101045,2025-07-12 18:59,Brașov,10,['Mici cu muștar (5 buc)'],1,30.0,9.99,30,Card,,False
101046,2025-07-12 19:17,București,2,"['Pizza Diavola', 'Cola', 'Focaccia']",3,65.0,9.99,29,Card,5.0,True
101047,2025-07-12 19:21,Timișoara,17,"['Shaorma medie', 'Kebab la farfurie']",2,59.0,12.99,25,Card,5.0,False
101048,2025-07-12 19:57,Iași,13,['Salată Caesar'],1,34.0,9.99,34,Card,4.0,True
101049,2025-07-12 22:01,București,5,"['Milkshake', 'Burger Clasic']",2,51.0,9.99,40,CARD,4.0,False
101050,2025-07-12 23:47,București,11,['Mici cu muștar (5 buc)'],1,30.0,12.99,33,Cash,4.0,False
101051,2025-07-13 10:48,Brașov,6,"['Onion rings', 'Cheeseburger']",2,51.0,9.99,25,Cash,5.0,False
101052,2025-07-13 13:04,Cluj-Napoca,2,"['Pizza Capricciosa', 'Pizza Margherita', 'Tiramisu', 'Pizza Diavola']",4,131.0,0.0,37,Card,,False
101053,2025-07-13 13:17,București,18,"['Shaorma medie', 'Ayran']",2,31.0,9.99,28,Card,5.0,False
101054,2025-07-13 14:38,Cluj-Napoca,18,['Cartofi prăjiți'],1,12.0,9.99,23,Card,5.0,False
101055,2025-07-13 17:34,București,1,"['Pizza Diavola', 'Pizza Margherita', 'Pizza Capricciosa']",3,112.0,0.0,48,Cash,4.0,False
101056,2025-07-13 20:02,București,9,['Pad Thai'],1,41.0,9.99,,Card,3.0,False
101057,2025-07-13 23:15,Timișoara,13,['Apă plată'],1,6.0,12.99,35,Card,,False
101058,2025-07-14 14:07,Timișoara,7,"['Pad Thai', 'Noodles cu pui']",2,77.0,9.99,25,Card,,False
101059,2025-07-14 21:48,Cluj-Napoca,3,"['Pizza Diavola', 'Pizza Capricciosa']",2,80.0,7.99,29,Card,4.0,False
101060,2025-07-15 11:10,Cluj-Napoca,17,['Falafel wrap'],1,25.0,9.99,34,Card,,False
101061,2025-07-15 12:29,Brașov,3,['Pizza Quattro Formaggi'],1,42.0,12.99,29,Card,4.0,False
101062,2025-07-15 19:10,București,6,"['Cartofi prăjiți', 'Burger Clasic']",2,46.0,9.99,29,Cash,,True
101063,2025-07-15 20:52,Cluj-Napoca,16,"['Clătite cu ciocolată', 'Cheesecake', 'Waffle cu fructe']",3,70.0,7.99,40,Card,4.0,False
101064,2025-07-16 10:17,Timișoara,11,"['Șnițel cu piure', 'Papanași', 'Limonadă']",3,74.0,9.99,15,Card,5.0,False
101065,2025-07-16 11:25,București,15,['Papanași'],1,24.0,12.99,33,Card,4.0,False
101066,2025-07-16 13:59,Timișoara,1,"['Cola', 'Focaccia', 'Pizza Quattro Formaggi']",3,68.0,7.99,29,Card,,False
101067,2025-07-16 17:17,Brașov,17,"['Shaorma medie', 'Falafel wrap']",2,49.0,7.99,20,Card,5.0,False
101068,2025-07-16 19:09,București,9,"['Pad Thai', 'Sushi Mix 16 buc']",2,106.0,0.0,43, Card,3.0,False
101069,2025-07-16 20:13,Cluj-Napoca,8,['Noodles cu pui'],1,36.0,7.99,40,Cash,4.0,False
101070,2025-07-16 20:33,Iași,3,['Pizza Diavola'],1,39.0,9.99,31,Cash,5.0,False
101071,2025-07-16 22:50,Cluj-Napoca,12,"['Papanași', 'Limonadă']",2,36.0,7.99,15,Card,3.0,False
101072,2025-07-17 15:29,Iasi,8,"['Noodles cu pui', 'Sushi Mix 16 buc']",2,101.0,0.0,38,Cash,3.0,True
101073,2025-07-17 22:08,Cluj-Napoca,2,['Pizza Diavola'],1,39.0,7.99,12,Cash,5.0,False
101074,2025-07-18 12:45,Brașov,12,"['Ciorbă de burtă', 'Sarmale cu mămăligă']",2,58.0,9.99,36,Cash,5.0,False
101075,2025-07-18 16:14,Cluj-Napoca,12,['Sarmale cu mămăligă'],1,36.0,9.99,21,Card,4.0,False
101076,2025-07-18 19:32, București,4,"['Cola', 'Cheeseburger']",2,45.0,7.99,40,cash,3.0,False
101077,2025-07-18 19:39,Cluj-Napoca,3,"['Pizza Diavola', 'Focaccia', 'Pizza Quattro Formaggi', 'Pizza Capricciosa']",4,140.0,0.0,36,Cash,4.0,False
101078,2025-07-18 20:27,București,3,['Focaccia'],1,18.0,7.99,37,Card,4.0,False
101079,2025-07-19 12:17,București,1,"['Cola', 'Pizza Diavola']",2,47.0,9.99,36,Cash,,True
101080,2025-07-19 12:36,București,13,"['Salată Caesar', 'Smoothie', 'Apă plată', 'Wrap cu pui']",4,89.0,9.99,36,Cash,,True
101081,2025-07-19 14:58,București,3,"['Pizza Diavola', 'Pizza Capricciosa', 'Pizza Quattro Formaggi']",3,122.0,0.0,41,Card,,False
101082,2025-07-19 16:34,București,1,"['Pizza Margherita', 'Pizza Quattro Formaggi']",2,74.0,7.99,26,Card,,False
101083,2025-07-19 18:28,București,11,"['Limonadă', 'Mici cu muștar (5 buc)', 'Ciorbă de burtă']",3,64.0,9.99,32,Cash,,False
101084,2025-07-19 18:50,Timișoara,17,"['Ayran', 'Shaorma mare', 'Falafel wrap', 'Shaorma medie']",4,85.0,9.99,12,Card,4.0,False
101085,2025-07-19 19:27,iași ,11,['Sarmale cu mămăligă'],1,36.0,9.99,39,Card,4.0,True
101086,2025-07-20 10:51,București,6,"['Burger Clasic', 'Onion rings']",2,48.0,9.99,36,Card,5.0,False
101087,2025-07-20 20:40,timișoara,5,"['Burger Clasic', 'Burger BBQ', 'Onion rings']",3,90.0,12.99,42,Card,3.0,False
101088,2025-07-21 20:06,Brașov,1,"['Tiramisu', 'Pizza Diavola', 'Pizza Capricciosa']",3,99.0,7.99,29,Card,,True
101089,2025-07-22 13:48, București,17,['Shaorma mare'],1,29.0,9.99,44,Card,4.0,False
101090,2025-07-22 19:13,București,11,"['Mici cu muștar (5 buc)', 'Șnițel cu piure', 'Papanași']",3,92.0,7.99,46,Card,,True
101091,2025-07-22 19:37,Timișoara,3,"['Focaccia', 'Pizza Diavola', 'Pizza Margherita', 'Pizza Capricciosa']",4,130.0,0.0,29,Card,5.0,False
101092,2025-07-22 19:53,Cluj-Napoca,12,"['Sarmale cu mămăligă', 'Șnițel cu piure', 'Papanași']",3,98.0,9.99,35,Card,3.0,True
101093,2025-07-22 19:56,Brașov,14,"['Wrap cu pui', 'Bowl vegan', 'Smoothie', 'Apă plată']",4,94.0,7.99,28,Cash,5.0,False
101094,2025-07-22 21:20,Brașov,10,['Sarmale cu mămăligă'],1,36.0,12.99,37,Cash,4.0,False
101095,2025-07-23 12:23,Timișoara,3,"['Pizza Quattro Formaggi', 'Pizza Margherita']",2,74.0,12.99,35,Card,4.0,False
101096,2025-07-23 19:21,Timișoara,1,"['Cola', 'Pizza Quattro Formaggi']",2,50.0,9.99,39,Cash,5.0,False
101097,2025-07-23 20:16,București,7,"['Supă Miso', 'Noodles cu pui', 'California Roll']",3,89.0,12.99,49,Cash,3.0,False
101098,2025-07-23 20:45,București,10,"['Sarmale cu mămăligă', 'Mici cu muștar (5 buc)', 'Ciorbă de burtă', 'Limonadă']",4,100.0,0.0,43,Card,4.0,False
101099,2025-07-23 20:51,Iași,7,"['Pad Thai', 'Sushi Mix 16 buc']",2,106.0,0.0,28,Card,5.0,False
101100,2025-07-23 21:00,București,17,"['Kebab la farfurie', 'Shaorma medie']",2,59.0,12.99,41,Card,4.0,False
101101,2025-07-23 21:23,Iași,15,['Clătite cu ciocolată'],1,21.0,7.99,36,Card,,True
101102,2025-07-24 12:14,București,13,['Bowl vegan'],1,39.0,9.99,50,Card,4.0,False
101103,2025-07-24 20:44,Iași,11,"['Papanași', 'Sarmale cu mămăligă', 'Limonadă']",3,72.0,12.99,40,Card,5.0,True
101104,2025-07-24 20:45,București,9,"['Noodles cu pui', 'Supă Miso']",2,51.0,7.99,49,Card,,True
101105,2025-07-24 21:22,Iași,10,['Ciorbă de burtă'],1,22.0,7.99,32,Card,,False
101106,2025-07-24 21:53,București,7,"['Supă Miso', 'Noodles cu pui', 'Ceai verde']",3,60.0,9.99,49,Card,,False
101107,2025-07-24 22:16,București,5,"['Cola', 'Onion rings', 'Cheeseburger']",3,59.0,9.99,32,Card,5.0,False
101108,2025-07-25 19:34,București,2,"['Pizza Diavola', 'Tiramisu']",2,58.0,12.99,39,Cash,4.0,True
101109,2025-07-25 20:12,Cluj-Napoca,12,"['Mici cu muștar (5 buc)', 'Ciorbă de burtă']",2,52.0,7.99,34,card,4.0,False
101110,2025-07-26 10:09,Cluj-Napoca,15,['Papanași'],1,24.0,9.99,25,Card,,False
101111,2025-07-27 13:42,Timișoara,17,['Ayran'],1,7.0,7.99,43,Cash,3.0,False
101112,2025-07-27 15:54,București,2,"['Pizza Capricciosa', 'Pizza Quattro Formaggi']",2,83.0,7.99,40,Card,4.0,False
101113,2025-07-27 18:08,București,16,"['Clătite cu ciocolată', 'Cheesecake']",2,44.0,9.99,28,Card,4.0,False
101114,2025-07-27 18:35,Brașov,4,['Burger Clasic'],1,34.0,9.99,27,Card,,True
101115,2025-07-27 20:06,București,12,"['Șnițel cu piure', 'Limonadă', 'Papanași']",3,74.0,7.99,38,Card,5.0,False
101116,2025-07-27 22:48,București,14,"['Wrap cu pui', 'Bowl vegan', 'Apă plată']",3,76.0,9.99,29,Cash,5.0,False
101117,2025-07-28 18:07,Iași,3,"['Pizza Diavola', 'Pizza Margherita', 'Pizza Capricciosa']",3,112.0,0.0,21,Card,,False
101118,2025-07-28 18:54,BUCURESTI,4,"['Burger Clasic', 'Milkshake', 'Burger BBQ']",3,93.0,7.99,23,Card,5.0,False
101119,2025-07-28 21:14,Cluj-Napoca,18,['Shaorma mare'],1,29.0,9.99,28,Cash,3.0,False
101120,2025-07-29 19:55,București,7,"['Ceai verde', 'California Roll', 'Noodles cu pui']",3,83.0,7.99,42,Cash,,False
101121,2025-07-30 12:14,Cluj-Napoca,2,"['Focaccia', 'Pizza Diavola', 'Tiramisu', 'Pizza Margherita']",4,108.0,0.0,39,Card,4.0,False
101122,2025-07-30 13:41,București,11,['Șnițel cu piure'],1,38.0,9.99,52,Card,3.0,False
101123,2025-07-30 15:09,Iași,7,"['Pad Thai', 'Noodles cu pui', 'Sushi Mix 16 buc']",3,142.0,0.0,34,Card,4.0,True
101124,2025-07-30 20:56,București,6,"['Cola', 'Onion rings']",2,22.0,12.99,38,Card,5.0,False
101124,2025-07-30 20:56,București,6,"['Cola', 'Onion rings']",2,22.0,12.99,38,Card,5.0,False
101125,2025-07-31 12:00,București,10,"['Șnițel cu piure', 'Limonadă']",2,50.0,12.99,37,Card,4.0,False
101126,2025-07-31 17:47,Timișoara,7,"['California Roll', 'Noodles cu pui', 'Supă Miso', 'Sushi Mix 16 buc']",4,154.0,0.0,40,Card,5.0,True
101127,2025-07-31 18:55,Brașov,10,"['Limonadă', 'Ciorbă de burtă']",2,34.0,12.99,25,Card,,False
101128,2025-07-31 19:20,Brașov,11,"['Mici cu muștar (5 buc)', 'Sarmale cu mămăligă']",2,66.0,12.99,36,Card,3.0,False
101129,2025-07-31 22:04,Brașov,5,"['Burger BBQ', 'Onion rings', 'Burger Clasic']",3,90.0,7.99,19,Cash,5.0,False
101130,2025-08-01 13:23,București,3,"['Focaccia', 'Pizza Quattro Formaggi', 'Pizza Diavola']",3,99.0,7.99,54,Card,4.0,False
101131,2025-08-01 14:44,București,5,['Cola'],1,8.0,7.99,29,Card,4.0,False
101132,2025-08-01 19:09,Brașov,2,['Pizza Diavola'],1,39.0,9.99,37,Card,5.0,False
101133,2025-08-01 19:26,Iași,8,['Ceai verde'],1,9.0,12.99,21,Cash,,False
101134,2025-08-02 10:58,Iași,13,"['Apă plată', 'Smoothie', 'Salată Caesar']",3,58.0,12.99,20,Cash,4.0,False
101135,2025-08-02 12:16,Cluj-Napoca,2,"['Pizza Margherita', 'Pizza Diavola']",2,71.0,9.99,25,Cash,5.0,True
101136,2025-08-02 12:26,timișoara,11,"['Sarmale cu mămăligă', 'Șnițel cu piure']",2,74.0,9.99,34,Card,4.0,False
101137,2025-08-02 13:45,Brașov,3,['Pizza Quattro Formaggi'],1,42.0,7.99,28,Cash,,False
101138,2025-08-02 18:52,Brașov,16,"['Waffle cu fructe', 'Papanași']",2,50.0,9.99,23,Cash,5.0,True
101139,2025-08-02 21:58,Cluj,9,"['Pad Thai', 'Supă Miso']",2,56.0,12.99,50,Cash,4.0,True
101140,2025-08-02 23:03,București,1,"['Pizza Diavola', 'Pizza Capricciosa', 'Pizza Margherita']",3,112.0,0.0,25,Card,,False
101141,2025-08-03 13:49,Timișoara,10,"['Papanași', 'Mici cu muștar (5 buc)', 'Sarmale cu mămăligă']",3,90.0,7.99,37,Cash,4.0,False
101142,2025-08-03 19:56,Cluj-Napoca,7,"['Ceai verde', 'California Roll']",2,47.0,12.99,43,Card,,False
101143,2025-08-04 10:25,București,18,['Falafel wrap'],1,25.0,9.99,35,Cash,,False
101144,2025-08-04 11:24,BUCURESTI,4,"['Burger BBQ', 'Cola', 'Onion rings', 'Cartofi prăjiți']",4,76.0,7.99,28,Card,4.0,False
101145,2025-08-04 11:29,Cluj-Napoca,4,"['Cheeseburger', 'Cartofi prăjiți', 'Cola']",3,57.0,9.99,22,Card,,False
101146,2025-08-04 22:23,Timișoara,6,"['Burger Clasic', 'Milkshake']",2,51.0,9.99,14,Card,4.0,True
101147,2025-08-05 13:00,București,7,"['Ceai verde', 'Noodles cu pui', 'Sushi Mix 16 buc']",3,110.0,0.0,41,Card,4.0,False
101148,2025-08-05 18:27,Brașov,10,"['Limonadă', 'Mici cu muștar (5 buc)']",2,42.0,9.99,16,Cash,,False
101149,2025-08-06 15:02,Timișoara,11,"['Șnițel cu piure', 'Ciorbă de burtă']",2,60.0,7.99,22,Card,,False
101150,2025-08-06 18:39,București,4,"['Onion rings', 'Cheeseburger', 'Milkshake']",3,68.0,9.99,37,Cash,4.0,False
101151,2025-08-06 19:02,Iași,2,"['Pizza Quattro Formaggi', 'Pizza Capricciosa', 'Focaccia', 'Tiramisu']",4,120.0,0.0,21,Card,,False
101152,2025-08-06 20:57,București,3,"['Pizza Capricciosa', 'Tiramisu']",2,60.0,9.99,42,Card,5.0,False
101153,2025-08-06 21:23,București,6,"['Cartofi prăjiți', 'Burger BBQ', 'Milkshake']",3,71.0,9.99,42,Card,4.0,False
101154,2025-08-07 13:13,București,5,"['Burger Clasic', 'Cheeseburger', 'Cartofi prăjiți']",3,83.0,9.99,40,Card,,False
101155,2025-08-07 13:51,București,18,"['Falafel wrap', 'Cartofi prăjiți']",2,37.0,7.99,55,Cash,4.0,True
101156,2025-08-07 13:58,București,3,"['Tiramisu', 'Cola', 'Pizza Quattro Formaggi', 'Focaccia']",4,87.0,12.99,42,Cash,5.0,False
101157,2025-08-07 16:33,Iași,18,['Shaorma medie'],1,24.0,7.99,19,Card,5.0,False
101158,2025-08-08 12:03,Cluj-Napoca,12,"['Limonadă', 'Papanași']",2,36.0,7.99,48,Card,3.0,False
101159,2025-08-08 13:45,Iași,3,"['Pizza Quattro Formaggi', 'Pizza Margherita', 'Focaccia']",3,92.0,7.99,35,Card,5.0,False
101160,2025-08-08 19:26,Iași,5,"['Cartofi prăjiți', 'Cola', 'Burger BBQ', 'Burger Clasic']",4,96.0,7.99,38,Cash,,False
101161,2025-08-08 20:37,București,8,"['Supă Miso', 'Sushi Mix 16 buc', 'Ceai verde', 'Pad Thai']",4,130.0,0.0,38,Card,,False
101162,2025-08-09 10:01,bucurești,9,"['Sushi Mix 16 buc', 'Pad Thai', 'Supă Miso']",3,121.0,0.0,43,Cash,5.0,False
101163,2025-08-09 11:15,București,13,"['Bowl vegan', 'Salată Caesar']",2,73.0,12.99,23,Cash,4.0,True
101164,2025-08-09 12:40,Timișoara,5,"['Burger Clasic', 'Onion rings']",2,48.0,7.99,32,Card,5.0,False
101165,2025-08-09 13:49,Iași,5,['Burger Clasic'],1,34.0,12.99,34,Card,5.0,False
101166,2025-08-09 18:10,Iași,3,"['Tiramisu', 'Cola', 'Pizza Diavola', 'Pizza Margherita']",4,98.0,9.99,19,Card,5.0,False
101167,2025-08-09 20:23,Iași,7,['California Roll'],1,38.0,9.99,32,Cash,,False
101168,2025-08-09 22:38,Brașov,1,"['Pizza Diavola', 'Tiramisu', 'Focaccia']",3,76.0,9.99,14,Cash,,False
101169,2025-08-10 19:28,Cluj-Napoca,7,['California Roll'],1,38.0,9.99,35,Cash,5.0,False
101170,2025-08-10 19:44,București,3,"['Tiramisu', 'Pizza Diavola', 'Pizza Quattro Formaggi']",3,100.0,0.0,39,Card,,False
101171,2025-08-11 20:09,Timișoara,3,"['Cola', 'Focaccia']",2,26.0,7.99,32,Card,4.0,False
101172,2025-08-11 21:27,Cluj-Napoca,11,"['Mici cu muștar (5 buc)', 'Ciorbă de burtă', 'Papanași', 'Sarmale cu mămăligă']",4,112.0,0.0,33,CARD,4.0,False
101173,2025-08-12 18:38,Brașov,6,"['Burger Clasic', 'Milkshake', 'Cola', 'Cheeseburger']",4,96.0,7.99,21,Card,4.0,False
101174,2025-08-12 18:51,București,1,"['Pizza Diavola', 'Cola', 'Tiramisu', 'Pizza Capricciosa']",4,107.0,0.0,25,Card,5.0,False
101175,2025-08-13 16:56,București,11,"['Sarmale cu mămăligă', 'Mici cu muștar (5 buc)']",2,66.0,12.99,29,Card,4.0,False
101176,2025-08-13 18:10,București,10,"['Papanași', 'Limonadă', 'Mici cu muștar (5 buc)', 'Ciorbă de burtă']",4,88.0,9.99,36,Cash,4.0,False
101177,2025-08-13 18:48,București,15,"['Cheesecake', 'Cafea']",2,33.0,9.99,27,Card,5.0,True
101178,2025-08-13 19:04,București,3,"['Pizza Capricciosa', 'Pizza Diavola', 'Focaccia', 'Pizza Quattro Formaggi']",4,140.0,0.0,29,Card,,False
101179,2025-08-13 20:28,Cluj-Napoca,4,"['Cartofi prăjiți', 'Burger Clasic']",2,46.0,7.99,16,Cash,4.0,False
101180,2025-08-14 11:36,Iași,11,"['Mici cu muștar (5 buc)', 'Sarmale cu mămăligă', 'Ciorbă de burtă', 'Papanași']",4,112.0,0.0,18,Card,,False
101181,2025-08-14 12:05,Cluj-Napoca,17,"['Kebab la farfurie', 'Cartofi prăjiți']",2,47.0,9.99,23,Card,,True
101182,2025-08-14 13:52,București,16,"['Papanași', 'Cafea', 'Waffle cu fructe']",3,60.0,12.99,25,Card,5.0,False
101183,2025-08-14 20:17,Brașov,2,"['Pizza Margherita', 'Tiramisu', 'Pizza Capricciosa']",3,92.0,9.99,39,cash,4.0,False
101184,2025-08-15 13:15,București,2,"['Focaccia', 'Pizza Diavola']",2,57.0,7.99,46,Cash,3.0,False
101185,2025-08-15 21:12,Cluj-Napoca,1,"['Tiramisu', 'Pizza Capricciosa']",2,60.0,7.99,26,Cash,5.0,False
101186,2025-08-15 21:17,Cluj-Napoca,17,"['Shaorma mare', 'Shaorma medie', 'Kebab la farfurie']",3,88.0,9.99,40,Card,5.0,True
101187,2025-08-16 12:24,Brașov,3,"['Pizza Margherita', 'Pizza Quattro Formaggi']",2,74.0,7.99,26,Card,5.0,True
101188,2025-08-16 13:21,Iași,12,"['Ciorbă de burtă', 'Sarmale cu mămăligă']",2,58.0,9.99,36,Card,,True
101189,2025-08-16 13:27,București,14,"['Apă plată', 'Salată Caesar', 'Bowl cu somon', 'Wrap cu pui']",4,119.0,0.0,47,Cash,4.0,False
101190,2025-08-16 17:07,București,18,"['Kebab la farfurie', 'Shaorma mare']",2,64.0,7.99,30,card,5.0,False
101191,2025-08-16 20:04,Iași,7,"['Supă Miso', 'Pad Thai']",2,56.0,7.99,30,Cash,,False
101192,2025-08-17 11:02,Iași,1,"['Focaccia', 'Pizza Margherita', 'Pizza Diavola']",3,89.0,12.99,27,Cash,4.0,False
101193,2025-08-17 11:47,București,2,"['Tiramisu', 'Pizza Diavola', 'Cola']",3,66.0,7.99,37,Cash,,False
101194,2025-08-17 12:48,Iași,2,"['Pizza Capricciosa', 'Cola', 'Pizza Diavola']",3,88.0,7.99,24,Card,4.0,True
101195,2025-08-17 16:02,București,3,['Cola'],1,8.0,7.99,,Cash,,False
101196,2025-08-18 13:15,Iași,6,"['Onion rings', 'Burger Clasic', 'Burger BBQ']",3,90.0,7.99,35,Card,,False
101197,2025-08-18 13:44,Timișoara,5,"['Burger Clasic', 'Burger BBQ']",2,76.0,9.99,38,Card,4.0,False
101198,2025-08-18 18:16,București,6,"['Burger Clasic', 'Cartofi prăjiți']",2,46.0,7.99,45,Cash,,False
101199,2025-08-19 12:53,Brașov,12,"['Papanași', 'Sarmale cu mămăligă']",2,60.0,9.99,24,Card,,True
101200,2025-08-19 14:32,Cluj-Napoca,8,"['Sushi Mix 16 buc', 'Supă Miso', 'Noodles cu pui']",3,116.0,0.0,28,Cash,5.0,False
101201,2025-08-19 19:32,București,3,"['Pizza Quattro Formaggi', 'Pizza Diavola']",2,81.0,12.99,30,Card,,False
101202,2025-08-19 21:08,Timișoara,11,"['Papanași', 'Limonadă', 'Sarmale cu mămăligă']",3,72.0,9.99,36,Cash,,False
101203,2025-08-20 16:34,București,17,['Kebab la farfurie'],1,35.0,12.99,24,Card,5.0,True
101204,2025-08-20 17:51,Timișoara,13,"['Apă plată', 'Wrap cu pui']",2,37.0,12.99,24,Card,,False
101205,2025-08-20 22:51,Brașov,14,"['Bowl cu somon', 'Apă plată']",2,54.0,9.99,32,Cash,,False
101206,2025-08-21 18:00,Cluj-Napoca,17,['Falafel wrap'],1,25.0,7.99,21,Card,4.0,True
101207,2025-08-21 19:04,Cluj-Napoca,17,"['Cartofi prăjiți', 'Kebab la farfurie']",2,47.0,9.99,38,Card,,True
101208,2025-08-21 19:12,Brașov,4,"['Cola', 'Cartofi prăjiți', 'Cheeseburger']",3,57.0,12.99,22,Card,,False
101209,2025-08-21 20:08,București,2,['Cola'],1,8.0,12.99,47,Cash,4.0,False
101210,2025-08-22 11:44,Iași,13,"['Wrap cu pui', 'Salată Caesar']",2,65.0,9.99,32,Cash,4.0,False
101211,2025-08-22 12:38,București,9,"['Supă Miso', 'Sushi Mix 16 buc']",2,80.0,9.99,40,Card,4.0,False
101212,2025-08-22 14:00,Cluj-Napoca,2,"['Cola', 'Pizza Margherita']",2,40.0,7.99,12,Card,,False
101213,2025-08-22 16:33,Timișoara,1,"['Pizza Capricciosa', 'Focaccia', 'Tiramisu']",3,78.0,12.99,25,Cash,4.0,True
101214,2025-08-22 18:04,Timișoara,14,['Smoothie'],1,18.0,9.99,28,Card,4.0,False
101215,2025-08-22 18:54,Timișoara,1,"['Pizza Diavola', 'Pizza Capricciosa']",2,80.0,7.99,30,Card,5.0,True
101216,2025-08-22 19:35,Brașov,4,"['Burger Clasic', 'Milkshake', 'Cola']",3,59.0,9.99,31,Card,4.0,False
101217,2025-08-23 13:12,Cluj-Napoca,18,"['Shaorma mare', 'Falafel wrap']",2,54.0,12.99,25,Card,,True
101218,2025-08-23 14:18,București,5,"['Cheeseburger', 'Burger BBQ']",2,79.0,12.99,,Card,4.0,False
101219,2025-08-23 18:44,București,1,"['Tiramisu', 'Pizza Margherita', 'Pizza Diavola']",3,90.0,7.99,45,Card,,True
101220,2025-08-23 19:20,București,10,"['Mici cu muștar (5 buc)', 'Papanași']",2,54.0,9.99,41,Cash,5.0,False
101221,2025-08-23 20:08,Iași,18,['Kebab la farfurie'],1,35.0,7.99,19,Card,3.0,False
101222,2025-08-24 13:06,Timișoara,17,"['Kebab la farfurie', 'Ayran']",2,42.0,7.99,30,Card,4.0,False
101223,2025-08-24 17:01,București,7,['Sushi Mix 16 buc'],1,65.0,9.99,34,Card,,False
101224,2025-08-24 22:40,Iași,4,"['Milkshake', 'Burger BBQ', 'Burger Clasic']",3,93.0,9.99,19,Card,5.0,True
101225,2025-08-25 14:27,București,11,['Limonadă'],1,12.0,7.99,41,Card,3.0,False
101226,2025-08-25 15:59,Timișoara,2,['Focaccia'],1,18.0,9.99,25,Card,,True
101227,2025-08-25 19:26,Timișoara,10,"['Ciorbă de burtă', 'Limonadă']",2,34.0,7.99,39,CARD,5.0,False
101228,2025-08-25 19:26,Cluj-Napoca,18,"['Shaorma medie', 'Ayran', 'Cartofi prăjiți']",3,43.0,9.99,34,Card,5.0,True
101229,2025-08-25 20:40,București,6,"['Onion rings', 'Burger Clasic', 'Cola']",3,56.0,7.99,,Card,4.0,True
101230,2025-08-26 20:24,Cluj-Napoca,17,"['Shaorma mare', 'Ayran']",2,36.0,12.99,26,Cash,5.0,False
101231,2025-08-26 21:05,București,2,"['Pizza Margherita', 'Tiramisu']",2,51.0,12.99,46,Cash,4.0,True
101231,2025-08-26 21:05,București,2,"['Pizza Margherita', 'Tiramisu']",2,51.0,12.99,46,Cash,4.0,True
101232,2025-08-26 21:12,București,17,['Shaorma medie'],1,24.0,7.99,32,Cash,4.0,False
101233,2025-08-26 21:57,București,3,"['Focaccia', 'Cola']",2,26.0,9.99,39,Cash,4.0,True
101234,2025-08-26 23:39,Cluj-Napoca,8,"['Pad Thai', 'Sushi Mix 16 buc']",2,106.0,0.0,37,Card,4.0,False
101235,2025-08-27 18:07,București,11,"['Ciorbă de burtă', 'Limonadă']",2,34.0,9.99,32, Card,,False
101236,2025-08-27 20:15,Timișoara,9,"['Pad Thai', 'Ceai verde', 'Noodles cu pui']",3,86.0,7.99,35,Card,5.0,True
101237,2025-08-27 20:41,Cluj-Napoca,5,"['Cartofi prăjiți', 'Cheeseburger']",2,49.0,9.99,31,Card,4.0,False
101238,2025-08-28 20:13,București,7,"['Supă Miso', 'Sushi Mix 16 buc']",2,80.0,7.99,50,Cash,3.0,False
101239,2025-08-28 20:51,București,17,"['Cartofi prăjiți', 'Shaorma medie', 'Shaorma mare']",3,65.0,9.99,39,Card,4.0,False
101240,2025-08-29 11:23,București,18,"['Shaorma mare', 'Kebab la farfurie']",2,64.0,9.99,39,Card,4.0,True
101241,2025-08-29 13:44,Cluj-Napoca,13,"['Smoothie', 'Salată Caesar']",2,52.0,7.99,17,Card,5.0,False
101242,2025-08-29 14:50,Cluj-Napoca,7,"['Supă Miso', 'Ceai verde']",2,24.0,12.99,23,Card,5.0,False
101243,2025-08-29 20:50,Cluj-Napoca,4,"['Burger Clasic', 'Onion rings', 'Cartofi prăjiți']",3,60.0,7.99,32,Card,4.0,False
101244,2025-08-29 21:04,București,3,"['Cola', 'Tiramisu', 'Pizza Margherita']",3,59.0,9.99,35,Cash,,True
101245,2025-08-29 21:36,Brașov,8,"['Pad Thai', 'Ceai verde']",2,50.0,12.99,24,Cash,4.0,False
101246,2025-08-30 11:03,Iași,10,['Șnițel cu piure'],1,38.0,9.99,32,Card,,False
101247,2025-08-30 18:49,Cluj-Napoca,14,"['Salată Caesar', 'Apă plată', 'Bowl vegan', 'Wrap cu pui']",4,110.0,0.0,12,Card,5.0,True
101248,2025-08-30 23:06,Cluj-Napoca,4,"['Milkshake', 'Cartofi prăjiți', 'Burger BBQ', 'Burger Clasic']",4,105.0,0.0,17,Card,4.0,False
101249,2025-08-31 13:39,Cluj-Napoca,3,['Pizza Capricciosa'],1,41.0,9.99,20,Card,4.0,False
101250,2025-08-31 14:18,Timișoara,18,"['Kebab la farfurie', 'Falafel wrap', 'Cartofi prăjiți', 'Shaorma medie']",4,96.0,7.99,32,Cash,4.0,False
101251,2025-08-31 14:31,Brașov,17,"['Shaorma medie', 'Ayran', 'Shaorma mare', 'Falafel wrap']",4,85.0,12.99,15,Cash,4.0,False
101252,2025-08-31 18:18,Iași,8,['Supă Miso'],1,15.0,9.99,38,Card,5.0,False
101253,2025-08-31 23:44,București,9,"['Pad Thai', 'California Roll', 'Ceai verde']",3,88.0,7.99,34,Card,5.0,False
101254,2025-08-31 23:55,Brașov,6,"['Cola', 'Burger BBQ']",2,50.0,7.99,20,Cash,,False
101255,2025-08-31 23:56,București,15,"['Clătite cu ciocolată', 'Cafea', 'Înghețată']",3,46.0,12.99,32,Card,,False
101256,2025-09-01 13:23,București,18,"['Cartofi prăjiți', 'Shaorma mare']",2,41.0,7.99,37,Card,4.0,True
101257,2025-09-01 18:20,Timișoara,11,"['Mici cu muștar (5 buc)', 'Șnițel cu piure', 'Papanași']",3,92.0,9.99,21,Card,5.0,False
101258,2025-09-01 20:53,Timișoara,3,"['Tiramisu', 'Pizza Quattro Formaggi', 'Pizza Diavola']",3,100.0,0.0,29,Card,5.0,False
101259,2025-09-01 21:09,București,7,['Supă Miso'],1,15.0,9.99,45,Cash,3.0,False
101260,2025-09-01 23:56,București,9,['California Roll'],1,38.0,7.99,33,Card,,True
101261,2025-09-02 16:29,Iași,1,['Tiramisu'],1,19.0,7.99,34,Cash,4.0,False
101262,2025-09-03 12:40,Timișoara,8,"['Pad Thai', 'Sushi Mix 16 buc', 'Ceai verde']",3,115.0,0.0,31,Cash,,False
101262,2025-09-03 12:40,Timișoara,8,"['Pad Thai', 'Sushi Mix 16 buc', 'Ceai verde']",3,115.0,0.0,31,Cash,,False
101263,2025-09-03 13:40,Timișoara,15,"['Waffle cu fructe', 'Cafea']",2,36.0,9.99,31,Card,,False
101264,2025-09-03 18:19,Iași,15,['Cafea'],1,10.0,7.99,18,Cash,5.0,False
101265,2025-09-03 22:18,București,4,['Cheeseburger'],1,37.0,9.99,21,Card,4.0,False
101266,2025-09-04 14:53,Timișoara,17,"['Ayran', 'Cartofi prăjiți']",2,19.0,7.99,32,Card,,False
101267,2025-09-04 17:39,Brașov,11,['Limonadă'],1,12.0,12.99,18,Cash,4.0,False
101268,2025-09-04 18:45,București,3,['Pizza Quattro Formaggi'],1,42.0,7.99,33,Cash,5.0,False
101269,2025-09-04 20:00,Brașov,7,"['Sushi Mix 16 buc', 'Ceai verde', 'Pad Thai']",3,115.0,0.0,45,Card,4.0,False
101270,2025-09-04 21:02,Timișoara,2,"['Pizza Capricciosa', 'Pizza Margherita', 'Pizza Quattro Formaggi']",3,115.0,0.0,30,Cash,5.0,False
101271,2025-09-05 12:58,Iași,6,"['Onion rings', 'Milkshake', 'Burger Clasic']",3,65.0,7.99,30,Card,4.0,False
101272,2025-09-05 13:54,Brașov,13,"['Apă plată', 'Smoothie', 'Salată Caesar', 'Bowl vegan']",4,97.0,9.99,35,Card,,False
101273,2025-09-05 18:52,Iași,10,"['Sarmale cu mămăligă', 'Papanași']",2,60.0,9.99,21,Cash,,False
101274,2025-09-05 19:42,Cluj-Napoca,18,"['Shaorma medie', 'Shaorma mare', 'Kebab la farfurie', 'Ayran']",4,95.0,12.99,22,Cash,5.0,False
101275,2025-09-05 21:07,București,10,['Papanași'],1,24.0,7.99,48,Card,2.0,False
101276,2025-09-05 22:24,București,12,['Limonadă'],1,12.0,7.99,42,Card,4.0,False
101277,2025-09-06 14:14,Cluj-Napoca,17,['Ayran'],1,7.0,7.99,25,Card,,False
101278,2025-09-06 14:26,București,18,['Shaorma mare'],1,29.0,9.99,24,Card,4.0,True
101279,2025-09-06 14:35,București,2,"['Focaccia', 'Tiramisu', 'Pizza Margherita']",3,69.0,9.99,44,Card,3.0,False
101280,2025-09-06 16:16,Brașov,7,"['Supă Miso', 'California Roll', 'Noodles cu pui']",3,89.0,12.99,23,Card,5.0,False
101281,2025-09-06 21:34,Cluj-Napoca,13,"['Salată Caesar', 'Apă plată', 'Bowl vegan']",3,79.0,9.99,27,Card,5.0,False
101282,2025-09-07 19:00,București,7,"['Sushi Mix 16 buc', 'Pad Thai', 'California Roll']",3,144.0,0.0,41,Card,,False
101283,2025-09-07 20:01,Iași,12,"['Ciorbă de burtă', 'Șnițel cu piure', 'Mici cu muștar (5 buc)']",3,90.0,9.99,48,Card,,True
101284,2025-09-07 20:30,BUCURESTI,18,"['Kebab la farfurie', 'Falafel wrap', 'Cartofi prăjiți']",3,72.0,9.99,44,Cash,,True
101285,2025-09-07 20:40,Cluj-Napoca,9,"['California Roll', 'Ceai verde', 'Supă Miso']",3,62.0,9.99,,Cash,4.0,False
101286,2025-09-07 21:36,Cluj-Napoca,3,"['Pizza Margherita', 'Pizza Diavola']",2,71.0,9.99,23,Cash,5.0,True
101286,2025-09-07 21:36,Cluj-Napoca,3,"['Pizza Margherita', 'Pizza Diavola']",2,71.0,9.99,23,Cash,5.0,True
101287,2025-09-07 21:55,București,17,['Falafel wrap'],1,25.0,7.99,38,Card,,True
101288,2025-09-07 23:06,Iași,13,"['Salată Caesar', 'Bowl vegan', 'Smoothie']",3,91.0,7.99,22,card,,False
101289,2025-09-07 23:30,Iași,17,['Shaorma medie'],1,24.0,9.99,40,Cash,,False
101290,2025-09-08 19:18,Cluj-Napoca,4,"['Burger BBQ', 'Cartofi prăjiți']",2,54.0,9.99,39,Card,5.0,False
101291,2025-09-08 19:39,București,15,"['Cafea', 'Înghețată', 'Cheesecake']",3,48.0,7.99,48,Cash,4.0,False
101292,2025-09-08 20:20,Iași,18,['Ayran'],1,7.0,9.99,24,Card,,False
101293,2025-09-08 20:58,Timișoara,3,"['Pizza Quattro Formaggi', 'Tiramisu']",2,61.0,7.99,36,Card,3.0,False
101294,2025-09-08 21:19,Iași,3,"['Pizza Margherita', 'Pizza Diavola', 'Focaccia', 'Pizza Capricciosa']",4,130.0,0.0,22,Card,4.0,True
101295,2025-09-08 21:29,Iași,12,"['Ciorbă de burtă', 'Șnițel cu piure']",2,60.0,9.99,40,Card,,True
101296,2025-09-08 21:56,Iași,4,"['Burger BBQ', 'Cheeseburger', 'Cola']",3,87.0,7.99,24,Card,5.0,False
101297,2025-09-09 18:20,Cluj-Napoca,16,['Cafea'],1,10.0,9.99,22,Cash,,True
101298,2025-09-09 22:13,București,12,"['Papanași', 'Ciorbă de burtă']",2,46.0,9.99,37,Cash,4.0,False
101299,2025-09-10 11:15,București,13,"['Bowl vegan', 'Bowl cu somon', 'Apă plată']",3,93.0,7.99,32,Cash,5.0,False
101300,2025-09-10 15:50,București,17,"['Ayran', 'Shaorma mare', 'Shaorma medie']",3,60.0,9.99,32,Card,,False
101301,2025-09-10 18:41,cluj-napoca,9,"['Sushi Mix 16 buc', 'Pad Thai', 'Ceai verde']",3,115.0,0.0,28,Cash,,False
101302,2025-09-10 18:46,Iași,17,"['Ayran', 'Cartofi prăjiți']",2,19.0,12.99,30, Card,,False
101302,2025-09-10 18:46,Iași,17,"['Ayran', 'Cartofi prăjiți']",2,19.0,12.99,30, Card,,False
101303,2025-09-10 19:17,Cluj-Napoca,3,"['Pizza Quattro Formaggi', 'Pizza Capricciosa', 'Cola']",3,91.0,7.99,40,Card,,True
101304,2025-09-10 19:17,Cluj-Napoca,17,"['Cartofi prăjiți', 'Ayran']",2,19.0,9.99,30,Card,,False
101305,2025-09-10 21:44,București,12,"['Limonadă', 'Ciorbă de burtă']",2,34.0,12.99,41,Card,4.0,False
101306,2025-09-11 11:53,Timișoara,17,['Falafel wrap'],1,25.0,12.99,12,Card,,False
101307,2025-09-11 14:59,București,2,"['Pizza Quattro Formaggi', 'Pizza Margherita']",2,74.0,7.99,41,Cash,4.0,True
101308,2025-09-11 19:39,București,14,"['Apă plată', 'Bowl vegan']",2,45.0,12.99,42,Card,3.0,False
101309,2025-09-12 12:23,Timișoara,15,"['Papanași', 'Cheesecake']",2,47.0,9.99,19,Card,5.0,False
101309,2025-09-12 12:23,Timișoara,15,"['Papanași', 'Cheesecake']",2,47.0,9.99,19,Card,5.0,False
101310,2025-09-12 13:06,București,3,"['Pizza Margherita', 'Pizza Capricciosa', 'Cola', 'Pizza Quattro Formaggi']",4,123.0,0.0,31,Card,4.0,False
101311,2025-09-12 18:18,București,18,"['Kebab la farfurie', 'Shaorma mare']",2,64.0,12.99,36,Cash,,False
101312,2025-09-12 19:06,Cluj-Napoca,17,"['Falafel wrap', 'Shaorma medie']",2,49.0,9.99,18,Card,4.0,False
101313,2025-09-12 19:20,Timișoara,6,"['Milkshake', 'Burger Clasic', 'Cheeseburger']",3,88.0,9.99,31,Card,,False
101314,2025-09-12 19:27, București,5,['Cheeseburger'],1,37.0,9.99,21,Card,3.0,False
101315,2025-09-12 20:09,Iași,12,['Ciorbă de burtă'],1,22.0,9.99,29,Card,5.0,False
101316,2025-09-13 13:07,București,4,"['Cartofi prăjiți', 'Burger BBQ', 'Cheeseburger']",3,91.0,7.99,30,Card,,False
101317,2025-09-13 19:51,București,11,['Mici cu muștar (5 buc)'],1,30.0,7.99,48,Card,5.0,False
101318,2025-09-13 20:35,Timișoara,6,"['Cartofi prăjiți', 'Cola']",2,20.0,7.99,29,Cash,5.0,True
101319,2025-09-13 21:38,București,1,"['Focaccia', 'Pizza Quattro Formaggi', 'Pizza Margherita']",3,92.0,9.99,37,Cash,3.0,False
101320,2025-09-13 22:02,Cluj-Napoca,2,"['Pizza Margherita', 'Cola']",2,40.0,9.99,12,Cash,,False
101321,2025-09-13 23:19,București,8,"['Ceai verde', 'Sushi Mix 16 buc']",2,74.0,7.99,24,Card,5.0,False
101322,2025-09-14 19:20,Cluj-Napoca,5,"['Burger BBQ', 'Cola', 'Cartofi prăjiți', 'Onion rings']",4,76.0,12.99,40,Cash,,False
101323,2025-09-14 21:31,Iași,12,"['Limonadă', 'Papanași', 'Mici cu muștar (5 buc)']",3,66.0,12.99,23,Card,5.0,False
101324,2025-09-15 18:26,București,18,['Cartofi prăjiți'],1,12.0,7.99,29,Card,5.0,False
101325,2025-09-16 13:24,Cluj,2,"['Pizza Diavola', 'Pizza Capricciosa']",2,80.0,9.99,27,card,5.0,False
101326,2025-09-16 20:37,București,3,"['Pizza Diavola', 'Pizza Capricciosa']",2,80.0,9.99,44,Card,5.0,True
101327,2025-09-17 11:09,București,9,['Ceai verde'],1,9.0,12.99,41,Card,4.0,False
101328,2025-09-17 14:49,București,5,['Cheeseburger'],1,37.0,9.99,33,Card,5.0,True
101329,2025-09-17 15:53,Brașov,6,['Onion rings'],1,14.0,9.99,27,Card,,False
101330,2025-09-17 16:26,Brașov,6,"['Burger Clasic', 'Onion rings', 'Burger BBQ']",3,90.0,9.99,23,Cash,5.0,False
101331,2025-09-17 17:34,Timișoara,6,"['Cheeseburger', 'Burger Clasic']",2,71.0,12.99,,Cash,,False
101332,2025-09-17 21:17,Cluj-Napoca,7,"['Pad Thai', 'Sushi Mix 16 buc', 'Noodles cu pui']",3,142.0,0.0,46,Card,4.0,True
101333,2025-09-18 14:42,București,14,"['Salată Caesar', 'Bowl cu somon']",2,82.0,7.99,19,Card,5.0,True
101334,2025-09-18 19:16,București,16,['Cafea'],1,10.0,7.99,57,Cash,5.0,True
101335,2025-09-18 19:31,Brașov,10,"['Papanași', 'Sarmale cu mămăligă', 'Mici cu muștar (5 buc)']",3,90.0,9.99,48,Cash,3.0,True
101336,2025-09-18 20:53,București,11,"['Mici cu muștar (5 buc)', 'Șnițel cu piure']",2,68.0,9.99,31,Cash,5.0,True
101337,2025-09-18 23:45,București,4,"['Cheeseburger', 'Milkshake']",2,54.0,7.99,23,Card,3.0,False
101338,2025-09-19 12:18,Iași,10,"['Papanași', 'Șnițel cu piure', 'Mici cu muștar (5 buc)']",3,92.0,12.99,35,Card,4.0,True
101339,2025-09-19 12:34,Brașov,12,"['Mici cu muștar (5 buc)', 'Sarmale cu mămăligă']",2,66.0,7.99,41,card,,False
101340,2025-09-19 13:48,Timișoara,17,"['Shaorma mare', 'Cartofi prăjiți', 'Ayran']",3,48.0,7.99,33,Cash,5.0,True
101341,2025-09-19 13:50,Timișoara,14,"['Bowl vegan', 'Salată Caesar', 'Bowl cu somon']",3,121.0,0.0,32,Cash,5.0,False
101342,2025-09-19 14:09,Cluj-Napoca,8,"['Sushi Mix 16 buc', 'Supă Miso', 'Ceai verde', 'Pad Thai']",4,130.0,0.0,22,Cash,5.0,False
101343,2025-09-19 16:39,Cluj-Napoca,4,['Cartofi prăjiți'],1,12.0,9.99,24,Card,5.0,False
101344,2025-09-19 18:27,București,1,"['Pizza Diavola', 'Tiramisu']",2,58.0,7.99,19,Card,5.0,True
101345,2025-09-19 21:37,București,16,"['Waffle cu fructe', 'Clătite cu ciocolată']",2,47.0,9.99,39,Card,4.0,False
101346,2025-09-19 22:38,București,2,"['Pizza Margherita', 'Pizza Capricciosa', 'Tiramisu']",3,92.0,9.99,37,Card,,True
101347,2025-09-20 11:38,București,3,"['Pizza Capricciosa', 'Pizza Quattro Formaggi', 'Pizza Diavola']",3,122.0,0.0,25,Card,4.0,False
101348,2025-09-20 12:36,București,16,"['Înghețată', 'Cheesecake']",2,38.0,7.99,33,Card,4.0,False
101349,2025-09-20 18:43,Brașov,17,"['Falafel wrap', 'Shaorma mare']",2,54.0,7.99,26,Card,5.0,False
101350,2025-09-20 19:11,București,3,"['Pizza Quattro Formaggi', 'Pizza Diavola']",2,81.0,7.99,43,Card,3.0,False
101351,2025-09-20 19:43,Brașov,9,"['Sushi Mix 16 buc', 'Pad Thai', 'Ceai verde', 'Noodles cu pui']",4,151.0,0.0,42,Card,5.0,False
101352,2025-09-20 19:47,Cluj-Napoca,4,"['Cheeseburger', 'Cola']",2,45.0,7.99,27,Cash,,False
101353,2025-09-20 20:54,București,4,"['Milkshake', 'Cola']",2,25.0,7.99,32,Cash,4.0,False
101354,2025-09-20 23:23,Cluj-Napoca,12,"['Șnițel cu piure', 'Mici cu muștar (5 buc)', 'Limonadă']",3,80.0,12.99,12,Cash,5.0,False
101355,2025-09-21 11:31,București,8,['Pad Thai'],1,41.0,9.99,42,Card,,False
101356,2025-09-21 12:27,Cluj-Napoca,9,"['Pad Thai', 'Sushi Mix 16 buc', 'Supă Miso']",3,121.0,0.0,32,Card,,False
101357,2025-09-21 13:06,București,14,"['Wrap cu pui', 'Bowl vegan']",2,70.0,9.99,44,Cash,,False
101358,2025-09-21 13:15,Timișoara,12,"['Sarmale cu mămăligă', 'Papanași', 'Șnițel cu piure', 'Mici cu muștar (5 buc)']",4,128.0,0.0,35,Card,,True
101359,2025-09-21 14:05,București,18,"['Cartofi prăjiți', 'Kebab la farfurie']",2,47.0,12.99,27,Cash,,False
101360,2025-09-21 17:55,Cluj-Napoca,1,"['Pizza Quattro Formaggi', 'Pizza Diavola', 'Focaccia']",3,99.0,7.99,20,Cash,,False
101361,2025-09-21 21:49,București,5,"['Milkshake', 'Burger Clasic', 'Cola', 'Cheeseburger']",4,96.0,7.99,24,Card,5.0,False
101362,2025-09-22 14:03,București,18,['Falafel wrap'],1,25.0,9.99,33,Cash,4.0,True
101363,2025-09-22 16:54,Iași,11,['Limonadă'],1,12.0,9.99,38,Card,4.0,False
101364,2025-09-22 18:53,Cluj-Napoca,10,"['Sarmale cu mămăligă', 'Ciorbă de burtă']",2,58.0,7.99,26,Card,,True
101365,2025-09-22 19:19,București,1,['Pizza Margherita'],1,32.0,7.99,36,Card,5.0,True
101366,2025-09-22 22:22,București,18,['Shaorma mare'],1,29.0,7.99,21,Card,,False
101367,2025-09-23 15:15,București,2,"['Pizza Quattro Formaggi', 'Pizza Diavola', 'Focaccia', 'Pizza Margherita']",4,131.0,0.0,27,Card,5.0,False
101368,2025-09-23 22:27,Iași,6,"['Cheeseburger', 'Onion rings', 'Milkshake', 'Cola']",4,76.0,7.99,27,Card,4.0,False
101369,2025-09-24 13:47,București,13,"['Bowl cu somon', 'Salată Caesar']",2,82.0,7.99,38,Card,5.0,True
101370,2025-09-24 13:48,Cluj-Napoca,5,"['Cheeseburger', 'Cola']",2,45.0,12.99,32,Cash,,True
101371,2025-09-24 16:38,Cluj-Napoca,7,"['Supă Miso', 'California Roll', 'Ceai verde']",3,62.0,9.99,24,Card,5.0,True
101372,2025-09-24 18:43,Cluj-Napoca,16,"['Papanași', 'Clătite cu ciocolată', 'Cheesecake']",3,68.0,12.99,14,Card,4.0,False
101373,2025-09-24 18:53,Timișoara,2,['Focaccia'],1,18.0,9.99,35,Card,,True
101374,2025-09-24 19:45,București,11,"['Sarmale cu mămăligă', 'Mici cu muștar (5 buc)']",2,66.0,7.99,43,Card,4.0,False
101375,2025-09-25 13:13,București,13,"['Bowl cu somon', 'Salată Caesar', 'Apă plată']",3,88.0,7.99,33,Card,5.0,True
101376,2025-09-25 14:18,Iași,1,"['Pizza Margherita', 'Pizza Capricciosa']",2,73.0,9.99,16,Card,4.0,False
101377,2025-09-25 18:33,București,10,['Șnițel cu piure'],1,38.0,9.99,29,Card,,False
101378,2025-09-25 19:38,Brașov,2,['Pizza Capricciosa'],1,41.0,7.99,39,Cash,,False
101379,2025-09-25 20:20,Brașov,18,"['Kebab la farfurie', 'Ayran', 'Cartofi prăjiți', 'Falafel wrap']",4,79.0,7.99,20,Cash,,True
101380,2025-09-25 20:21,București,10,"['Șnițel cu piure', 'Mici cu muștar (5 buc)', 'Ciorbă de burtă']",3,90.0,9.99,37,Cash,,False
101381,2025-09-25 20:27,Timișoara,5,"['Onion rings', 'Cartofi prăjiți', 'Cheeseburger', 'Burger Clasic']",4,97.0,12.99,28,Card,,False
101382,2025-09-25 23:58,Timișoara,17,"['Cartofi prăjiți', 'Falafel wrap']",2,37.0,7.99,15,Card,4.0,False
101383,2025-09-26 13:04,Timișoara,12,"['Ciorbă de burtă', 'Papanași', 'Șnițel cu piure', 'Limonadă']",4,96.0,9.99,34,card,4.0,True
101384,2025-09-26 13:35,Iași,4,['Cartofi prăjiți'],1,12.0,12.99,22,Card,,False
101385,2025-09-26 14:27,Iași,3,"['Cola', 'Pizza Capricciosa']",2,49.0,7.99,33,Card,,False
101386,2025-09-26 14:37,Iași,10,"['Ciorbă de burtă', 'Limonadă', 'Papanași']",3,58.0,9.99,30,Card,5.0,True
101387,2025-09-26 14:57,Cluj-Napoca,14,"['Wrap cu pui', 'Apă plată', 'Smoothie']",3,55.0,12.99,17,Card,4.0,True
101388,2025-09-26 18:54,București,4,"['Cheeseburger', 'Burger Clasic']",2,71.0,9.99,47,Card,4.0,True
101389,2025-09-26 19:39,Timișoara,8,"['Noodles cu pui', 'Ceai verde', 'Sushi Mix 16 buc']",3,110.0,0.0,29,Cash,5.0,True
101390,2025-09-26 20:54,București,16,"['Cafea', 'Clătite cu ciocolată', 'Papanași', 'Waffle cu fructe']",4,81.0,7.99,39,Cash,5.0,False
101391,2025-09-26 23:10,București,12,"['Mici cu muștar (5 buc)', 'Ciorbă de burtă', 'Papanași', 'Sarmale cu mămăligă']",4,112.0,0.0,41,Card,4.0,False
101392,2025-09-27 10:34,Timișoara,2,"['Pizza Margherita', 'Pizza Quattro Formaggi', 'Focaccia', 'Tiramisu']",4,111.0,0.0,12,Card,,False
101393,2025-09-27 12:28,București,1,"['Pizza Quattro Formaggi', 'Pizza Capricciosa', 'Tiramisu']",3,102.0,0.0,38,Cash,,True
101394,2025-09-27 13:15,Timișoara,8,['Supă Miso'],1,15.0,9.99,37,Cash,4.0,True
101395,2025-09-27 15:00,București,10,['Sarmale cu mămăligă'],1,36.0,7.99,54,Card,4.0,False
101396,2025-09-27 17:46,București,18,"['Kebab la farfurie', 'Shaorma mare']",2,64.0,12.99,31,Card,5.0,True
101397,2025-09-28 10:01,București,6,"['Milkshake', 'Burger Clasic']",2,51.0,12.99,27,Card,,True
101398,2025-09-28 13:37,București,2,"['Focaccia', 'Pizza Capricciosa']",2,59.0,7.99,49,Card,4.0,False
101399,2025-09-28 14:07,București,13,"['Salată Caesar', 'Smoothie']",2,52.0,7.99,38,Card,,False
101400,2025-09-28 17:45,Timișoara,3,"['Tiramisu', 'Pizza Quattro Formaggi', 'Focaccia']",3,79.0,9.99,37,Card,4.0,False
101401,2025-09-28 19:22,București,2,"['Cola', 'Pizza Quattro Formaggi']",2,50.0,7.99,38,Card,,False
101402,2025-09-29 11:38,Iași,12,"['Șnițel cu piure', 'Mici cu muștar (5 buc)']",2,68.0,9.99,31,Card,4.0,False
101403,2025-09-29 13:13,București,16,['Cheesecake'],1,23.0,12.99,30,Card,,False
101404,2025-09-29 14:20,Brașov,6,['Onion rings'],1,14.0,12.99,21,Card,5.0,False
101405,2025-09-29 15:21,Cluj-Napoca,4,"['Cheeseburger', 'Burger Clasic', 'Milkshake']",3,88.0,7.99,25,Card,4.0,True
101406,2025-09-29 18:52,București,11,['Ciorbă de burtă'],1,22.0,9.99,33,Card,,False
101407,2025-09-29 18:56,București,6,"['Burger BBQ', 'Burger Clasic', 'Cheeseburger']",3,113.0,0.0,36,Cash,,True
101408,2025-09-29 20:28,Timișoara,9,['California Roll'],1,38.0,7.99,32,Cash,,False
101409,2025-09-29 20:31,București,12,['Limonadă'],1,12.0,12.99,55,Card,3.0,False
101410,2025-09-30 12:21,Cluj-Napoca,17,"['Shaorma medie', 'Kebab la farfurie', 'Ayran']",3,66.0,9.99,27,Card,4.0,False
101411,2025-09-30 13:07,Cluj-Napoca,2,"['Pizza Capricciosa', 'Cola', 'Pizza Margherita', 'Tiramisu']",4,100.0,0.0,40,Card,,False
101412,2025-09-30 16:31,București,5,['Burger BBQ'],1,42.0,7.99,23,Card,4.0,True
101413,2025-09-30 19:08,Cluj-Napoca,1,"['Tiramisu', 'Pizza Capricciosa', 'Pizza Quattro Formaggi', 'Pizza Margherita']",4,134.0,0.0,23,Cash,5.0,False
101414,2025-10-01 11:19,Bucuresti,9,"['Pad Thai', 'Supă Miso', 'California Roll']",3,94.0,9.99,27,Card,,True
101415,2025-10-01 18:39,Timișoara,2,"['Tiramisu', 'Pizza Capricciosa']",2,60.0,7.99,20,Card,4.0,False
101416,2025-10-01 21:08,București,16,"['Clătite cu ciocolată', 'Cheesecake']",2,44.0,7.99,41,Card,3.0,True
101417,2025-10-02 13:57,Timișoara,14,"['Bowl cu somon', 'Bowl vegan', 'Wrap cu pui', 'Salată Caesar']",4,152.0,0.0,32,Card,,False
101418,2025-10-02 17:56,București,7,"['California Roll', 'Noodles cu pui']",2,74.0,7.99,40,Card,3.0,True
101419,2025-10-02 20:43,Timișoara,8,"['Pad Thai', 'California Roll']",2,79.0,9.99,33,Card,,False
101420,2025-10-03 11:28,București,6,"['Burger Clasic', 'Milkshake']",2,51.0,12.99,35,Card,4.0,False
101421,2025-10-03 12:00,Cluj-Napoca,18,"['Kebab la farfurie', 'Falafel wrap']",2,60.0,7.99,31,Card,,False
101422,2025-10-03 12:50,București,16,['Waffle cu fructe'],1,26.0,9.99,39,Card,4.0,False
101423,2025-10-03 15:04,Iași,18,['Shaorma medie'],1,24.0,7.99,21,Card,,False
101424,2025-10-03 15:22,Timisoara,3,['Focaccia'],1,18.0,9.99,26,Card,5.0,False
101425,2025-10-03 17:41,Cluj-Napoca,7,"['Supă Miso', 'Ceai verde', 'Noodles cu pui']",3,60.0,7.99,12,Card,4.0,False
101426,2025-10-03 18:00,București,8,"['Supă Miso', 'Noodles cu pui']",2,51.0,7.99,39,Cash,4.0,False
101427,2025-10-03 19:03,Cluj-Napoca,7,['Ceai verde'],1,9.0,9.99,30,Card,4.0,True
101428,2025-10-03 20:08,Cluj-Napoca,13,"['Bowl vegan', 'Apă plată']",2,45.0,9.99,28,Cash,,False
101429,2025-10-03 22:02,Brașov,6,"['Cola', 'Burger Clasic']",2,42.0,9.99,16,Cash,4.0,True
101430,2025-10-04 18:20,Cluj-Napoca,4,"['Milkshake', 'Onion rings', 'Cola']",3,39.0,12.99,14,Card,5.0,False
101431,2025-10-04 19:03,Cluj-Napoca,9,"['Supă Miso', 'Ceai verde']",2,24.0,7.99,41,Card,,False
101432,2025-10-04 19:34,București,18,"['Kebab la farfurie', 'Shaorma medie']",2,59.0,12.99,32,Cash,4.0,False
101433,2025-10-04 23:50,Cluj-Napoca,15,['Papanași'],1,24.0,9.99,19,Card,,False
101434,2025-10-05 14:52,Brașov,4,['Onion rings'],1,14.0,7.99,21,Cash,5.0,False
101435,2025-10-05 15:03,Bucuresti,4,"['Milkshake', 'Burger Clasic', 'Cartofi prăjiți']",3,63.0,9.99,25,Cash,4.0,False
101436,2025-10-05 15:20,București,11,"['Papanași', 'Sarmale cu mămăligă']",2,60.0,9.99,47,Card,,True
101437,2025-10-05 20:01,București,11,"['Șnițel cu piure', 'Papanași']",2,62.0,9.99,42,Card,,False
101438,2025-10-06 12:47,București,7,"['Pad Thai', 'Ceai verde']",2,50.0,9.99,41,Card,3.0,False
101439,2025-10-06 17:26,Cluj-Napoca,12,"['Ciorbă de burtă', 'Limonadă']",2,34.0,12.99,23,CARD,4.0,False
101440,2025-10-06 20:11,București,4,"['Cheeseburger', 'Onion rings']",2,51.0,12.99,30,Card,5.0,False
101441,2025-10-07 12:28,Brașov,5,['Cartofi prăjiți'],1,12.0,7.99,39,Card,4.0,False
101442,2025-10-07 12:59,București,10,"['Limonadă', 'Papanași']",2,36.0,9.99,40,Card,4.0,True
101443,2025-10-07 14:01,Timișoara,3,"['Tiramisu', 'Pizza Quattro Formaggi', 'Pizza Margherita']",3,93.0,9.99,25,Cash,5.0,False
101444,2025-10-07 22:23,București,13,"['Smoothie', 'Salată Caesar', 'Bowl vegan']",3,91.0,9.99,38,Cash,4.0,False
101445,2025-10-08 12:03,Brașov,12,['Sarmale cu mămăligă'],1,36.0,7.99,30,Cash,4.0,False
101446,2025-10-08 14:51,București,4,"['Milkshake', 'Onion rings', 'Burger BBQ']",3,73.0,7.99,32,Card,4.0,False
101447,2025-10-08 20:47,Cluj-Napoca,5,"['Milkshake', 'Cola', 'Cartofi prăjiți']",3,37.0,9.99,33,Card,,False
101448,2025-10-08 22:13,Timișoara,13,"['Wrap cu pui', 'Smoothie', 'Bowl vegan']",3,88.0,9.99,18,Card,,False
101449,2025-10-09 11:29,București,7,"['Noodles cu pui', 'Pad Thai']",2,77.0,7.99,51,Card,3.0,True
101450,2025-10-09 13:48,București,15,['Cafea'],1,10.0,7.99,34,card,4.0,False
101451,2025-10-09 15:54,București,12,"['Mici cu muștar (5 buc)', 'Sarmale cu mămăligă', 'Limonadă']",3,78.0,9.99,35,Cash,4.0,False
101452,2025-10-09 16:25,București,9,"['Noodles cu pui', 'California Roll', 'Pad Thai', 'Supă Miso']",4,130.0,0.0,41,Card,3.0,False
101453,2025-10-10 13:38,București,18,"['Shaorma mare', 'Shaorma medie']",2,53.0,7.99,47, Card,3.0,True
101454,2025-10-10 13:56,Iași,3,"['Pizza Diavola', 'Focaccia']",2,57.0,7.99,31,Card,4.0,True
101455,2025-10-10 19:05,București,3,"['Pizza Margherita', 'Pizza Quattro Formaggi', 'Pizza Diavola']",3,113.0,0.0,29,Card,5.0,False
101456,2025-10-10 20:41,București,15,"['Cafea', 'Cheesecake', 'Înghețată']",3,48.0,12.99,32,Card,,True
101457,2025-10-10 20:53,Cluj-Napoca,1,"['Focaccia', 'Pizza Quattro Formaggi']",2,60.0,12.99,37,CARD,3.0,True
101458,2025-10-10 21:30,București,12,"['Sarmale cu mămăligă', 'Mici cu muștar (5 buc)', 'Ciorbă de burtă']",3,88.0,7.99,36,Card,4.0,False
101459,2025-10-11 12:17,București,18,['Kebab la farfurie'],1,35.0,9.99,36,Cash,,False
101460,2025-10-11 12:36,Brașov,2,"['Tiramisu', 'Pizza Quattro Formaggi']",2,61.0,7.99,33,Cash,4.0,True
101461,2025-10-11 13:52,Brașov,17,['Cartofi prăjiți'],1,12.0,9.99,29,cash,5.0,False
101462,2025-10-11 17:23,Timișoara,4,"['Cheeseburger', 'Cola']",2,45.0,7.99,25,Cash,4.0,False
101463,2025-10-11 18:26,Iași,10,"['Papanași', 'Mici cu muștar (5 buc)']",2,54.0,7.99,22,Cash,5.0,False
101464,2025-10-11 19:16,București,15,['Waffle cu fructe'],1,26.0,9.99,47,Cash,3.0,False
101465,2025-10-11 19:54,București,18,"['Ayran', 'Shaorma mare', 'Falafel wrap']",3,61.0,7.99,38,Card,,False
101466,2025-10-11 20:01,București,12,['Șnițel cu piure'],1,38.0,9.99,38,Cash,4.0,False
101467,2025-10-11 20:10,Timișoara,12,['Limonadă'],1,12.0,9.99,27,Card,,False
101468,2025-10-11 21:33,Iași,1,"['Tiramisu', 'Pizza Capricciosa', 'Focaccia']",3,78.0,7.99,28,Card,4.0,False
101469,2025-10-12 13:49,Cluj-Napoca,18,"['Shaorma medie', 'Falafel wrap', 'Cartofi prăjiți', 'Ayran']",4,68.0,7.99,29,Card,5.0,False
101470,2025-10-12 16:11,Timișoara,2,"['Pizza Diavola', 'Cola']",2,47.0,9.99,20,Card,5.0,False
101471,2025-10-12 17:27,București,14,"['Bowl vegan', 'Bowl cu somon']",2,87.0,12.99,36,Card,4.0,False
101472,2025-10-12 20:57,Brașov,11,"['Papanași', 'Limonadă', 'Ciorbă de burtă']",3,58.0,12.99,32,Card,4.0,False
101473,2025-10-12 23:16,București,18,['Cartofi prăjiți'],1,12.0,12.99,41,Card,,False
101474,2025-10-13 15:14,Timișoara,6,"['Milkshake', 'Cheeseburger']",2,54.0,9.99,14,Card,,True
101475,2025-10-13 16:44,București,10,['Limonadă'],1,12.0,9.99,19,Card,4.0,False
101476,2025-10-13 19:20,BUCURESTI,15,['Papanași'],1,24.0,12.99,25,Card,4.0,False
101477,2025-10-13 23:20,București,15,"['Înghețată', 'Cheesecake', 'Clătite cu ciocolată']",3,59.0,7.99,26,Card,5.0,False
101478,2025-10-14 10:45,Cluj-Napoca,14,"['Salată Caesar', 'Apă plată', 'Bowl cu somon']",3,88.0,9.99,20,Card,,True
101479,2025-10-14 12:25,Iași,9,['Pad Thai'],1,41.0,9.99,31,Card,4.0,False
101480,2025-10-14 12:45,București,5,"['Cola', 'Onion rings']",2,22.0,9.99,55,Cash,3.0,False
101481,2025-10-14 20:17,Brașov,4,['Milkshake'],1,17.0,9.99,30,Cash,3.0,False
101482,2025-10-14 23:32,Iași,2,"['Cola', 'Pizza Capricciosa', 'Tiramisu', 'Pizza Quattro Formaggi']",4,110.0,0.0,24,Card,5.0,False
101483,2025-10-15 16:46,București,4,"['Milkshake', 'Burger BBQ']",2,59.0,9.99,28,Cash,4.0,False
101484,2025-10-15 19:21,Cluj-Napoca,8,"['Pad Thai', 'Noodles cu pui', 'Sushi Mix 16 buc']",3,142.0,0.0,29,Cash,5.0,False
101485,2025-10-15 21:04,Brașov,8,"['Supă Miso', 'Sushi Mix 16 buc', 'Noodles cu pui', 'Ceai verde']",4,125.0,0.0,33,Card,3.0,True
101486,2025-10-15 21:46,București,9,"['Noodles cu pui', 'California Roll', 'Pad Thai', 'Supă Miso']",4,130.0,0.0,44,Card,4.0,False
101487,2025-10-16 12:17,București,4,"['Cartofi prăjiți', 'Cola', 'Cheeseburger']",3,57.0,12.99,28,Cash,5.0,False
101488,2025-10-16 13:46,Cluj-Napoca,3,"['Pizza Diavola', 'Pizza Quattro Formaggi']",2,81.0,9.99,39,Card,4.0,False
101489,2025-10-16 14:44,București,3,"['Pizza Quattro Formaggi', 'Pizza Diavola']",2,81.0,9.99,30,Cash,,False
101490,2025-10-16 19:36,București,4,"['Burger BBQ', 'Onion rings', 'Cola']",3,64.0,7.99,29,Cash,,True
101491,2025-10-17 11:18,București,1,"['Tiramisu', 'Cola', 'Pizza Diavola']",3,66.0,12.99,31,Cash,3.0,False
101492,2025-10-17 13:00,București,2,"['Focaccia', 'Pizza Diavola']",2,57.0,9.99,44,Card,4.0,False
101493,2025-10-17 15:22,Brașov,3,"['Focaccia', 'Tiramisu']",2,37.0,9.99,24,Cash,5.0,True
101494,2025-10-17 19:06,București,12,['Papanași'],1,24.0,9.99,28,Card,5.0,False
101495,2025-10-17 21:44,Timișoara,4,"['Onion rings', 'Milkshake']",2,31.0,7.99,22,Card,5.0,False
101496,2025-10-18 13:39,București,1,"['Pizza Capricciosa', 'Focaccia', 'Tiramisu', 'Pizza Margherita']",4,110.0,0.0,27,Cash,5.0,False
101497,2025-10-18 14:26,București,11,"['Ciorbă de burtă', 'Sarmale cu mămăligă']",2,0,12.99,51,Card,4.0,False
101498,2025-10-18 15:21,Iași,11,"['Șnițel cu piure', 'Sarmale cu mămăligă']",2,74.0,9.99,26,Cash,5.0,False
101499,2025-10-18 18:06,București,12,"['Șnițel cu piure', 'Sarmale cu mămăligă']",2,74.0,9.99,38,Card,5.0,False
101500,2025-10-18 19:39,București,17,"['Cartofi prăjiți', 'Falafel wrap', 'Kebab la farfurie']",3,72.0,7.99,,Cash,4.0,False
101501,2025-10-18 21:58,București,14,"['Bowl vegan', 'Smoothie']",2,57.0,7.99,38,Card,5.0,True
101502,2025-10-19 13:16,Brașov,18,"['Shaorma medie', 'Shaorma mare']",2,53.0,9.99,40,Card,,False
101503,2025-10-19 15:52,Iași,11,['Mici cu muștar (5 buc)'],1,30.0,9.99,19,Card,5.0,False
101504,2025-10-19 18:34,Brașov,18,"['Shaorma medie', 'Shaorma mare', 'Kebab la farfurie']",3,88.0,9.99,19,Cash,5.0,False
101505,2025-10-19 19:06,București,17,"['Ayran', 'Falafel wrap', 'Kebab la farfurie']",3,67.0,9.99,47,Cash,,True
101506,2025-10-19 20:22,Iași,13,['Wrap cu pui'],1,31.0,7.99,24,Card,,False
101507,2025-10-19 22:05,Iași,5,"['Milkshake', 'Cartofi prăjiți']",2,29.0,9.99,30,Card,,False
101508,2025-10-19 22:49,Timișoara,4,['Burger Clasic'],1,34.0,7.99,12,Cash,5.0,False
101509,2025-10-20 12:48,București,10,"['Papanași', 'Șnițel cu piure']",2,62.0,9.99,42,Cash,5.0,False
101510,2025-10-20 15:16,București,3,['Pizza Capricciosa'],1,41.0,7.99,37,Card,,False
101511,2025-10-20 16:39,București,16,['Clătite cu ciocolată'],1,21.0,7.99,25,Card,4.0,True
101512,2025-10-20 20:20,Cluj-Napoca,9,['Sushi Mix 16 buc'],1,65.0,12.99,31,Card,5.0,False
101513,2025-10-20 21:41,Cluj-Napoca,8,"['Noodles cu pui', 'Ceai verde']",2,45.0,9.99,34,Card,,True
101514,2025-10-21 12:28,Cluj-Napoca,4,['Burger BBQ'],1,42.0,9.99,32,Card,,False
101515,2025-10-21 13:29,Cluj-Napoca,11,['Sarmale cu mămăligă'],1,36.0,7.99,34,Cash,3.0,False
101516,2025-10-21 15:53,Brașov,18,['Kebab la farfurie'],1,35.0,7.99,30, Card,5.0,False
101517,2025-10-21 19:07, București,1,['Tiramisu'],1,19.0,9.99,29,CARD,,False
101518,2025-10-21 19:53,București,2,"['Pizza Quattro Formaggi', 'Focaccia', 'Pizza Margherita']",3,92.0,12.99,34,Card,,False
101519,2025-10-22 13:33,București,3,"['Pizza Quattro Formaggi', 'Pizza Diavola', 'Focaccia']",3,99.0,7.99,36,Card,5.0,True
101520,2025-10-22 20:26,Brașov,18,['Ayran'],1,7.0,9.99,24,Card,5.0,True
101521,2025-10-22 22:41,București,2,"['Pizza Margherita', 'Tiramisu']",2,51.0,9.99,44,Card,4.0,False
101522,2025-10-23 12:51,București,9,"['Noodles cu pui', 'California Roll', 'Sushi Mix 16 buc']",3,139.0,0.0,37,Card,,False
101523,2025-10-23 16:42,București,8,['Pad Thai'],1,41.0,7.99,28,Card,5.0,True
101524,2025-10-23 16:42,Brașov,6,['Cola'],1,8.0,9.99,,Cash,4.0,False
101524,2025-10-23 16:42,Brașov,6,['Cola'],1,8.0,9.99,,Cash,4.0,False
101525,2025-10-23 16:45,Timișoara,4,"['Cola', 'Burger BBQ', 'Milkshake', 'Cheeseburger']",4,104.0,0.0,17,Card,5.0,False
101526,2025-10-23 16:48,Iași,17,"['Shaorma mare', 'Falafel wrap']",2,54.0,9.99,19,Cash,,True
101527,2025-10-23 23:10,Timișoara,11,"['Limonadă', 'Mici cu muștar (5 buc)']",2,42.0,7.99,33,Cash,,False
101528,2025-10-24 17:09,București,2,"['Pizza Quattro Formaggi', 'Focaccia', 'Pizza Margherita']",3,92.0,7.99,27,Card,5.0,True
101529,2025-10-24 17:41,Timișoara,1,"['Pizza Margherita', 'Pizza Diavola', 'Pizza Capricciosa']",3,112.0,0.0,25,Cash,5.0,False
101530,2025-10-24 18:36,Iași,2,['Pizza Diavola'],1,39.0,7.99,18,Card,5.0,False
101531,2025-10-24 19:05,Timișoara,17,['Ayran'],1,7.0,12.99,28,Cash,3.0,False
101532,2025-10-24 19:19,Cluj-Napoca,4,"['Burger Clasic', 'Milkshake', 'Burger BBQ']",3,93.0,12.99,33,Cash,4.0,True
101533,2025-10-24 19:49,București,7,['Supă Miso'],1,15.0,7.99,48,Card,,True
101534,2025-10-24 22:41,Timișoara,3,"['Tiramisu', 'Pizza Diavola']",2,58.0,7.99,21,Card,,False
101535,2025-10-25 11:37,Cluj-Napoca,5,"['Burger BBQ', 'Burger Clasic']",2,76.0,7.99,18,Card,,False
101536,2025-10-25 12:20,Iași,3,"['Pizza Margherita', 'Focaccia', 'Pizza Diavola']",3,89.0,9.99,34,Card,5.0,False
101537,2025-10-25 13:56,București,17,"['Cartofi prăjiți', 'Falafel wrap']",2,37.0,7.99,35,Card,4.0,False
101538,2025-10-25 18:00,Cluj-Napoca,4,['Cola'],1,8.0,9.99,12,Card,,False
101539,2025-10-25 18:17,Cluj-Napoca,14,"['Bowl vegan', 'Apă plată']",2,45.0,9.99,12, Card,3.0,True
101540,2025-10-25 19:04,Iași,10,"['Papanași', 'Sarmale cu mămăligă', 'Mici cu muștar (5 buc)']",3,90.0,9.99,42,Cash,,False
101541,2025-10-25 19:17,București,9,"['Supă Miso', 'Sushi Mix 16 buc']",2,80.0,7.99,35,Cash,,False
101542,2025-10-25 19:54,București,17,"['Kebab la farfurie', 'Cartofi prăjiți']",2,47.0,7.99,30,Card,4.0,False
101543,2025-10-25 21:00,Cluj-Napoca,14,"['Wrap cu pui', 'Smoothie', 'Apă plată', 'Salată Caesar']",4,89.0,9.99,35,Cash,4.0,False
101544,2025-10-25 22:31,București,17,"['Kebab la farfurie', 'Ayran']",2,42.0,12.99,32,Card,,False
101545,2025-10-26 12:35,Timișoara,18,"['Shaorma medie', 'Cartofi prăjiți', 'Kebab la farfurie']",3,71.0,7.99,24,Card,5.0,False
101546,2025-10-26 14:41,Iași,17,"['Kebab la farfurie', 'Falafel wrap']",2,60.0,12.99,20,Card,4.0,False
101547,2025-10-26 18:59,București,8,"['Noodles cu pui', 'Pad Thai', 'Supă Miso']",3,92.0,9.99,46,Cash,,False
101548,2025-10-26 20:10,Iași,16,"['Cafea', 'Înghețată', 'Cheesecake']",3,48.0,9.99,30,Card,,False
101549,2025-10-26 20:34,Timișoara,1,['Cola'],1,8.0,7.99,32,Card,,False
101550,2025-10-26 21:35,București,7,"['Pad Thai', 'California Roll']",2,79.0,12.99,40,Card,4.0,False
101551,2025-10-27 21:00,Brasov,6,"['Cartofi prăjiți', 'Burger Clasic', 'Milkshake']",3,63.0,9.99,31,Card,,False
101552,2025-10-28 12:29,Iași,17,['Ayran'],1,7.0,7.99,26,Cash,,False
101553,2025-10-28 18:18,București,3,['Tiramisu'],1,19.0,9.99,40,Cash,,True
101554,2025-10-28 19:00,Cluj-Napoca,3,"['Pizza Margherita', 'Pizza Diavola', 'Focaccia']",3,89.0,12.99,40,Cash,5.0,False
101555,2025-10-28 20:09,București,2,"['Focaccia', 'Pizza Quattro Formaggi', 'Tiramisu']",3,79.0,9.99,49,Card,,False
101556,2025-10-28 20:52,București,1,['Pizza Margherita'],1,32.0,7.99,43,Card,4.0,False
101557,2025-10-28 21:41,Cluj-Napoca,7,"['Noodles cu pui', 'California Roll', 'Supă Miso']",3,89.0,9.99,34,Cash,4.0,False
101558,2025-10-29 18:52,București,17,['Shaorma medie'],1,24.0,12.99,31,Card,5.0,False
101559,2025-10-30 15:50,București,17,"['Ayran', 'Shaorma mare']",2,36.0,7.99,23,Card,,False
101560,2025-10-30 20:43,București,11,"['Papanași', 'Mici cu muștar (5 buc)']",2,54.0,9.99,42,Card,4.0,False
101561,2025-10-31 12:22,Brașov,12,"['Sarmale cu mămăligă', 'Ciorbă de burtă']",2,58.0,7.99,33,Card,5.0,False
101562,2025-10-31 16:19,Timișoara,7,"['Ceai verde', 'Supă Miso']",2,24.0,9.99,28,Card,4.0,False
101563,2025-10-31 18:11,București,3,"['Pizza Margherita', 'Pizza Quattro Formaggi']",2,74.0,12.99,33,Cash,5.0,False
101564,2025-10-31 18:32,Timișoara,2,"['Focaccia', 'Pizza Diavola']",2,57.0,7.99,18,Card,4.0,False
101565,2025-11-01 17:03,Brașov,7,"['California Roll', 'Ceai verde']",2,47.0,12.99,44,Card,,True
101566,2025-11-01 17:27,București,16,['Papanași'],1,24.0,7.99,29,Card,,True
101567,2025-11-01 18:14,București,14,"['Bowl cu somon', 'Bowl vegan', 'Apă plată']",3,93.0,9.99,26,Card,5.0,True
101568,2025-11-01 20:50,București,16,['Cafea'],1,10.0,7.99,51,Card,,False
101569,2025-11-02 11:48,București,14,"['Salată Caesar', 'Bowl vegan']",2,73.0,7.99,26,Cash,,False
101570,2025-11-02 13:03,Brașov,13,"['Bowl cu somon', 'Apă plată']",2,54.0,9.99,31,Cash,5.0,False
101571,2025-11-02 14:50,Timișoara,1,"['Cola', 'Pizza Margherita']",2,40.0,9.99,22,Cash,4.0,False
101572,2025-11-02 16:09,Cluj-Napoca,17,['Shaorma medie'],1,24.0,9.99,21,Card,4.0,False
101573,2025-11-02 17:51,Iași,7,['Supă Miso'],1,15.0,12.99,27,Card,5.0,False
101574,2025-11-02 18:58,Cluj-Napoca,1,"['Cola', 'Pizza Capricciosa', 'Tiramisu', 'Focaccia']",4,86.0,7.99,34,Card,,False
101575,2025-11-02 19:52,Timișoara,3,['Tiramisu'],1,19.0,9.99,28,Card,,True
101576,2025-11-02 19:58,Timișoara,11,"['Sarmale cu mămăligă', 'Papanași', 'Mici cu muștar (5 buc)', 'Ciorbă de burtă']",4,112.0,0.0,26,Card,4.0,False
101577,2025-11-02 20:16,București,14,"['Bowl vegan', 'Smoothie']",2,57.0,9.99,43,Card,3.0,False
101578,2025-11-02 22:26,București,8,"['Supă Miso', 'Noodles cu pui']",2,51.0,9.99,38,Card,4.0,False
101579,2025-11-03 11:41,Iași,17,"['Kebab la farfurie', 'Falafel wrap']",2,60.0,7.99,33,Cash,5.0,False
101580,2025-11-03 12:54,Cluj-Napoca,9,"['Pad Thai', 'Ceai verde']",2,50.0,12.99,28,Card,5.0,False
101581,2025-11-03 16:04,Cluj-Napoca,17,"['Ayran', 'Shaorma medie']",2,31.0,7.99,29,Card,4.0,False
101582,2025-11-03 18:52,Brașov,6,['Onion rings'],1,14.0,9.99,34,Card,5.0,False
101583,2025-11-03 20:48,Cluj-Napoca,16,['Clătite cu ciocolată'],1,21.0,12.99,33,Cash,4.0,False
101584,2025-11-03 23:59,Brașov,3,['Pizza Diavola'],1,39.0,12.99,28,Card,4.0,False
101585,2025-11-04 15:12,București,14,"['Wrap cu pui', 'Bowl cu somon', 'Smoothie']",3,97.0,7.99,35,Card,,False
101586,2025-11-04 17:01,București,6,"['Cola', 'Burger Clasic']",2,42.0,7.99,37,Cash,5.0,False
101587,2025-11-04 19:13,București,5,"['Onion rings', 'Milkshake', 'Burger Clasic']",3,65.0,7.99,44,Cash,,False
101588,2025-11-04 21:04,București,17,['Shaorma medie'],1,24.0,9.99,42,Card,4.0,False
101589,2025-11-05 11:50,București,18,"['Shaorma mare', 'Ayran']",2,36.0,12.99,37,Card,,True
101590,2025-11-05 12:52,București,3,"['Pizza Quattro Formaggi', 'Pizza Margherita', 'Cola']",3,82.0,9.99,56,Card,,False
101591,2025-11-05 13:23,Cluj-Napoca,12,"['Limonadă', 'Papanași']",2,36.0,12.99,12,Card,,False
101592,2025-11-06 13:14,București,17,['Shaorma medie'],1,24.0,7.99,50,Card,,False
101593,2025-11-06 13:31,București,18,"['Falafel wrap', 'Ayran']",2,32.0,12.99,53,Cash,4.0,False
101594,2025-11-06 13:35,Timișoara,3,['Pizza Capricciosa'],1,41.0,7.99,36,Card,4.0,False
101595,2025-11-06 14:56,București,8,"['Pad Thai', 'Sushi Mix 16 buc']",2,106.0,0.0,43,Card,,False
101596,2025-11-06 17:21,București,10,['Mici cu muștar (5 buc)'],1,30.0,7.99,31,Card,3.0,False
101597,2025-11-06 18:53,Cluj-Napoca,9,['Ceai verde'],1,9.0,12.99,23,Card,5.0,False
101598,2025-11-06 19:07,București,14,"['Bowl vegan', 'Wrap cu pui']",2,70.0,12.99,50,Card,3.0,False
101599,2025-11-06 20:29,Brașov,17,['Falafel wrap'],1,25.0,9.99,40,Cash,3.0,False
101600,2025-11-07 10:44,București,17,['Shaorma mare'],1,29.0,7.99,36,Card,,True
101601,2025-11-07 12:05,Brașov,11,"['Limonadă', 'Ciorbă de burtă']",2,34.0,9.99,33,Card,5.0,True
101602,2025-11-07 12:38,Cluj-Napoca,16,['Waffle cu fructe'],1,26.0,9.99,28,Card,,False
101603,2025-11-07 12:42,Timișoara,6,"['Cartofi prăjiți', 'Milkshake']",2,29.0,12.99,31,Card,,False
101604,2025-11-07 15:44,București,9,"['Sushi Mix 16 buc', 'Ceai verde', 'Noodles cu pui']",3,110.0,0.0,36,Card,4.0,False
101605,2025-11-07 17:34,Timișoara,10,['Sarmale cu mămăligă'],1,36.0,9.99,29,Card,4.0,False
101606,2025-11-07 17:50,Iași,12,"['Papanași', 'Șnițel cu piure']",2,62.0,12.99,29,Card,4.0,False
101607,2025-11-07 18:26,București,7,['Supă Miso'],1,15.0,9.99,29,Card,,False
101608,2025-11-07 18:59,București,2,"['Tiramisu', 'Focaccia', 'Pizza Diavola']",3,76.0,7.99,33,Card,,False
101609,2025-11-07 20:45,București,18,['Falafel wrap'],1,25.0,7.99,40,Card,4.0,False
101610,2025-11-07 21:32,Timișoara,12,"['Papanași', 'Sarmale cu mămăligă', 'Limonadă']",3,72.0,12.99,41,Card,4.0,False
101611,2025-11-08 10:07,București,15,"['Waffle cu fructe', 'Cheesecake', 'Papanași']",3,73.0,9.99,25,Card,,False
101612,2025-11-08 12:08,Timișoara,8,"['Supă Miso', 'Noodles cu pui', 'California Roll']",3,89.0,9.99,36,Cash,,False
101613,2025-11-08 12:15, București,4,"['Milkshake', 'Onion rings']",2,31.0,7.99,44,Card,5.0,False
101614,2025-11-08 13:59,București,14,"['Salată Caesar', 'Wrap cu pui', 'Apă plată']",3,71.0,12.99,47,Cash,4.0,False
101614,2025-11-08 13:59,București,14,"['Salată Caesar', 'Wrap cu pui', 'Apă plată']",3,71.0,12.99,47,Cash,4.0,False
101615,2025-11-08 16:20,București,2,['Pizza Diavola'],1,39.0,9.99,27,Cash,4.0,False
101616,2025-11-08 22:54,București,5,['Burger BBQ'],1,42.0,9.99,28,CARD,5.0,True
101617,2025-11-09 14:10,București,15,['Înghețată'],1,15.0,9.99,41,Cash,,False
101618,2025-11-09 16:57,București,4,['Cartofi prăjiți'],1,12.0,9.99,32,Card,5.0,True
101619,2025-11-09 19:33,București,3,['Pizza Diavola'],1,39.0,9.99,37,Card,4.0,False
101620,2025-11-10 10:56,Iași,5,['Burger BBQ'],1,42.0,7.99,17,Card,,False
101621,2025-11-10 12:15,București,2,"['Pizza Diavola', 'Cola']",2,47.0,12.99,43,Card,4.0,False
101622,2025-11-10 12:16,Timișoara,4,"['Cola', 'Onion rings']",2,22.0,9.99,34,Card,,False
101623,2025-11-10 14:02,Brașov,18,"['Ayran', 'Cartofi prăjiți', 'Kebab la farfurie', 'Falafel wrap']",4,79.0,7.99,19,Cash,,False
101624,2025-11-10 19:24,București,18,"['Shaorma mare', 'Kebab la farfurie', 'Cartofi prăjiți']",3,76.0,7.99,35,Cash,,False
101625,2025-11-10 21:31,Brașov,5,"['Burger Clasic', 'Milkshake', 'Cola', 'Onion rings']",4,73.0,9.99,26,Card,5.0,False
101626,2025-11-10 22:04,Cluj-Napoca,2,"['Pizza Margherita', 'Focaccia', 'Pizza Diavola', 'Pizza Quattro Formaggi']",4,131.0,0.0,14,Card,5.0,False
101627,2025-11-11 11:29,București,18,"['Shaorma medie', 'Ayran', 'Shaorma mare']",3,60.0,9.99,38,Card,4.0,False
101628,2025-11-11 15:45,Iași,17,"['Shaorma medie', 'Ayran', 'Kebab la farfurie', 'Cartofi prăjiți']",4,78.0,12.99,22,Cash,,False
101629,2025-11-11 19:10,Cluj-Napoca,10,['Mici cu muștar (5 buc)'],1,30.0,7.99,29,Cash,5.0,False
101630,2025-11-11 20:26,București,6,['Cartofi prăjiți'],1,12.0,12.99,41,Card,3.0,True
101631,2025-11-11 20:42,Iași,7,['Ceai verde'],1,9.0,9.99,38,Cash,4.0,False
101632,2025-11-11 20:48,București,4,"['Cartofi prăjiți', 'Cheeseburger', 'Onion rings', 'Cola']",4,71.0,7.99,45,Card,4.0,False
101633,2025-11-11 21:20,Brașov,14,"['Salată Caesar', 'Apă plată', 'Bowl vegan', 'Wrap cu pui']",4,110.0,0.0,25,Card,5.0,False
101634,2025-11-11 22:24,București,17,"['Falafel wrap', 'Ayran']",2,32.0,7.99,35,Card,4.0,False
101635,2025-11-12 15:27,Iași,16,"['Cheesecake', 'Înghețată', 'Papanași']",3,62.0,9.99,26,Cash,,False
101636,2025-11-12 15:43,Brașov,5,"['Cartofi prăjiți', 'Burger BBQ', 'Onion rings']",3,68.0,7.99,29,Card,5.0,False
101637,2025-11-13 11:26,Iași,4,"['Burger BBQ', 'Cartofi prăjiți']",2,54.0,7.99,35,Card,,False
101638,2025-11-13 12:59,Cluj-Napoca,18,"['Ayran', 'Cartofi prăjiți']",2,19.0,9.99,19,Card,4.0,True
101639,2025-11-13 14:46,Cluj-Napoca,17,"['Cartofi prăjiți', 'Shaorma medie', 'Ayran', 'Falafel wrap']",4,68.0,7.99,23,Card,4.0,True
101640,2025-11-13 17:39,Brașov,3,"['Pizza Margherita', 'Cola']",2,40.0,12.99,28,Card,5.0,False
101641,2025-11-13 18:42,București,14,"['Salată Caesar', 'Smoothie']",2,52.0,7.99,27,Card,4.0,False
101642,2025-11-13 21:33,Timișoara,17,['Falafel wrap'],1,25.0,9.99,34,Card,3.0,True
101643,2025-11-13 22:42,București,7,['California Roll'],1,38.0,12.99,37,Card,4.0,False
101644,2025-11-14 13:08,Timișoara,4,"['Cheeseburger', 'Burger Clasic']",2,71.0,7.99,33,Cash,5.0,False
101645,2025-11-14 14:43,Brașov,6,['Cola'],1,8.0,12.99,31,Card,,True
101646,2025-11-14 15:40,Timișoara,13,['Apă plată'],1,6.0,12.99,17,Card,5.0,False
101647,2025-11-14 17:39,București,2,"['Pizza Quattro Formaggi', 'Tiramisu', 'Pizza Margherita', 'Focaccia']",4,111.0,0.0,38,Card,4.0,False
101648,2025-11-14 19:19,Brașov,6,"['Onion rings', 'Cola']",2,22.0,9.99,27, Card,,False
101649,2025-11-14 22:58,Cluj-Napoca,6,"['Cartofi prăjiți', 'Cheeseburger', 'Cola']",3,57.0,12.99,20,Card,5.0,False
101650,2025-11-14 23:31,Iași,16,"['Cheesecake', 'Papanași', 'Clătite cu ciocolată', 'Waffle cu fructe']",4,94.0,9.99,27,Cash,4.0,True
101651,2025-11-15 12:21,București,10,"['Mici cu muștar (5 buc)', 'Șnițel cu piure']",2,68.0,9.99,42,Card,,False
101652,2025-11-15 13:09,Iași,6,"['Onion rings', 'Cheeseburger']",2,51.0,9.99,29,Cash,5.0,True
101653,2025-11-15 15:36,Cluj-Napoca,4,"['Milkshake', 'Cheeseburger']",2,54.0,7.99,29,Cash,,False
101654,2025-11-15 17:01,Timișoara,9,"['Sushi Mix 16 buc', 'Pad Thai']",2,106.0,0.0,17,Card,,False
101655,2025-11-15 17:29,Timișoara,4,['Cartofi prăjiți'],1,12.0,12.99,22,Card,,False
101656,2025-11-15 20:20,București,10,"['Papanași', 'Ciorbă de burtă', 'Mici cu muștar (5 buc)']",3,76.0,9.99,36,Cash,4.0,False
101657,2025-11-15 20:40,Iași,5,"['Cheeseburger', 'Milkshake']",2,54.0,9.99,19,Cash,4.0,True
101658,2025-11-15 20:52,Iași,11,"['Ciorbă de burtă', 'Limonadă', 'Sarmale cu mămăligă']",3,70.0,9.99,30,Cash,4.0,False
101659,2025-11-15 23:53,București,18,"['Shaorma mare', 'Shaorma medie']",2,53.0,9.99,32,Card,3.0,False
101660,2025-11-16 18:56,București,4,"['Burger Clasic', 'Cartofi prăjiți', 'Cola', 'Onion rings']",4,68.0,7.99,37,Card,5.0,False
101661,2025-11-16 20:40,București,15,['Clătite cu ciocolată'],1,21.0,9.99,42,Card,5.0,False
101662,2025-11-16 21:37,București,17,"['Shaorma mare', 'Ayran', 'Falafel wrap', 'Shaorma medie']",4,85.0,7.99,32,Cash,,False
101663,2025-11-16 21:41,Iași,12,['Ciorbă de burtă'],1,22.0,12.99,32,Card,4.0,False
101664,2025-11-17 11:12,București,1,['Focaccia'],1,18.0,9.99,24,Card,5.0,True
101665,2025-11-17 13:28,București,3,"['Pizza Diavola', 'Pizza Quattro Formaggi']",2,81.0,9.99,49,Card,3.0,True
101665,2025-11-17 13:28,București,3,"['Pizza Diavola', 'Pizza Quattro Formaggi']",2,81.0,9.99,49,Card,3.0,True
101666,2025-11-17 18:54,Timișoara,12,"['Ciorbă de burtă', 'Mici cu muștar (5 buc)']",2,52.0,9.99,23,Card,4.0,False
101667,2025-11-17 19:54,Iași,12,"['Papanași', 'Sarmale cu mămăligă', 'Șnițel cu piure']",3,98.0,7.99,35,Card,4.0,False
101668,2025-11-17 19:54,Cluj-Napoca,10,"['Papanași', 'Ciorbă de burtă', 'Mici cu muștar (5 buc)']",3,76.0,7.99,38,Card,4.0,False
101669,2025-11-17 19:56,Timișoara,6,"['Milkshake', 'Onion rings']",2,31.0,9.99,32,Card,4.0,False
101670,2025-11-17 19:57,București,5,['Cola'],1,8.0,9.99,44,Cash,4.0,False
101671,2025-11-18 12:13,Timișoara,9,"['Noodles cu pui', 'California Roll']",2,74.0,9.99,37,Card,5.0,False
101672,2025-11-18 12:23,București,1,"['Pizza Capricciosa', 'Tiramisu', 'Pizza Diavola', 'Pizza Margherita']",4,131.0,0.0,43,Card,,True
101673,2025-11-18 12:48,Timișoara,5,"['Cartofi prăjiți', 'Milkshake']",2,29.0,7.99,29,Card,4.0,False
101674,2025-11-18 14:34,Iași,2,"['Pizza Quattro Formaggi', 'Pizza Capricciosa']",2,83.0,9.99,25,Card,,False
101675,2025-11-18 18:55,Cluj-Napoca,10,"['Ciorbă de burtă', 'Papanași']",2,46.0,7.99,31,Card,5.0,False
101676,2025-11-18 19:49,București,11,"['Șnițel cu piure', 'Sarmale cu mămăligă']",2,74.0,7.99,46,Card,3.0,False
101677,2025-11-18 20:46,București,13,"['Bowl cu somon', 'Apă plată']",2,54.0,7.99,52,Cash,3.0,False
101678,2025-11-19 12:25,București,3,['Tiramisu'],1,19.0,9.99,48,Card,4.0,False
101679,2025-11-19 13:20,Timișoara,18,"['Falafel wrap', 'Shaorma medie', 'Cartofi prăjiți']",3,61.0,9.99,30,Card,,False
101680,2025-11-19 14:08,Brașov,1,"['Cola', 'Pizza Quattro Formaggi']",2,50.0,7.99,22,Card,5.0,True
101680,2025-11-19 14:08,Brașov,1,"['Cola', 'Pizza Quattro Formaggi']",2,50.0,7.99,22,Card,5.0,True
101681,2025-11-19 16:49,Brașov,9,"['California Roll', 'Pad Thai']",2,79.0,7.99,37,Card,5.0,False
101682,2025-11-19 19:12,București,1,"['Tiramisu', 'Pizza Diavola']",2,58.0,12.99,43,Card,5.0,False
101683,2025-11-19 19:31,Cluj-Napoca,2,"['Pizza Quattro Formaggi', 'Focaccia', 'Pizza Margherita']",3,92.0,7.99,28,Card,5.0,True
101684,2025-11-19 20:14,București,18,"['Cartofi prăjiți', 'Shaorma medie', 'Falafel wrap']",3,61.0,7.99,40,Card,4.0,False
101685,2025-11-19 20:37,Timișoara,16,['Clătite cu ciocolată'],1,21.0,7.99,29,Card,,True
101686,2025-11-20 14:17,Timișoara,13,['Apă plată'],1,6.0,7.99,12,Cash,,True
101687,2025-11-20 18:27,Timișoara,11,['Ciorbă de burtă'],1,22.0,7.99,30,Card,4.0,False
101688,2025-11-20 21:33,Cluj-Napoca,8,['Noodles cu pui'],1,36.0,12.99,39,Card,4.0,False
101689,2025-11-21 11:06,București,10,['Papanași'],1,24.0,7.99,34,Card,3.0,False
101690,2025-11-21 13:50, București,9,"['California Roll', 'Ceai verde', 'Noodles cu pui', 'Sushi Mix 16 buc']",4,148.0,0.0,33,Card,,True
101691,2025-11-21 14:49,Cluj-Napoca,1,"['Pizza Quattro Formaggi', 'Tiramisu', 'Pizza Capricciosa']",3,102.0,0.0,35,Cash,5.0,True
101692,2025-11-21 17:30,București,7,['Supă Miso'],1,15.0,7.99,22,Cash,5.0,False
101693,2025-11-21 18:11,Timișoara,17,['Shaorma medie'],1,24.0,9.99,32,Card,4.0,False
101694,2025-11-21 18:30,Iași,1,"['Pizza Quattro Formaggi', 'Focaccia']",2,60.0,9.99,23,Card,,False
101695,2025-11-21 20:08,București,5,['Onion rings'],1,14.0,9.99,39,Card,,False
101696,2025-11-21 20:31,București,17,"['Falafel wrap', 'Shaorma medie']",2,49.0,12.99,27,Cash,5.0,False
101697,2025-11-21 20:50,București,17,"['Cartofi prăjiți', 'Shaorma mare']",2,41.0,9.99,36,Card,5.0,False
101698,2025-11-21 20:54,București,7,"['Supă Miso', 'Ceai verde']",2,24.0,12.99,54,Card,4.0,False
101699,2025-11-21 20:54,București,4,"['Milkshake', 'Burger Clasic']",2,51.0,7.99,35,Card,,False
101700,2025-11-22 12:16,Iași,17,"['Shaorma mare', 'Cartofi prăjiți']",2,41.0,7.99,20,Cash,5.0,True
101701,2025-11-22 12:25,București,6,"['Cheeseburger', 'Burger Clasic']",2,71.0,12.99,51,Card,3.0,False
101702,2025-11-22 12:55,București,16,"['Waffle cu fructe', 'Cheesecake', 'Înghețată']",3,64.0,7.99,39,Card,5.0,True
101703,2025-11-22 14:59,București,2,"['Cola', 'Pizza Capricciosa', 'Pizza Quattro Formaggi']",3,91.0,9.99,23,Card,5.0,False
101704,2025-11-22 16:04,Timișoara,18,['Shaorma mare'],1,29.0,7.99,21,Card,5.0,False
101705,2025-11-22 18:34,București,9,"['Pad Thai', 'Ceai verde']",2,50.0,7.99,32,Card,,True
101706,2025-11-22 19:01,București,16,['Cafea'],1,10.0,9.99,30,Card,4.0,False
101707,2025-11-22 19:13,Brașov,14,"['Bowl cu somon', 'Salată Caesar', 'Smoothie']",3,100.0,0.0,36,Cash,,False
101708,2025-11-22 19:36,Iași,4,['Milkshake'],1,17.0,7.99,26,Card,5.0,False
101709,2025-11-22 19:54,Cluj-Napoca,3,"['Pizza Diavola', 'Focaccia', 'Pizza Capricciosa', 'Tiramisu']",4,117.0,0.0,18,Cash,3.0,False
101710,2025-11-22 20:36,București,10,"['Papanași', 'Limonadă']",2,-45.0,7.99,44,Card,,False
101711,2025-11-22 21:43,Cluj-Napoca,6,['Cheeseburger'],1,37.0,9.99,21,Card,4.0,False
101712,2025-11-22 21:48,timișoara,2,['Cola'],1,8.0,9.99,29,Cash,,True
101713,2025-11-23 11:17,București,1,['Cola'],1,8.0,7.99,32,Cash,5.0,False
101714,2025-11-23 11:32,Cluj-Napoca,8,"['Supă Miso', 'Sushi Mix 16 buc']",2,80.0,7.99,23,Cash,,False
101715,2025-11-23 13:09,București,1,"['Tiramisu', 'Pizza Capricciosa']",2,60.0,12.99,36,Cash,,False
101716,2025-11-23 18:54,Brașov,10,"['Șnițel cu piure', 'Papanași']",2,62.0,12.99,23,Card,5.0,False
101717,2025-11-23 19:46,Cluj-Napoca,16,"['Cheesecake', 'Înghețată']",2,38.0,7.99,17,Card,5.0,False
101718,2025-11-23 20:27,București,7,"['Supă Miso', 'California Roll', 'Ceai verde']",3,62.0,7.99,44,Cash,,False
101719,2025-11-23 20:57,Cluj,16,['Cafea'],1,10.0,7.99,24,Card,4.0,True
101720,2025-11-23 21:50,București,15,"['Înghețată', 'Waffle cu fructe', 'Clătite cu ciocolată']",3,62.0,9.99,47,Card,4.0,False
101721,2025-11-24 12:44, București,8,['California Roll'],1,38.0,9.99,36,Card,,False
101722,2025-11-24 21:33,București,11,['Sarmale cu mămăligă'],1,36.0,9.99,49,Card,4.0,False
101723,2025-11-25 13:01,Cluj-Napoca,1,"['Pizza Quattro Formaggi', 'Pizza Diavola']",2,81.0,9.99,30,Card,4.0,False
101724,2025-11-25 13:53,Cluj,2,['Pizza Margherita'],1,32.0,9.99,25,Card,3.0,False
101725,2025-11-25 14:51,Timișoara,17,"['Falafel wrap', 'Cartofi prăjiți']",2,37.0,12.99,12,Card,5.0,False
101726,2025-11-25 15:49,București,17,['Shaorma mare'],1,29.0,7.99,25,Cash,,False
101727,2025-11-25 17:39,Timișoara,13,"['Bowl cu somon', 'Apă plată', 'Bowl vegan']",3,93.0,7.99,20,Card,4.0,False
101728,2025-11-26 11:03,București,17,"['Shaorma medie', 'Kebab la farfurie']",2,59.0,7.99,33,Cash,,False
101729,2025-11-26 14:05,București,5,"['Burger BBQ', 'Cheeseburger']",2,79.0,9.99,49,Cash,4.0,False
101730,2025-11-26 14:11,București,7,"['Sushi Mix 16 buc', 'Ceai verde', 'Noodles cu pui']",3,110.0,0.0,31,Card,4.0,False
101731,2025-11-27 12:04,Timișoara,4,['Cartofi prăjiți'],1,12.0,7.99,27,Card,4.0,False
101732,2025-11-27 12:14,Iași,2,"['Pizza Capricciosa', 'Tiramisu', 'Pizza Diavola']",3,99.0,7.99,44,Cash,,False
101733,2025-11-27 18:18,Timișoara,11,"['Limonadă', 'Ciorbă de burtă', 'Șnițel cu piure', 'Sarmale cu mămăligă']",4,108.0,0.0,12,Card,,True
101734,2025-11-27 20:42,București,14,"['Salată Caesar', 'Wrap cu pui', 'Bowl vegan', 'Bowl cu somon']",4,152.0,0.0,37,Card,,True
101735,2025-11-28 13:12,Timișoara,6,"['Cartofi prăjiți', 'Burger Clasic', 'Burger BBQ']",3,88.0,9.99,31,Card,,False
101736,2025-11-28 14:27,Cluj-Napoca,12,"['Sarmale cu mămăligă', 'Ciorbă de burtă', 'Mici cu muștar (5 buc)']",3,88.0,12.99,37,Cash,,False
101737,2025-11-28 15:26,Timișoara,11,"['Mici cu muștar (5 buc)', 'Limonadă']",2,42.0,7.99,36,Card,5.0,False
101738,2025-11-28 19:12,Cluj-Napoca,3,"['Pizza Capricciosa', 'Pizza Margherita']",2,73.0,12.99,34,Cash,4.0,True
101739,2025-11-28 19:25,București,10,"['Papanași', 'Șnițel cu piure']",2,62.0,7.99,37,Cash,4.0,True
101740,2025-11-28 19:44,București,1,"['Tiramisu', 'Pizza Diavola']",2,58.0,12.99,45,Card,4.0,False
101741,2025-11-28 20:05,Timișoara,4,"['Milkshake', 'Onion rings', 'Burger BBQ']",3,73.0,9.99,32,Cash,4.0,False
101742,2025-11-28 21:32,București,9,"['Pad Thai', 'California Roll']",2,79.0,12.99,55,Cash,,False
101743,2025-11-28 22:25,București,3,"['Focaccia', 'Pizza Quattro Formaggi']",2,60.0,7.99,31,Card,5.0,False
101744,2025-11-29 13:08,Brașov,1,"['Cola', 'Focaccia', 'Pizza Quattro Formaggi']",3,68.0,12.99,23,Card,5.0,True
101745,2025-11-29 16:28,București,12,"['Mici cu muștar (5 buc)', 'Sarmale cu mămăligă', 'Papanași', 'Șnițel cu piure']",4,128.0,0.0,35,Card,,False
101746,2025-11-29 17:56,Cluj-Napoca,5,['Burger BBQ'],1,42.0,9.99,19,Cash,4.0,False
101747,2025-11-29 18:06,București,18,"['Falafel wrap', 'Shaorma medie']",2,49.0,7.99,25,Card,5.0,False
101748,2025-11-29 18:22,Brașov,3,"['Focaccia', 'Tiramisu', 'Pizza Margherita', 'Cola']",4,77.0,9.99,24,Card,4.0,False
101749,2025-11-29 19:10,București,4,"['Milkshake', 'Onion rings']",2,31.0,9.99,46,Card,4.0,True
101750,2025-11-29 21:56,Iași,13,"['Smoothie', 'Salată Caesar']",2,52.0,7.99,26,Cash,5.0,False
101751,2025-11-29 23:06,București,8,['Noodles cu pui'],1,36.0,9.99,25,Cash,,False
101752,2025-11-30 13:33,București,7,"['California Roll', 'Pad Thai', 'Noodles cu pui', 'Ceai verde']",4,124.0,0.0,43,Card,3.0,False
101753,2025-11-30 19:34,București,13,"['Bowl vegan', 'Salată Caesar', 'Smoothie']",3,91.0,7.99,37,Card,5.0,False
101754,2025-11-30 20:00,Cluj-Napoca,10,"['Limonadă', 'Ciorbă de burtă', 'Mici cu muștar (5 buc)']",3,64.0,7.99,31,Card,4.0,False
101755,2025-11-30 20:23,Timișoara,4,"['Burger BBQ', 'Cola']",2,50.0,7.99,25,Cash,4.0,True
101756,2025-11-30 20:38,bucurești,5,"['Cheeseburger', 'Onion rings']",2,51.0,9.99,46,Cash,3.0,False
101757,2025-11-30 20:43,Brașov,9,['Ceai verde'],1,9.0,9.99,35,Card,4.0,False
101758,2025-11-30 20:56,București,2,"['Tiramisu', 'Focaccia']",2,37.0,7.99,37,Card,,False
101759,2025-11-30 22:16,București,16,"['Waffle cu fructe', 'Cafea']",2,36.0,7.99,44,Card,3.0,False
101760,2025-12-01 16:00,Cluj-Napoca,7,"['Pad Thai', 'Supă Miso']",2,56.0,9.99,23,Card,,False
101761,2025-12-01 16:29,Brașov,12,"['Ciorbă de burtă', 'Limonadă']",2,34.0,9.99,29,Cash,,False
101762,2025-12-01 18:25,București,4,"['Cheeseburger', 'Milkshake']",2,54.0,9.99,31,Card,4.0,False
101763,2025-12-02 14:46,Iași,10,"['Papanași', 'Ciorbă de burtă']",2,46.0,12.99,24,Card,4.0,False
101764,2025-12-02 20:22,Iași,6,['Cola'],1,8.0,12.99,41,Card,4.0,False
101765,2025-12-02 21:21,Iași,2,"['Cola', 'Pizza Capricciosa']",2,49.0,9.99,15,Cash,4.0,False
101766,2025-12-03 13:09,Brașov,8,"['Supă Miso', 'Pad Thai', 'California Roll']",3,94.0,9.99,21,Card,,True
101767,2025-12-03 18:26,București,5,"['Milkshake', 'Burger BBQ']",2,59.0,7.99,27,Card,4.0,False
101768,2025-12-03 19:01,Timișoara,17,['Ayran'],1,7.0,7.99,35,Card,4.0,False
101769,2025-12-03 19:07,Timișoara,7,"['Ceai verde', 'Noodles cu pui']",2,45.0,7.99,41,Card,,False
101770,2025-12-03 20:10,Timișoara,9,"['Noodles cu pui', 'California Roll']",2,74.0,7.99,42,Cash,3.0,False
101771,2025-12-03 22:45,Cluj-Napoca,13,"['Salată Caesar', 'Bowl cu somon']",2,82.0,9.99,35,Cash,4.0,False
101772,2025-12-04 11:19,București,4,"['Onion rings', 'Burger BBQ', 'Milkshake', 'Cola']",4,81.0,12.99,34,Card,4.0,False
101773,2025-12-04 13:11,București,10,"['Sarmale cu mămăligă', 'Șnițel cu piure']",2,74.0,7.99,39,Card,,True
101774,2025-12-04 16:00,Timișoara,6,"['Cheeseburger', 'Burger BBQ']",2,79.0,12.99,17,Card,5.0,True
101775,2025-12-04 17:48,Cluj-Napoca,17,['Kebab la farfurie'],1,35.0,7.99,15,Cash,,True
101776,2025-12-04 21:03,Iași,2,"['Pizza Diavola', 'Focaccia', 'Pizza Margherita']",3,89.0,7.99,30,Cash,4.0,False
101777,2025-12-05 15:03,Timișoara,1,"['Pizza Capricciosa', 'Focaccia', 'Tiramisu']",3,78.0,12.99,29,Card,5.0,False
101778,2025-12-05 19:32,București,6,['Cartofi prăjiți'],1,12.0,7.99,32,Cash,,False
101779,2025-12-05 20:16,București,10,"['Mici cu muștar (5 buc)', 'Șnițel cu piure']",2,68.0,7.99,44,Cash,4.0,False
101780,2025-12-05 21:59,București,15,"['Clătite cu ciocolată', 'Cafea']",2,31.0,7.99,28,Card,5.0,False
101781,2025-12-06 13:53,Iași,10,['Mici cu muștar (5 buc)'],1,30.0,7.99,27,CARD,3.0,False
101782,2025-12-06 16:10,Cluj-Napoca,18,"['Kebab la farfurie', 'Ayran', 'Cartofi prăjiți']",3,54.0,7.99,24,Card,5.0,True
101783,2025-12-06 18:02,Cluj-Napoca,2,['Focaccia'],1,18.0,7.99,,Cash,4.0,False
101784,2025-12-06 19:35,București,13,"['Bowl cu somon', 'Apă plată', 'Salată Caesar']",3,88.0,7.99,51,Card,,True
101785,2025-12-06 20:10,Iași,9,"['Noodles cu pui', 'Sushi Mix 16 buc', 'California Roll', 'Supă Miso']",4,154.0,0.0,37,Cash,4.0,False
101786,2025-12-06 20:30,București,3,"['Focaccia', 'Tiramisu']",2,37.0,12.99,42,Card,3.0,False
101787,2025-12-06 21:26,Brașov,3,"['Pizza Quattro Formaggi', 'Pizza Margherita', 'Tiramisu']",3,93.0,7.99,,Card,5.0,False
101788,2025-12-07 13:34,Brașov,9,"['California Roll', 'Supă Miso', 'Pad Thai', 'Ceai verde']",4,103.0,0.0,44,Card,3.0,False
101789,2025-12-07 14:01,București,10,"['Mici cu muștar (5 buc)', 'Sarmale cu mămăligă', 'Ciorbă de burtă', 'Papanași']",4,112.0,0.0,30,CARD,5.0,True
101790,2025-12-07 14:16,Cluj-Napoca,13,['Bowl vegan'],1,39.0,12.99,27, Card,,False
101791,2025-12-07 15:22,Cluj-Napoca,11,"['Ciorbă de burtă', 'Șnițel cu piure']",2,60.0,7.99,30,Card,4.0,False
101792,2025-12-07 16:24,Timișoara,17,['Falafel wrap'],1,25.0,7.99,26,Card,4.0,False
101793,2025-12-07 17:09,București,7,"['California Roll', 'Sushi Mix 16 buc', 'Noodles cu pui']",3,139.0,0.0,,Card,,False
101794,2025-12-07 18:01,Cluj-Napoca,1,"['Pizza Diavola', 'Cola']",2,47.0,7.99,30,Cash,,True
101795,2025-12-07 21:37,Iași,10,"['Ciorbă de burtă', 'Mici cu muștar (5 buc)']",2,52.0,7.99,39,Card,5.0,False
101796,2025-12-07 22:23,Cluj-Napoca,5,['Cola'],1,8.0,12.99,25,Card,5.0,False
101797,2025-12-08 13:48,Cluj-Napoca,5,"['Burger Clasic', 'Cola', 'Burger BBQ']",3,84.0,7.99,30,Card,,False
101798,2025-12-08 14:06,București,4,"['Burger Clasic', 'Onion rings']",2,48.0,12.99,37,Card,,False
101799,2025-12-09 13:13,Iași,13,"['Bowl cu somon', 'Smoothie', 'Salată Caesar', 'Apă plată']",4,106.0,0.0,36,Card,,True
101800,2025-12-09 13:15,București,14,['Salată Caesar'],1,34.0,9.99,42,Card,4.0,False
101801,2025-12-09 19:47,Iași,12,"['Sarmale cu mămăligă', 'Șnițel cu piure', 'Papanași']",3,98.0,9.99,37,Card,,False
101802,2025-12-10 12:37,Cluj-Napoca,16,"['Cafea', 'Waffle cu fructe']",2,36.0,7.99,33,Card,4.0,False
101803,2025-12-10 13:07,Cluj-Napoca,4,['Burger BBQ'],1,42.0,7.99,35,Card,,False
101804,2025-12-10 13:28,București,9,"['Sushi Mix 16 buc', 'Ceai verde', 'California Roll']",3,112.0,0.0,50,Cash,5.0,False
101805,2025-12-10 14:12,București,14,"['Wrap cu pui', 'Bowl cu somon', 'Bowl vegan', 'Apă plată']",4,124.0,0.0,36,Cash,,True
101806,2025-12-10 14:52,Brașov,7,"['Pad Thai', 'Noodles cu pui', 'Ceai verde', 'California Roll']",4,124.0,0.0,24,Card,4.0,False
101807,2025-12-10 18:17,Timișoara,10,"['Limonadă', 'Sarmale cu mămăligă', 'Șnițel cu piure']",3,86.0,7.99,32,Card,,False
101808,2025-12-10 22:05,Brașov,18,"['Ayran', 'Shaorma mare']",2,36.0,7.99,18,Card,5.0,False
101809,2025-12-11 11:31,Cluj-Napoca,4,['Cheeseburger'],1,37.0,12.99,16,Card,4.0,False
101810,2025-12-11 13:44,Cluj-Napoca,16,['Clătite cu ciocolată'],1,21.0,7.99,17,Card,4.0,False
101811,2025-12-11 13:47,București,6,"['Cartofi prăjiți', 'Burger BBQ']",2,54.0,7.99,40,Card,,False
101812,2025-12-11 14:19,București,2,"['Pizza Capricciosa', 'Pizza Margherita', 'Tiramisu']",3,92.0,7.99,34,Cash,5.0,False
101813,2025-12-11 16:27,Cluj-Napoca,12,"['Mici cu muștar (5 buc)', 'Papanași', 'Șnițel cu piure']",3,92.0,12.99,28,Card,,False
101814,2025-12-11 18:36,Timișoara,4,"['Onion rings', 'Cartofi prăjiți', 'Cheeseburger', 'Milkshake']",4,80.0,12.99,15,Card,4.0,False
101815,2025-12-11 19:29,București,3,"['Pizza Quattro Formaggi', 'Pizza Diavola', 'Pizza Margherita', 'Pizza Capricciosa']",4,154.0,0.0,40,Cash,4.0,True
101816,2025-12-12 11:12,BUCURESTI,6,"['Burger Clasic', 'Burger BBQ']",2,76.0,7.99,29,Card,5.0,False
101817,2025-12-12 12:39,Timișoara,5,"['Milkshake', 'Burger BBQ', 'Cartofi prăjiți']",3,71.0,12.99,26,Cash,,True
101818,2025-12-12 16:06,București,2,"['Cola', 'Tiramisu', 'Pizza Margherita', 'Focaccia']",4,77.0,9.99,29,Card,,True
101819,2025-12-12 19:21,Cluj-Napoca,17,"['Shaorma medie', 'Falafel wrap']",2,49.0,9.99,38,Card,5.0,False
101820,2025-12-12 19:35,Iași,11,"['Papanași', 'Șnițel cu piure', 'Ciorbă de burtă', 'Limonadă']",4,96.0,12.99,29,Card,5.0,False
101821,2025-12-12 20:01,Iași,2,"['Tiramisu', 'Pizza Capricciosa']",2,60.0,7.99,31,Card,,False
101822,2025-12-12 20:40,Timișoara,14,"['Bowl vegan', 'Wrap cu pui']",2,70.0,7.99,45,Card,5.0,False
101823,2025-12-12 20:52,București,12,"['Mici cu muștar (5 buc)', 'Limonadă']",2,42.0,9.99,41,Cash,3.0,False
101824,2025-12-12 20:53,Timișoara,1,"['Pizza Quattro Formaggi', 'Pizza Capricciosa']",2,83.0,9.99,30,Cash,,False
101825,2025-12-12 22:32,București,10,"['Mici cu muștar (5 buc)', 'Limonadă']",2,42.0,9.99,32,CARD,,False
101826,2025-12-13 12:28,cluj-napoca,6,"['Burger Clasic', 'Cola']",2,42.0,12.99,49,Card,4.0,False
101827,2025-12-13 12:52,București,5,"['Burger BBQ', 'Cola', 'Burger Clasic', 'Cheeseburger']",4,121.0,0.0,36,Cash,5.0,False
101828,2025-12-13 13:58,Cluj-Napoca,12,"['Mici cu muștar (5 buc)', 'Papanași']",2,54.0,7.99,29,Card,5.0,False
101829,2025-12-13 14:41,Brașov,17,"['Falafel wrap', 'Shaorma mare']",2,54.0,9.99,22,Card,,True
101830,2025-12-13 15:10,București,12,"['Limonadă', 'Mici cu muștar (5 buc)', 'Papanași', 'Ciorbă de burtă']",4,88.0,9.99,25,Card,5.0,False
101831,2025-12-14 12:32,București,9,"['Noodles cu pui', 'Supă Miso', 'Pad Thai']",3,92.0,7.99,52,Cash,,False
101832,2025-12-14 15:12,Iași,6,"['Cola', 'Cartofi prăjiți']",2,20.0,9.99,14,Card,,True
101833,2025-12-14 16:20,București,8,"['Pad Thai', 'Ceai verde']",2,50.0,7.99,38,Card,3.0,False
101834,2025-12-14 18:38,București,9,"['Supă Miso', 'Sushi Mix 16 buc']",2,80.0,9.99,18,Card,,True
101835,2025-12-14 22:58,București,17,"['Falafel wrap', 'Kebab la farfurie', 'Shaorma mare', 'Cartofi prăjiți']",4,101.0,0.0,28,Card,4.0,False
101836,2025-12-15 12:49,Iași,9,"['Sushi Mix 16 buc', 'Noodles cu pui', 'Supă Miso']",3,116.0,0.0,45,Card,4.0,False
101837,2025-12-15 13:04,Iași,2,['Pizza Margherita'],1,32.0,7.99,13,Cash,5.0,False
101838,2025-12-15 15:43,București,17,"['Shaorma medie', 'Cartofi prăjiți', 'Shaorma mare']",3,65.0,9.99,23,Card,5.0,False
101839,2025-12-15 16:14,București,12,"['Ciorbă de burtă', 'Limonadă']",2,34.0,9.99,38,cash,,False
101840,2025-12-15 18:18,București,13,"['Apă plată', 'Bowl cu somon']",2,54.0,9.99,30,Cash,4.0,False
101841,2025-12-15 21:58,Cluj-Napoca,1,"['Pizza Margherita', 'Tiramisu']",2,51.0,12.99,29,Card,5.0,True
101842,2025-12-16 12:57,București,10,"['Ciorbă de burtă', 'Limonadă']",2,34.0,7.99,43,Cash,,False
101843,2025-12-16 14:17,Iași,9,['Sushi Mix 16 buc'],1,65.0,7.99,29,Card,4.0,False
101844,2025-12-16 19:11,București,9,"['California Roll', 'Pad Thai', 'Ceai verde']",3,88.0,7.99,41,Card,,False
101845,2025-12-16 20:03,Brașov,7,"['Supă Miso', 'Pad Thai']",2,56.0,9.99,29,Card,4.0,False
101846,2025-12-16 23:56,Cluj-Napoca,7,"['Pad Thai', 'Supă Miso', 'Sushi Mix 16 buc', 'Noodles cu pui']",4,157.0,0.0,21,Card,5.0,False
101847,2025-12-17 12:37,Cluj-Napoca,13,['Wrap cu pui'],1,31.0,7.99,35,Cash,4.0,False
101848,2025-12-17 18:27,Iași,1,"['Pizza Margherita', 'Pizza Quattro Formaggi', 'Cola']",3,82.0,9.99,23,Card,4.0,False
101849,2025-12-17 19:57,Cluj-Napoca,18,['Falafel wrap'],1,25.0,9.99,28,Card,5.0,True
101850,2025-12-18 12:46,Cluj-Napoca,7,['Sushi Mix 16 buc'],1,65.0,9.99,30, Card,5.0,False
101851,2025-12-18 13:51,Cluj-Napoca,10,"['Mici cu muștar (5 buc)', 'Sarmale cu mămăligă']",2,66.0,12.99,39,Cash,,False
101852,2025-12-18 16:10,București,11,['Șnițel cu piure'],1,38.0,7.99,27,Card,5.0,False
101853,2025-12-18 16:59,Cluj,4,"['Burger BBQ', 'Cola']",2,50.0,7.99,,Card,5.0,True
101854,2025-12-18 17:16,Brașov,17,['Shaorma mare'],1,29.0,7.99,17,Card,,True
101855,2025-12-18 19:33,București,10,"['Sarmale cu mămăligă', 'Ciorbă de burtă']",2,58.0,9.99,41,Card,,False
101856,2025-12-18 20:06,Brașov,17,['Shaorma mare'],1,29.0,7.99,40,Card,4.0,True
101857,2025-12-18 21:10,Brașov,3,"['Focaccia', 'Pizza Capricciosa']",2,59.0,7.99,44,Cash,,True
101858,2025-12-19 11:39,Bucuresti,8,"['Ceai verde', 'Supă Miso']",2,24.0,7.99,34,Card,,False
101859,2025-12-19 14:23,Brașov,6,['Onion rings'],1,14.0,7.99,23,Card,4.0,False
101860,2025-12-19 14:54,Timișoara,11,"['Limonadă', 'Șnițel cu piure']",2,50.0,7.99,19,Card,,True
101861,2025-12-19 15:18,București,6,"['Cheeseburger', 'Cartofi prăjiți', 'Burger BBQ']",3,91.0,7.99,25,Card,,False
101862,2025-12-19 19:23,Iași,8,"['Sushi Mix 16 buc', 'Noodles cu pui']",2,101.0,0.0,32,Card,,False
101863,2025-12-20 10:49,Cluj-Napoca,3,"['Pizza Margherita', 'Tiramisu']",2,51.0,9.99,12,Card,4.0,False
101864,2025-12-20 11:47,Cluj-Napoca,1,"['Focaccia', 'Pizza Diavola', 'Tiramisu']",3,76.0,9.99,29,Card,4.0,False
101865,2025-12-20 12:04,București,13,['Salată Caesar'],1,34.0,12.99,45,Cash,4.0,False
101866,2025-12-20 13:11,Timișoara,4,['Burger BBQ'],1,42.0,12.99,32,Card,4.0,False
101867,2025-12-20 13:37,București,7,"['Sushi Mix 16 buc', 'Noodles cu pui']",2,101.0,0.0,43,Card,,False
101868,2025-12-20 16:21,Brașov,13,"['Wrap cu pui', 'Salată Caesar']",2,65.0,12.99,12,Card,4.0,True
101869,2025-12-20 19:34,Iași,1,"['Pizza Capricciosa', 'Pizza Quattro Formaggi']",2,83.0,7.99,36,Card,3.0,False
101870,2025-12-20 19:54,București,1,"['Tiramisu', 'Pizza Capricciosa']",2,60.0,7.99,51,Cash,3.0,False
101871,2025-12-20 20:33,București,10,"['Mici cu muștar (5 buc)', 'Ciorbă de burtă', 'Papanași']",3,76.0,7.99,50,Card,4.0,False
101872,2025-12-20 21:41,București,18,"['Kebab la farfurie', 'Shaorma medie', 'Ayran']",3,66.0,7.99,38,Cash,4.0,False
101873,2025-12-21 12:52,București,3,['Pizza Margherita'],1,32.0,7.99,38,Card,4.0,False
101874,2025-12-21 13:19,București,12,['Șnițel cu piure'],1,38.0,7.99,,Card,5.0,True
101875,2025-12-21 13:20,BUCURESTI,11,"['Papanași', 'Limonadă', 'Mici cu muștar (5 buc)', 'Șnițel cu piure']",4,104.0,0.0,38,Card,5.0,False
101876,2025-12-21 14:08,București,6,"['Cola', 'Cheeseburger', 'Milkshake', 'Burger Clasic']",4,96.0,9.99,32,Card,4.0,False
101877,2025-12-21 15:25,București,3,"['Pizza Diavola', 'Pizza Quattro Formaggi']",2,81.0,9.99,33,Card,5.0,True
101878,2025-12-21 18:18,Timișoara,14,"['Bowl cu somon', 'Smoothie']",2,66.0,7.99,19,Card,5.0,False
101879,2025-12-21 18:51,Cluj-Napoca,1,"['Tiramisu', 'Cola']",2,27.0,7.99,26,Card,5.0,True
101880,2025-12-22 11:52,București,3,"['Tiramisu', 'Focaccia']",2,37.0,7.99,44,Card,4.0,True
101881,2025-12-22 12:21,Cluj-Napoca,16,"['Cafea', 'Înghețată', 'Papanași']",3,49.0,12.99,35,Cash,,False
101882,2025-12-22 12:43,Timișoara,8,"['Sushi Mix 16 buc', 'Supă Miso']",2,80.0,7.99,37,Card,5.0,False
101883,2025-12-22 15:28,Iași,2,"['Pizza Diavola', 'Tiramisu']",2,58.0,9.99,19,Cash,5.0,True
101884,2025-12-22 16:28,București,6,['Cheeseburger'],1,37.0,7.99,22,Card,5.0,False
101885,2025-12-22 21:37,Iași,13,"['Salată Caesar', 'Bowl vegan', 'Apă plată']",3,79.0,7.99,42,Card,5.0,False
101886,2025-12-22 22:26,Brașov,18,"['Cartofi prăjiți', 'Ayran', 'Shaorma medie', 'Shaorma mare']",4,72.0,12.99,25,Cash,4.0,False
101887,2025-12-23 14:15,București,13,['Bowl vegan'],1,39.0,9.99,41,Cash,,False
101888,2025-12-24 12:18,București,3,"['Pizza Margherita', 'Tiramisu']",2,51.0,9.99,35,Card,,False
101889,2025-12-24 13:11,Timișoara,3,"['Focaccia', 'Pizza Quattro Formaggi']",2,60.0,9.99,30,Card,,False
101890,2025-12-24 13:32,Cluj,3,"['Focaccia', 'Tiramisu', 'Pizza Quattro Formaggi', 'Cola']",4,87.0,12.99,25,Card,,True
101891,2025-12-24 14:38,București,13,"['Bowl vegan', 'Apă plată', 'Wrap cu pui', 'Smoothie']",4,94.0,9.99,28,Card,5.0,True
101892,2025-12-24 17:12,Iași,12,"['Ciorbă de burtă', 'Papanași', 'Mici cu muștar (5 buc)']",3,76.0,9.99,24,Card,,False
101893,2025-12-24 19:55,Iași,12,['Ciorbă de burtă'],1,22.0,12.99,44,Card,3.0,False
101894,2025-12-24 20:12,București,5,"['Cartofi prăjiți', 'Cheeseburger', 'Burger Clasic']",3,83.0,9.99,40,Card,4.0,True
101895,2025-12-24 20:29,Cluj-Napoca,8,"['Sushi Mix 16 buc', 'Noodles cu pui', 'Supă Miso', 'Pad Thai']",4,157.0,0.0,38,Card,4.0,False
101896,2025-12-25 11:43,București,9,"['Sushi Mix 16 buc', 'Ceai verde', 'Supă Miso', 'California Roll']",4,127.0,0.0,37,Card,,False
101897,2025-12-25 12:45,București,10,"['Limonadă', 'Sarmale cu mămăligă', 'Șnițel cu piure']",3,86.0,7.99,49,Card,,True
101898,2025-12-25 16:47,Iași,16,['Cafea'],1,10.0,7.99,19,Card,4.0,False
101899,2025-12-25 18:04,Brasov,4,"['Burger Clasic', 'Onion rings', 'Cola']",3,56.0,7.99,13,Cash,,False
101900,2025-12-25 18:21,Brașov,17,['Shaorma mare'],1,29.0,9.99,23,Cash,5.0,True
101901,2025-12-25 18:55,Iași,17,['Ayran'],1,7.0,9.99,21,Card,,False
101902,2025-12-25 19:01,Timișoara,16,"['Cafea', 'Înghețată']",2,25.0,9.99,43,Card,3.0,False
101903,2025-12-25 19:47,Iași,17,['Shaorma medie'],1,24.0,7.99,31,Card,,False
101904,2025-12-25 20:48,Brasov,10,"['Mici cu muștar (5 buc)', 'Ciorbă de burtă']",2,52.0,7.99,23,Card,4.0,False
101905,2025-12-26 15:19,București,12,['Papanași'],1,24.0,9.99,43,Card,,True
101906,2025-12-26 16:20,Cluj-Napoca,5,['Cola'],1,8.0,12.99,25,Card,5.0,False
101907,2025-12-26 16:39,București,6,"['Onion rings', 'Cheeseburger', 'Cola']",3,59.0,12.99,24,Card,,False
101908,2025-12-26 16:54,București,18,"['Shaorma mare', 'Falafel wrap']",2,54.0,7.99,27,Card,4.0,True
101909,2025-12-26 17:05,Brașov,1,"['Pizza Quattro Formaggi', 'Focaccia']",2,60.0,9.99,24,Cash,,False
101910,2025-12-26 19:52,Cluj-Napoca,17,"['Shaorma mare', 'Kebab la farfurie', 'Falafel wrap']",3,89.0,7.99,26,Card,4.0,False
101911,2025-12-26 20:39,Cluj-Napoca,15,"['Cheesecake', 'Înghețată']",2,38.0,7.99,30,Card,,False
101912,2025-12-26 21:34,Cluj-Napoca,2,['Tiramisu'],1,19.0,12.99,39,Card,4.0,True
101913,2025-12-27 13:27,București,3,['Pizza Diavola'],1,39.0,7.99,46,Card,,False
101914,2025-12-27 13:58,București,13,"['Salată Caesar', 'Smoothie']",2,52.0,9.99,33, Card,,False
101915,2025-12-27 20:36,Timișoara,11,['Limonadă'],1,12.0,9.99,38,Card,4.0,False
101915,2025-12-27 20:36,Timișoara,11,['Limonadă'],1,12.0,9.99,38,Card,4.0,False
101916,2025-12-27 21:38,Cluj-Napoca,18,"['Cartofi prăjiți', 'Kebab la farfurie']",2,47.0,12.99,31,Card,,False
101917,2025-12-27 21:45,Brașov,3,"['Pizza Diavola', 'Pizza Margherita', 'Focaccia']",3,89.0,9.99,25,Cash,,True
101918,2025-12-28 11:54,Brașov,2,"['Pizza Diavola', 'Pizza Capricciosa']",2,80.0,12.99,30,Cash,,False
101919,2025-12-28 13:11,Iași,13,"['Bowl vegan', 'Bowl cu somon']",2,87.0,9.99,58,Card,4.0,False
101920,2025-12-28 15:11,București,4,"['Cola', 'Milkshake']",2,25.0,12.99,22,Card,4.0,False
101921,2025-12-28 15:35,Brașov,12,"['Sarmale cu mămăligă', 'Șnițel cu piure']",2,74.0,7.99,22,Card,,True
101922,2025-12-28 19:16, București,1,"['Pizza Capricciosa', 'Pizza Diavola']",2,80.0,12.99,41,Card,3.0,False
101923,2025-12-28 20:33,Cluj-Napoca,4,"['Burger Clasic', 'Cola']",2,42.0,12.99,25,Card,,False
101924,2025-12-28 20:48,Timișoara,17,['Falafel wrap'],1,25.0,9.99,29,Card,5.0,True
101925,2025-12-28 21:04,Timișoara,3,"['Tiramisu', 'Focaccia']",2,37.0,7.99,27,Cash,,False
101926,2025-12-28 22:15,București,12,['Limonadă'],1,12.0,9.99,35,Card,5.0,False
101927,2025-12-29 13:09,Timișoara,5,['Milkshake'],1,17.0,9.99,35,Card,4.0,False
101928,2025-12-29 13:35,Cluj-Napoca,5,"['Onion rings', 'Milkshake', 'Cheeseburger']",3,68.0,7.99,28,Cash,,False
101929,2025-12-29 14:59,Cluj-Napoca,1,"['Pizza Diavola', 'Tiramisu']",2,58.0,7.99,20,Cash,4.0,False
101930,2025-12-29 15:34,Brașov,2,"['Pizza Diavola', 'Cola', 'Pizza Quattro Formaggi']",3,89.0,9.99,25,Card,,False
101931,2025-12-29 15:47,Iași,10,['Ciorbă de burtă'],1,22.0,7.99,28,Card,3.0,False
101932,2025-12-29 18:42,Cluj-Napoca,6,"['Onion rings', 'Cola']",2,22.0,9.99,17,Card,5.0,False
101933,2025-12-29 20:23,Cluj-Napoca,3,['Pizza Quattro Formaggi'],1,42.0,7.99,23,Card,5.0,False
101934,2025-12-29 21:10,București,7,"['Noodles cu pui', 'Supă Miso', 'Ceai verde']",3,60.0,9.99,45,Cash,5.0,False
101935,2025-12-30 11:05,București,12,['Limonadă'],1,12.0,9.99,38,Card,5.0,False
101936,2025-12-30 13:53,București,17,"['Falafel wrap', 'Shaorma mare']",2,54.0,7.99,43,Card,4.0,True
101937,2025-12-30 15:00,Cluj-Napoca,11,"['Ciorbă de burtă', 'Sarmale cu mămăligă', 'Limonadă']",3,70.0,7.99,38,Cash,5.0,False
101938,2025-12-30 17:16,Timișoara,6,['Onion rings'],1,14.0,7.99,19,cash,4.0,False
101939,2025-12-30 19:54,Iași,3,"['Focaccia', 'Pizza Quattro Formaggi', 'Tiramisu', 'Pizza Capricciosa']",4,120.0,0.0,27,Card,5.0,False
101940,2025-12-30 20:41,Timișoara,14,"['Smoothie', 'Apă plată']",2,24.0,7.99,26,Card,5.0,False
101941,2025-12-31 12:45,Timișoara,17,['Ayran'],1,7.0,7.99,29,Card,,False
101942,2025-12-31 13:18,Cluj-Napoca,17,"['Shaorma medie', 'Kebab la farfurie', 'Cartofi prăjiți']",3,71.0,12.99,34,Card,4.0,False
101943,2025-12-31 15:49,București,16,['Papanași'],1,24.0,7.99,21,Cash,4.0,False
101944,2025-12-31 16:01,București,3,"['Pizza Diavola', 'Pizza Quattro Formaggi']",2,81.0,7.99,29,Card,5.0,True
101945,2025-12-31 18:02,Iași,1,"['Pizza Diavola', 'Cola']",2,47.0,7.99,28,Card,4.0,False
101946,2025-12-31 18:40,Cluj-Napoca,6,"['Milkshake', 'Burger BBQ', 'Cola', 'Cheeseburger']",4,104.0,0.0,24,Cash,5.0,False
101947,2025-12-31 18:56,Iași,18,"['Ayran', 'Shaorma mare', 'Shaorma medie']",3,60.0,12.99,25,Card,5.0,False
101948,2025-12-31 19:04,Timișoara,10,"['Mici cu muștar (5 buc)', 'Sarmale cu mămăligă']",2,66.0,7.99,36,Card,5.0,False
101949,2025-12-31 19:45,București,11,"['Ciorbă de burtă', 'Limonadă']",2,34.0,9.99,41,Card,3.0,False
101950,2025-12-31 22:37,Iași,13,"['Bowl vegan', 'Apă plată']",2,45.0,9.99,20,Card,4.0,True
